"Any","Codi_Districte","Nom_Districte","Codi_Barri","Nom_Barri","Seccio_Censal","Tipus_Propulsio","Nombre"
2025,"01","Ciutat Vella","01","el Raval","001","Combustió Interna-Gasolina",294
2025,"01","Ciutat Vella","01","el Raval","001","Combustió Interna-Gasoil",227
2025,"01","Ciutat Vella","01","el Raval","001","Elèctrica",12
2025,"01","Ciutat Vella","01","el Raval","001","Híbrid",267
2025,"01","Ciutat Vella","01","el Raval","001","Altres",109
2025,"01","Ciutat Vella","01","el Raval","002","Combustió Interna-Gasolina",282
2025,"01","Ciutat Vella","01","el Raval","002","Combustió Interna-Gasoil",126
2025,"01","Ciutat Vella","01","el Raval","002","Elèctrica",2
2025,"01","Ciutat Vella","01","el Raval","002","Híbrid",16
2025,"01","Ciutat Vella","01","el Raval","002","Altres",4
2025,"01","Ciutat Vella","01","el Raval","002","No consta",1
2025,"01","Ciutat Vella","01","el Raval","003","Combustió Interna-Gasolina",469
2025,"01","Ciutat Vella","01","el Raval","003","Combustió Interna-Gasoil",260
2025,"01","Ciutat Vella","01","el Raval","003","Elèctrica",9
2025,"01","Ciutat Vella","01","el Raval","003","Híbrid",50
2025,"01","Ciutat Vella","01","el Raval","003","Altres",13
2025,"01","Ciutat Vella","01","el Raval","004","Combustió Interna-Gasolina",487
2025,"01","Ciutat Vella","01","el Raval","004","Combustió Interna-Gasoil",231
2025,"01","Ciutat Vella","01","el Raval","004","Elèctrica",10
2025,"01","Ciutat Vella","01","el Raval","004","Híbrid",51
2025,"01","Ciutat Vella","01","el Raval","004","Altres",15
2025,"01","Ciutat Vella","01","el Raval","004","No consta",1
2025,"01","Ciutat Vella","01","el Raval","005","Combustió Interna-Gasolina",447
2025,"01","Ciutat Vella","01","el Raval","005","Combustió Interna-Gasoil",183
2025,"01","Ciutat Vella","01","el Raval","005","Elèctrica",11
2025,"01","Ciutat Vella","01","el Raval","005","Híbrid",39
2025,"01","Ciutat Vella","01","el Raval","005","Altres",6
2025,"01","Ciutat Vella","01","el Raval","005","No consta",1
2025,"01","Ciutat Vella","01","el Raval","006","Combustió Interna-Gasolina",290
2025,"01","Ciutat Vella","01","el Raval","006","Combustió Interna-Gasoil",127
2025,"01","Ciutat Vella","01","el Raval","006","Elèctrica",2
2025,"01","Ciutat Vella","01","el Raval","006","Híbrid",20
2025,"01","Ciutat Vella","01","el Raval","006","Altres",3
2025,"01","Ciutat Vella","01","el Raval","006","No consta",1
2025,"01","Ciutat Vella","01","el Raval","007","Combustió Interna-Gasolina",290
2025,"01","Ciutat Vella","01","el Raval","007","Combustió Interna-Gasoil",173
2025,"01","Ciutat Vella","01","el Raval","007","Elèctrica",8
2025,"01","Ciutat Vella","01","el Raval","007","Híbrid",38
2025,"01","Ciutat Vella","01","el Raval","007","Altres",4
2025,"01","Ciutat Vella","01","el Raval","007","No consta",1
2025,"01","Ciutat Vella","01","el Raval","008","Combustió Interna-Gasolina",398
2025,"01","Ciutat Vella","01","el Raval","008","Combustió Interna-Gasoil",182
2025,"01","Ciutat Vella","01","el Raval","008","Elèctrica",4
2025,"01","Ciutat Vella","01","el Raval","008","Híbrid",57
2025,"01","Ciutat Vella","01","el Raval","008","Altres",6
2025,"01","Ciutat Vella","01","el Raval","008","No consta",1
2025,"01","Ciutat Vella","01","el Raval","009","Combustió Interna-Gasolina",307
2025,"01","Ciutat Vella","01","el Raval","009","Combustió Interna-Gasoil",177
2025,"01","Ciutat Vella","01","el Raval","009","Elèctrica",3
2025,"01","Ciutat Vella","01","el Raval","009","Híbrid",39
2025,"01","Ciutat Vella","01","el Raval","009","Altres",12
2025,"01","Ciutat Vella","01","el Raval","010","Combustió Interna-Gasolina",293
2025,"01","Ciutat Vella","01","el Raval","010","Combustió Interna-Gasoil",164
2025,"01","Ciutat Vella","01","el Raval","010","Elèctrica",4
2025,"01","Ciutat Vella","01","el Raval","010","Híbrid",28
2025,"01","Ciutat Vella","01","el Raval","010","Altres",6
2025,"01","Ciutat Vella","01","el Raval","011","Combustió Interna-Gasolina",417
2025,"01","Ciutat Vella","01","el Raval","011","Combustió Interna-Gasoil",215
2025,"01","Ciutat Vella","01","el Raval","011","Elèctrica",6
2025,"01","Ciutat Vella","01","el Raval","011","Híbrid",32
2025,"01","Ciutat Vella","01","el Raval","011","Altres",3
2025,"01","Ciutat Vella","01","el Raval","011","No consta",1
2025,"01","Ciutat Vella","01","el Raval","012","Combustió Interna-Gasolina",284
2025,"01","Ciutat Vella","01","el Raval","012","Combustió Interna-Gasoil",125
2025,"01","Ciutat Vella","01","el Raval","012","Elèctrica",4
2025,"01","Ciutat Vella","01","el Raval","012","Híbrid",24
2025,"01","Ciutat Vella","01","el Raval","012","Altres",9
2025,"01","Ciutat Vella","01","el Raval","013","Combustió Interna-Gasolina",193
2025,"01","Ciutat Vella","01","el Raval","013","Combustió Interna-Gasoil",83
2025,"01","Ciutat Vella","01","el Raval","013","Elèctrica",6
2025,"01","Ciutat Vella","01","el Raval","013","Híbrid",23
2025,"01","Ciutat Vella","01","el Raval","013","Altres",3
2025,"01","Ciutat Vella","01","el Raval","014","Combustió Interna-Gasolina",234
2025,"01","Ciutat Vella","01","el Raval","014","Combustió Interna-Gasoil",103
2025,"01","Ciutat Vella","01","el Raval","014","Elèctrica",5
2025,"01","Ciutat Vella","01","el Raval","014","Híbrid",16
2025,"01","Ciutat Vella","01","el Raval","014","Altres",4
2025,"01","Ciutat Vella","01","el Raval","015","Combustió Interna-Gasolina",281
2025,"01","Ciutat Vella","01","el Raval","015","Combustió Interna-Gasoil",138
2025,"01","Ciutat Vella","01","el Raval","015","Elèctrica",4
2025,"01","Ciutat Vella","01","el Raval","015","Híbrid",30
2025,"01","Ciutat Vella","01","el Raval","015","Altres",10
2025,"01","Ciutat Vella","01","el Raval","015","No consta",1
2025,"01","Ciutat Vella","01","el Raval","016","Combustió Interna-Gasolina",258
2025,"01","Ciutat Vella","01","el Raval","016","Combustió Interna-Gasoil",88
2025,"01","Ciutat Vella","01","el Raval","016","Elèctrica",4
2025,"01","Ciutat Vella","01","el Raval","016","Híbrid",18
2025,"01","Ciutat Vella","01","el Raval","016","Altres",3
2025,"01","Ciutat Vella","01","el Raval","016","No consta",1
2025,"01","Ciutat Vella","01","el Raval","017","Combustió Interna-Gasolina",335
2025,"01","Ciutat Vella","01","el Raval","017","Combustió Interna-Gasoil",102
2025,"01","Ciutat Vella","01","el Raval","017","Elèctrica",2
2025,"01","Ciutat Vella","01","el Raval","017","Híbrid",28
2025,"01","Ciutat Vella","01","el Raval","017","Altres",5
2025,"01","Ciutat Vella","01","el Raval","017","No consta",2
2025,"01","Ciutat Vella","01","el Raval","018","Combustió Interna-Gasolina",227
2025,"01","Ciutat Vella","01","el Raval","018","Combustió Interna-Gasoil",108
2025,"01","Ciutat Vella","01","el Raval","018","Elèctrica",41
2025,"01","Ciutat Vella","01","el Raval","018","Híbrid",17
2025,"01","Ciutat Vella","01","el Raval","018","Altres",5
2025,"01","Ciutat Vella","01","el Raval","019","Combustió Interna-Gasolina",398
2025,"01","Ciutat Vella","01","el Raval","019","Combustió Interna-Gasoil",208
2025,"01","Ciutat Vella","01","el Raval","019","Elèctrica",5
2025,"01","Ciutat Vella","01","el Raval","019","Híbrid",26
2025,"01","Ciutat Vella","01","el Raval","019","Altres",2
2025,"01","Ciutat Vella","01","el Raval","019","No consta",1
2025,"01","Ciutat Vella","01","el Raval","020","Combustió Interna-Gasolina",393
2025,"01","Ciutat Vella","01","el Raval","020","Combustió Interna-Gasoil",158
2025,"01","Ciutat Vella","01","el Raval","020","Elèctrica",17
2025,"01","Ciutat Vella","01","el Raval","020","Híbrid",36
2025,"01","Ciutat Vella","01","el Raval","020","Altres",8
2025,"01","Ciutat Vella","01","el Raval","021","Combustió Interna-Gasolina",482
2025,"01","Ciutat Vella","01","el Raval","021","Combustió Interna-Gasoil",191
2025,"01","Ciutat Vella","01","el Raval","021","Elèctrica",9
2025,"01","Ciutat Vella","01","el Raval","021","Híbrid",54
2025,"01","Ciutat Vella","01","el Raval","021","Altres",31
2025,"01","Ciutat Vella","02","el Barri Gòtic","022","Combustió Interna-Gasolina",356
2025,"01","Ciutat Vella","02","el Barri Gòtic","022","Combustió Interna-Gasoil",126
2025,"01","Ciutat Vella","02","el Barri Gòtic","022","Elèctrica",10
2025,"01","Ciutat Vella","02","el Barri Gòtic","022","Híbrid",30
2025,"01","Ciutat Vella","02","el Barri Gòtic","022","Altres",9
2025,"01","Ciutat Vella","02","el Barri Gòtic","022","No consta",1
2025,"01","Ciutat Vella","02","el Barri Gòtic","023","Combustió Interna-Gasolina",512
2025,"01","Ciutat Vella","02","el Barri Gòtic","023","Combustió Interna-Gasoil",238
2025,"01","Ciutat Vella","02","el Barri Gòtic","023","Elèctrica",11
2025,"01","Ciutat Vella","02","el Barri Gòtic","023","Híbrid",59
2025,"01","Ciutat Vella","02","el Barri Gòtic","023","Altres",7
2025,"01","Ciutat Vella","02","el Barri Gòtic","023","No consta",1
2025,"01","Ciutat Vella","02","el Barri Gòtic","025","Combustió Interna-Gasolina",1391
2025,"01","Ciutat Vella","02","el Barri Gòtic","025","Combustió Interna-Gasoil",1859
2025,"01","Ciutat Vella","02","el Barri Gòtic","025","Elèctrica",133
2025,"01","Ciutat Vella","02","el Barri Gòtic","025","Híbrid",267
2025,"01","Ciutat Vella","02","el Barri Gòtic","025","Altres",52
2025,"01","Ciutat Vella","02","el Barri Gòtic","025","No consta",1
2025,"01","Ciutat Vella","02","el Barri Gòtic","026","Combustió Interna-Gasolina",699
2025,"01","Ciutat Vella","02","el Barri Gòtic","026","Combustió Interna-Gasoil",505
2025,"01","Ciutat Vella","02","el Barri Gòtic","026","Elèctrica",28
2025,"01","Ciutat Vella","02","el Barri Gòtic","026","Híbrid",52
2025,"01","Ciutat Vella","02","el Barri Gòtic","026","Altres",11
2025,"01","Ciutat Vella","02","el Barri Gòtic","027","Combustió Interna-Gasolina",969
2025,"01","Ciutat Vella","02","el Barri Gòtic","027","Combustió Interna-Gasoil",741
2025,"01","Ciutat Vella","02","el Barri Gòtic","027","Elèctrica",20
2025,"01","Ciutat Vella","02","el Barri Gòtic","027","Híbrid",53
2025,"01","Ciutat Vella","02","el Barri Gòtic","027","Altres",16
2025,"01","Ciutat Vella","02","el Barri Gòtic","027","No consta",1
2025,"01","Ciutat Vella","02","el Barri Gòtic","028","Combustió Interna-Gasolina",382
2025,"01","Ciutat Vella","02","el Barri Gòtic","028","Combustió Interna-Gasoil",176
2025,"01","Ciutat Vella","02","el Barri Gòtic","028","Elèctrica",18
2025,"01","Ciutat Vella","02","el Barri Gòtic","028","Híbrid",27
2025,"01","Ciutat Vella","02","el Barri Gòtic","028","Altres",2
2025,"01","Ciutat Vella","02","el Barri Gòtic","029","Combustió Interna-Gasolina",303
2025,"01","Ciutat Vella","02","el Barri Gòtic","029","Combustió Interna-Gasoil",118
2025,"01","Ciutat Vella","02","el Barri Gòtic","029","Elèctrica",6
2025,"01","Ciutat Vella","02","el Barri Gòtic","029","Híbrid",22
2025,"01","Ciutat Vella","02","el Barri Gòtic","029","Altres",5
2025,"01","Ciutat Vella","02","el Barri Gòtic","029","No consta",1
2025,"01","Ciutat Vella","02","el Barri Gòtic","030","Combustió Interna-Gasolina",671
2025,"01","Ciutat Vella","02","el Barri Gòtic","030","Combustió Interna-Gasoil",247
2025,"01","Ciutat Vella","02","el Barri Gòtic","030","Elèctrica",58
2025,"01","Ciutat Vella","02","el Barri Gòtic","030","Híbrid",47
2025,"01","Ciutat Vella","02","el Barri Gòtic","030","Altres",60
2025,"01","Ciutat Vella","02","el Barri Gòtic","030","No consta",3
2025,"01","Ciutat Vella","02","el Barri Gòtic","031","Combustió Interna-Gasolina",412
2025,"01","Ciutat Vella","02","el Barri Gòtic","031","Combustió Interna-Gasoil",203
2025,"01","Ciutat Vella","02","el Barri Gòtic","031","Elèctrica",20
2025,"01","Ciutat Vella","02","el Barri Gòtic","031","Híbrid",19
2025,"01","Ciutat Vella","02","el Barri Gòtic","031","Altres",7
2025,"01","Ciutat Vella","03","la Barceloneta","032","Combustió Interna-Gasolina",2681
2025,"01","Ciutat Vella","03","la Barceloneta","032","Combustió Interna-Gasoil",272
2025,"01","Ciutat Vella","03","la Barceloneta","032","Elèctrica",2053
2025,"01","Ciutat Vella","03","la Barceloneta","032","Híbrid",133
2025,"01","Ciutat Vella","03","la Barceloneta","032","Altres",11
2025,"01","Ciutat Vella","03","la Barceloneta","033","Combustió Interna-Gasolina",296
2025,"01","Ciutat Vella","03","la Barceloneta","033","Combustió Interna-Gasoil",93
2025,"01","Ciutat Vella","03","la Barceloneta","033","Híbrid",18
2025,"01","Ciutat Vella","03","la Barceloneta","033","Altres",2
2025,"01","Ciutat Vella","03","la Barceloneta","034","Combustió Interna-Gasolina",226
2025,"01","Ciutat Vella","03","la Barceloneta","034","Combustió Interna-Gasoil",89
2025,"01","Ciutat Vella","03","la Barceloneta","034","Elèctrica",1
2025,"01","Ciutat Vella","03","la Barceloneta","034","Híbrid",14
2025,"01","Ciutat Vella","03","la Barceloneta","034","Altres",2
2025,"01","Ciutat Vella","03","la Barceloneta","035","Combustió Interna-Gasolina",303
2025,"01","Ciutat Vella","03","la Barceloneta","035","Combustió Interna-Gasoil",137
2025,"01","Ciutat Vella","03","la Barceloneta","035","Elèctrica",1
2025,"01","Ciutat Vella","03","la Barceloneta","035","Híbrid",22
2025,"01","Ciutat Vella","03","la Barceloneta","035","Altres",6
2025,"01","Ciutat Vella","03","la Barceloneta","036","Combustió Interna-Gasolina",323
2025,"01","Ciutat Vella","03","la Barceloneta","036","Combustió Interna-Gasoil",118
2025,"01","Ciutat Vella","03","la Barceloneta","036","Elèctrica",15
2025,"01","Ciutat Vella","03","la Barceloneta","036","Híbrid",26
2025,"01","Ciutat Vella","03","la Barceloneta","036","Altres",5
2025,"01","Ciutat Vella","03","la Barceloneta","037","Combustió Interna-Gasolina",339
2025,"01","Ciutat Vella","03","la Barceloneta","037","Combustió Interna-Gasoil",127
2025,"01","Ciutat Vella","03","la Barceloneta","037","Elèctrica",3
2025,"01","Ciutat Vella","03","la Barceloneta","037","Híbrid",21
2025,"01","Ciutat Vella","03","la Barceloneta","037","Altres",10
2025,"01","Ciutat Vella","03","la Barceloneta","037","No consta",1
2025,"01","Ciutat Vella","03","la Barceloneta","038","Combustió Interna-Gasolina",313
2025,"01","Ciutat Vella","03","la Barceloneta","038","Combustió Interna-Gasoil",113
2025,"01","Ciutat Vella","03","la Barceloneta","038","Elèctrica",6
2025,"01","Ciutat Vella","03","la Barceloneta","038","Híbrid",26
2025,"01","Ciutat Vella","03","la Barceloneta","038","Altres",13
2025,"01","Ciutat Vella","03","la Barceloneta","039","Combustió Interna-Gasolina",350
2025,"01","Ciutat Vella","03","la Barceloneta","039","Combustió Interna-Gasoil",131
2025,"01","Ciutat Vella","03","la Barceloneta","039","Elèctrica",5
2025,"01","Ciutat Vella","03","la Barceloneta","039","Híbrid",21
2025,"01","Ciutat Vella","03","la Barceloneta","039","Altres",4
2025,"01","Ciutat Vella","03","la Barceloneta","040","Combustió Interna-Gasolina",277
2025,"01","Ciutat Vella","03","la Barceloneta","040","Combustió Interna-Gasoil",103
2025,"01","Ciutat Vella","03","la Barceloneta","040","Elèctrica",2
2025,"01","Ciutat Vella","03","la Barceloneta","040","Híbrid",20
2025,"01","Ciutat Vella","03","la Barceloneta","040","Altres",6
2025,"01","Ciutat Vella","03","la Barceloneta","040","No consta",1
2025,"01","Ciutat Vella","03","la Barceloneta","041","Combustió Interna-Gasolina",383
2025,"01","Ciutat Vella","03","la Barceloneta","041","Combustió Interna-Gasoil",124
2025,"01","Ciutat Vella","03","la Barceloneta","041","Elèctrica",6
2025,"01","Ciutat Vella","03","la Barceloneta","041","Híbrid",20
2025,"01","Ciutat Vella","03","la Barceloneta","041","Altres",12
2025,"01","Ciutat Vella","03","la Barceloneta","041","No consta",1
2025,"01","Ciutat Vella","03","la Barceloneta","042","Combustió Interna-Gasolina",393
2025,"01","Ciutat Vella","03","la Barceloneta","042","Combustió Interna-Gasoil",188
2025,"01","Ciutat Vella","03","la Barceloneta","042","Elèctrica",7
2025,"01","Ciutat Vella","03","la Barceloneta","042","Híbrid",32
2025,"01","Ciutat Vella","03","la Barceloneta","042","Altres",12
2025,"01","Ciutat Vella","04","Sant Pere, Santa Caterina i la Ribera","043","Combustió Interna-Gasolina",2729
2025,"01","Ciutat Vella","04","Sant Pere, Santa Caterina i la Ribera","043","Combustió Interna-Gasoil",192
2025,"01","Ciutat Vella","04","Sant Pere, Santa Caterina i la Ribera","043","Elèctrica",3739
2025,"01","Ciutat Vella","04","Sant Pere, Santa Caterina i la Ribera","043","Híbrid",265
2025,"01","Ciutat Vella","04","Sant Pere, Santa Caterina i la Ribera","043","Altres",18
2025,"01","Ciutat Vella","04","Sant Pere, Santa Caterina i la Ribera","044","Combustió Interna-Gasolina",396
2025,"01","Ciutat Vella","04","Sant Pere, Santa Caterina i la Ribera","044","Combustió Interna-Gasoil",150
2025,"01","Ciutat Vella","04","Sant Pere, Santa Caterina i la Ribera","044","Elèctrica",12
2025,"01","Ciutat Vella","04","Sant Pere, Santa Caterina i la Ribera","044","Híbrid",26
2025,"01","Ciutat Vella","04","Sant Pere, Santa Caterina i la Ribera","044","Altres",3
2025,"01","Ciutat Vella","04","Sant Pere, Santa Caterina i la Ribera","045","Combustió Interna-Gasolina",400
2025,"01","Ciutat Vella","04","Sant Pere, Santa Caterina i la Ribera","045","Combustió Interna-Gasoil",166
2025,"01","Ciutat Vella","04","Sant Pere, Santa Caterina i la Ribera","045","Elèctrica",6
2025,"01","Ciutat Vella","04","Sant Pere, Santa Caterina i la Ribera","045","Híbrid",19
2025,"01","Ciutat Vella","04","Sant Pere, Santa Caterina i la Ribera","045","Altres",7
2025,"01","Ciutat Vella","04","Sant Pere, Santa Caterina i la Ribera","046","Combustió Interna-Gasolina",386
2025,"01","Ciutat Vella","04","Sant Pere, Santa Caterina i la Ribera","046","Combustió Interna-Gasoil",167
2025,"01","Ciutat Vella","04","Sant Pere, Santa Caterina i la Ribera","046","Elèctrica",7
2025,"01","Ciutat Vella","04","Sant Pere, Santa Caterina i la Ribera","046","Híbrid",27
2025,"01","Ciutat Vella","04","Sant Pere, Santa Caterina i la Ribera","046","Altres",5
2025,"01","Ciutat Vella","04","Sant Pere, Santa Caterina i la Ribera","046","No consta",2
2025,"01","Ciutat Vella","04","Sant Pere, Santa Caterina i la Ribera","047","Combustió Interna-Gasolina",357
2025,"01","Ciutat Vella","04","Sant Pere, Santa Caterina i la Ribera","047","Combustió Interna-Gasoil",123
2025,"01","Ciutat Vella","04","Sant Pere, Santa Caterina i la Ribera","047","Elèctrica",6
2025,"01","Ciutat Vella","04","Sant Pere, Santa Caterina i la Ribera","047","Híbrid",22
2025,"01","Ciutat Vella","04","Sant Pere, Santa Caterina i la Ribera","047","Altres",6
2025,"01","Ciutat Vella","04","Sant Pere, Santa Caterina i la Ribera","047","No consta",5
2025,"01","Ciutat Vella","04","Sant Pere, Santa Caterina i la Ribera","048","Combustió Interna-Gasolina",362
2025,"01","Ciutat Vella","04","Sant Pere, Santa Caterina i la Ribera","048","Combustió Interna-Gasoil",175
2025,"01","Ciutat Vella","04","Sant Pere, Santa Caterina i la Ribera","048","Elèctrica",5
2025,"01","Ciutat Vella","04","Sant Pere, Santa Caterina i la Ribera","048","Híbrid",35
2025,"01","Ciutat Vella","04","Sant Pere, Santa Caterina i la Ribera","048","Altres",5
2025,"01","Ciutat Vella","04","Sant Pere, Santa Caterina i la Ribera","049","Combustió Interna-Gasolina",306
2025,"01","Ciutat Vella","04","Sant Pere, Santa Caterina i la Ribera","049","Combustió Interna-Gasoil",105
2025,"01","Ciutat Vella","04","Sant Pere, Santa Caterina i la Ribera","049","Elèctrica",10
2025,"01","Ciutat Vella","04","Sant Pere, Santa Caterina i la Ribera","049","Híbrid",23
2025,"01","Ciutat Vella","04","Sant Pere, Santa Caterina i la Ribera","049","Altres",6
2025,"01","Ciutat Vella","04","Sant Pere, Santa Caterina i la Ribera","050","Combustió Interna-Gasolina",279
2025,"01","Ciutat Vella","04","Sant Pere, Santa Caterina i la Ribera","050","Combustió Interna-Gasoil",117
2025,"01","Ciutat Vella","04","Sant Pere, Santa Caterina i la Ribera","050","Elèctrica",7
2025,"01","Ciutat Vella","04","Sant Pere, Santa Caterina i la Ribera","050","Híbrid",22
2025,"01","Ciutat Vella","04","Sant Pere, Santa Caterina i la Ribera","050","Altres",3
2025,"01","Ciutat Vella","04","Sant Pere, Santa Caterina i la Ribera","051","Combustió Interna-Gasolina",283
2025,"01","Ciutat Vella","04","Sant Pere, Santa Caterina i la Ribera","051","Combustió Interna-Gasoil",116
2025,"01","Ciutat Vella","04","Sant Pere, Santa Caterina i la Ribera","051","Elèctrica",5
2025,"01","Ciutat Vella","04","Sant Pere, Santa Caterina i la Ribera","051","Híbrid",29
2025,"01","Ciutat Vella","04","Sant Pere, Santa Caterina i la Ribera","051","Altres",6
2025,"01","Ciutat Vella","04","Sant Pere, Santa Caterina i la Ribera","051","No consta",8
2025,"01","Ciutat Vella","04","Sant Pere, Santa Caterina i la Ribera","052","Combustió Interna-Gasolina",620
2025,"01","Ciutat Vella","04","Sant Pere, Santa Caterina i la Ribera","052","Combustió Interna-Gasoil",273
2025,"01","Ciutat Vella","04","Sant Pere, Santa Caterina i la Ribera","052","Elèctrica",25
2025,"01","Ciutat Vella","04","Sant Pere, Santa Caterina i la Ribera","052","Híbrid",60
2025,"01","Ciutat Vella","04","Sant Pere, Santa Caterina i la Ribera","052","Altres",11
2025,"01","Ciutat Vella","04","Sant Pere, Santa Caterina i la Ribera","052","No consta",4
2025,"01","Ciutat Vella","04","Sant Pere, Santa Caterina i la Ribera","053","Combustió Interna-Gasolina",351
2025,"01","Ciutat Vella","04","Sant Pere, Santa Caterina i la Ribera","053","Combustió Interna-Gasoil",180
2025,"01","Ciutat Vella","04","Sant Pere, Santa Caterina i la Ribera","053","Elèctrica",6
2025,"01","Ciutat Vella","04","Sant Pere, Santa Caterina i la Ribera","053","Híbrid",34
2025,"01","Ciutat Vella","04","Sant Pere, Santa Caterina i la Ribera","053","Altres",6
2025,"01","Ciutat Vella","04","Sant Pere, Santa Caterina i la Ribera","053","No consta",2
2025,"01","Ciutat Vella","04","Sant Pere, Santa Caterina i la Ribera","054","Combustió Interna-Gasolina",268
2025,"01","Ciutat Vella","04","Sant Pere, Santa Caterina i la Ribera","054","Combustió Interna-Gasoil",94
2025,"01","Ciutat Vella","04","Sant Pere, Santa Caterina i la Ribera","054","Elèctrica",4
2025,"01","Ciutat Vella","04","Sant Pere, Santa Caterina i la Ribera","054","Híbrid",17
2025,"01","Ciutat Vella","04","Sant Pere, Santa Caterina i la Ribera","054","Altres",5
2025,"01","Ciutat Vella","04","Sant Pere, Santa Caterina i la Ribera","054","No consta",1
2025,"01","Ciutat Vella","04","Sant Pere, Santa Caterina i la Ribera","055","Combustió Interna-Gasolina",315
2025,"01","Ciutat Vella","04","Sant Pere, Santa Caterina i la Ribera","055","Combustió Interna-Gasoil",118
2025,"01","Ciutat Vella","04","Sant Pere, Santa Caterina i la Ribera","055","Elèctrica",35
2025,"01","Ciutat Vella","04","Sant Pere, Santa Caterina i la Ribera","055","Híbrid",37
2025,"01","Ciutat Vella","04","Sant Pere, Santa Caterina i la Ribera","055","Altres",8
2025,"02","Eixample","05","el Fort Pienc","001","Combustió Interna-Gasolina",304
2025,"02","Eixample","05","el Fort Pienc","001","Combustió Interna-Gasoil",278
2025,"02","Eixample","05","el Fort Pienc","001","Elèctrica",14
2025,"02","Eixample","05","el Fort Pienc","001","Híbrid",110
2025,"02","Eixample","05","el Fort Pienc","001","Altres",15
2025,"02","Eixample","05","el Fort Pienc","001","No consta",1
2025,"02","Eixample","05","el Fort Pienc","002","Combustió Interna-Gasolina",496
2025,"02","Eixample","05","el Fort Pienc","002","Combustió Interna-Gasoil",218
2025,"02","Eixample","05","el Fort Pienc","002","Elèctrica",8
2025,"02","Eixample","05","el Fort Pienc","002","Híbrid",72
2025,"02","Eixample","05","el Fort Pienc","002","Altres",9
2025,"02","Eixample","05","el Fort Pienc","002","No consta",1
2025,"02","Eixample","05","el Fort Pienc","003","Combustió Interna-Gasolina",314
2025,"02","Eixample","05","el Fort Pienc","003","Combustió Interna-Gasoil",105
2025,"02","Eixample","05","el Fort Pienc","003","Elèctrica",6
2025,"02","Eixample","05","el Fort Pienc","003","Híbrid",44
2025,"02","Eixample","05","el Fort Pienc","003","Altres",5
2025,"02","Eixample","05","el Fort Pienc","004","Combustió Interna-Gasolina",389
2025,"02","Eixample","05","el Fort Pienc","004","Combustió Interna-Gasoil",169
2025,"02","Eixample","05","el Fort Pienc","004","Elèctrica",6
2025,"02","Eixample","05","el Fort Pienc","004","Híbrid",59
2025,"02","Eixample","05","el Fort Pienc","004","Altres",10
2025,"02","Eixample","05","el Fort Pienc","004","No consta",1
2025,"02","Eixample","05","el Fort Pienc","005","Combustió Interna-Gasolina",665
2025,"02","Eixample","05","el Fort Pienc","005","Combustió Interna-Gasoil",245
2025,"02","Eixample","05","el Fort Pienc","005","Elèctrica",17
2025,"02","Eixample","05","el Fort Pienc","005","Híbrid",101
2025,"02","Eixample","05","el Fort Pienc","005","Altres",10
2025,"02","Eixample","05","el Fort Pienc","005","No consta",1
2025,"02","Eixample","05","el Fort Pienc","006","Combustió Interna-Gasolina",494
2025,"02","Eixample","05","el Fort Pienc","006","Combustió Interna-Gasoil",159
2025,"02","Eixample","05","el Fort Pienc","006","Elèctrica",5
2025,"02","Eixample","05","el Fort Pienc","006","Híbrid",70
2025,"02","Eixample","05","el Fort Pienc","006","Altres",5
2025,"02","Eixample","05","el Fort Pienc","006","No consta",1
2025,"02","Eixample","05","el Fort Pienc","007","Combustió Interna-Gasolina",384
2025,"02","Eixample","05","el Fort Pienc","007","Combustió Interna-Gasoil",141
2025,"02","Eixample","05","el Fort Pienc","007","Elèctrica",8
2025,"02","Eixample","05","el Fort Pienc","007","Híbrid",47
2025,"02","Eixample","05","el Fort Pienc","007","Altres",7
2025,"02","Eixample","05","el Fort Pienc","008","Combustió Interna-Gasolina",596
2025,"02","Eixample","05","el Fort Pienc","008","Combustió Interna-Gasoil",209
2025,"02","Eixample","05","el Fort Pienc","008","Elèctrica",10
2025,"02","Eixample","05","el Fort Pienc","008","Híbrid",66
2025,"02","Eixample","05","el Fort Pienc","008","Altres",15
2025,"02","Eixample","05","el Fort Pienc","009","Combustió Interna-Gasolina",547
2025,"02","Eixample","05","el Fort Pienc","009","Combustió Interna-Gasoil",221
2025,"02","Eixample","05","el Fort Pienc","009","Elèctrica",7
2025,"02","Eixample","05","el Fort Pienc","009","Híbrid",51
2025,"02","Eixample","05","el Fort Pienc","009","Altres",8
2025,"02","Eixample","05","el Fort Pienc","009","No consta",2
2025,"02","Eixample","05","el Fort Pienc","010","Combustió Interna-Gasolina",358
2025,"02","Eixample","05","el Fort Pienc","010","Combustió Interna-Gasoil",123
2025,"02","Eixample","05","el Fort Pienc","010","Elèctrica",5
2025,"02","Eixample","05","el Fort Pienc","010","Híbrid",37
2025,"02","Eixample","05","el Fort Pienc","010","Altres",3
2025,"02","Eixample","05","el Fort Pienc","011","Combustió Interna-Gasolina",339
2025,"02","Eixample","05","el Fort Pienc","011","Combustió Interna-Gasoil",125
2025,"02","Eixample","05","el Fort Pienc","011","Elèctrica",7
2025,"02","Eixample","05","el Fort Pienc","011","Híbrid",60
2025,"02","Eixample","05","el Fort Pienc","011","Altres",9
2025,"02","Eixample","05","el Fort Pienc","012","Combustió Interna-Gasolina",470
2025,"02","Eixample","05","el Fort Pienc","012","Combustió Interna-Gasoil",161
2025,"02","Eixample","05","el Fort Pienc","012","Elèctrica",5
2025,"02","Eixample","05","el Fort Pienc","012","Híbrid",38
2025,"02","Eixample","05","el Fort Pienc","012","Altres",5
2025,"02","Eixample","05","el Fort Pienc","012","No consta",2
2025,"02","Eixample","05","el Fort Pienc","013","Combustió Interna-Gasolina",355
2025,"02","Eixample","05","el Fort Pienc","013","Combustió Interna-Gasoil",209
2025,"02","Eixample","05","el Fort Pienc","013","Elèctrica",4
2025,"02","Eixample","05","el Fort Pienc","013","Híbrid",30
2025,"02","Eixample","05","el Fort Pienc","013","Altres",8
2025,"02","Eixample","05","el Fort Pienc","014","Combustió Interna-Gasolina",312
2025,"02","Eixample","05","el Fort Pienc","014","Combustió Interna-Gasoil",118
2025,"02","Eixample","05","el Fort Pienc","014","Elèctrica",6
2025,"02","Eixample","05","el Fort Pienc","014","Híbrid",48
2025,"02","Eixample","05","el Fort Pienc","014","Altres",6
2025,"02","Eixample","05","el Fort Pienc","015","Combustió Interna-Gasolina",431
2025,"02","Eixample","05","el Fort Pienc","015","Combustió Interna-Gasoil",157
2025,"02","Eixample","05","el Fort Pienc","015","Elèctrica",5
2025,"02","Eixample","05","el Fort Pienc","015","Híbrid",43
2025,"02","Eixample","05","el Fort Pienc","015","Altres",3
2025,"02","Eixample","05","el Fort Pienc","015","No consta",2
2025,"02","Eixample","05","el Fort Pienc","016","Combustió Interna-Gasolina",509
2025,"02","Eixample","05","el Fort Pienc","016","Combustió Interna-Gasoil",158
2025,"02","Eixample","05","el Fort Pienc","016","Elèctrica",14
2025,"02","Eixample","05","el Fort Pienc","016","Híbrid",82
2025,"02","Eixample","05","el Fort Pienc","016","Altres",12
2025,"02","Eixample","05","el Fort Pienc","016","No consta",3
2025,"02","Eixample","05","el Fort Pienc","017","Combustió Interna-Gasolina",577
2025,"02","Eixample","05","el Fort Pienc","017","Combustió Interna-Gasoil",186
2025,"02","Eixample","05","el Fort Pienc","017","Elèctrica",15
2025,"02","Eixample","05","el Fort Pienc","017","Híbrid",90
2025,"02","Eixample","05","el Fort Pienc","017","Altres",5
2025,"02","Eixample","05","el Fort Pienc","018","Combustió Interna-Gasolina",538
2025,"02","Eixample","05","el Fort Pienc","018","Combustió Interna-Gasoil",214
2025,"02","Eixample","05","el Fort Pienc","018","Elèctrica",13
2025,"02","Eixample","05","el Fort Pienc","018","Híbrid",76
2025,"02","Eixample","05","el Fort Pienc","018","Altres",13
2025,"02","Eixample","05","el Fort Pienc","018","No consta",1
2025,"02","Eixample","05","el Fort Pienc","019","Combustió Interna-Gasolina",549
2025,"02","Eixample","05","el Fort Pienc","019","Combustió Interna-Gasoil",251
2025,"02","Eixample","05","el Fort Pienc","019","Elèctrica",16
2025,"02","Eixample","05","el Fort Pienc","019","Híbrid",78
2025,"02","Eixample","05","el Fort Pienc","019","Altres",15
2025,"02","Eixample","05","el Fort Pienc","019","No consta",1
2025,"02","Eixample","05","el Fort Pienc","020","Combustió Interna-Gasolina",438
2025,"02","Eixample","05","el Fort Pienc","020","Combustió Interna-Gasoil",133
2025,"02","Eixample","05","el Fort Pienc","020","Elèctrica",10
2025,"02","Eixample","05","el Fort Pienc","020","Híbrid",65
2025,"02","Eixample","05","el Fort Pienc","020","Altres",4
2025,"02","Eixample","06","la Sagrada Família","021","Combustió Interna-Gasolina",418
2025,"02","Eixample","06","la Sagrada Família","021","Combustió Interna-Gasoil",153
2025,"02","Eixample","06","la Sagrada Família","021","Elèctrica",9
2025,"02","Eixample","06","la Sagrada Família","021","Híbrid",50
2025,"02","Eixample","06","la Sagrada Família","021","Altres",8
2025,"02","Eixample","06","la Sagrada Família","022","Combustió Interna-Gasolina",328
2025,"02","Eixample","06","la Sagrada Família","022","Combustió Interna-Gasoil",166
2025,"02","Eixample","06","la Sagrada Família","022","Elèctrica",23
2025,"02","Eixample","06","la Sagrada Família","022","Híbrid",43
2025,"02","Eixample","06","la Sagrada Família","022","Altres",3
2025,"02","Eixample","06","la Sagrada Família","023","Combustió Interna-Gasolina",302
2025,"02","Eixample","06","la Sagrada Família","023","Combustió Interna-Gasoil",103
2025,"02","Eixample","06","la Sagrada Família","023","Elèctrica",5
2025,"02","Eixample","06","la Sagrada Família","023","Híbrid",59
2025,"02","Eixample","06","la Sagrada Família","023","Altres",8
2025,"02","Eixample","06","la Sagrada Família","024","Combustió Interna-Gasolina",309
2025,"02","Eixample","06","la Sagrada Família","024","Combustió Interna-Gasoil",100
2025,"02","Eixample","06","la Sagrada Família","024","Elèctrica",4
2025,"02","Eixample","06","la Sagrada Família","024","Híbrid",39
2025,"02","Eixample","06","la Sagrada Família","024","Altres",11
2025,"02","Eixample","06","la Sagrada Família","025","Combustió Interna-Gasolina",285
2025,"02","Eixample","06","la Sagrada Família","025","Combustió Interna-Gasoil",112
2025,"02","Eixample","06","la Sagrada Família","025","Elèctrica",2
2025,"02","Eixample","06","la Sagrada Família","025","Híbrid",49
2025,"02","Eixample","06","la Sagrada Família","025","Altres",7
2025,"02","Eixample","06","la Sagrada Família","026","Combustió Interna-Gasolina",583
2025,"02","Eixample","06","la Sagrada Família","026","Combustió Interna-Gasoil",225
2025,"02","Eixample","06","la Sagrada Família","026","Elèctrica",24
2025,"02","Eixample","06","la Sagrada Família","026","Híbrid",204
2025,"02","Eixample","06","la Sagrada Família","026","Altres",11
2025,"02","Eixample","06","la Sagrada Família","027","Combustió Interna-Gasolina",517
2025,"02","Eixample","06","la Sagrada Família","027","Combustió Interna-Gasoil",195
2025,"02","Eixample","06","la Sagrada Família","027","Elèctrica",15
2025,"02","Eixample","06","la Sagrada Família","027","Híbrid",65
2025,"02","Eixample","06","la Sagrada Família","027","Altres",12
2025,"02","Eixample","06","la Sagrada Família","028","Combustió Interna-Gasolina",605
2025,"02","Eixample","06","la Sagrada Família","028","Combustió Interna-Gasoil",260
2025,"02","Eixample","06","la Sagrada Família","028","Elèctrica",12
2025,"02","Eixample","06","la Sagrada Família","028","Híbrid",84
2025,"02","Eixample","06","la Sagrada Família","028","Altres",8
2025,"02","Eixample","06","la Sagrada Família","028","No consta",1
2025,"02","Eixample","06","la Sagrada Família","029","Combustió Interna-Gasolina",314
2025,"02","Eixample","06","la Sagrada Família","029","Combustió Interna-Gasoil",112
2025,"02","Eixample","06","la Sagrada Família","029","Elèctrica",8
2025,"02","Eixample","06","la Sagrada Família","029","Híbrid",51
2025,"02","Eixample","06","la Sagrada Família","029","Altres",13
2025,"02","Eixample","06","la Sagrada Família","029","No consta",2
2025,"02","Eixample","06","la Sagrada Família","030","Combustió Interna-Gasolina",343
2025,"02","Eixample","06","la Sagrada Família","030","Combustió Interna-Gasoil",124
2025,"02","Eixample","06","la Sagrada Família","030","Elèctrica",9
2025,"02","Eixample","06","la Sagrada Família","030","Híbrid",41
2025,"02","Eixample","06","la Sagrada Família","030","Altres",4
2025,"02","Eixample","06","la Sagrada Família","030","No consta",1
2025,"02","Eixample","06","la Sagrada Família","031","Combustió Interna-Gasolina",273
2025,"02","Eixample","06","la Sagrada Família","031","Combustió Interna-Gasoil",88
2025,"02","Eixample","06","la Sagrada Família","031","Elèctrica",4
2025,"02","Eixample","06","la Sagrada Família","031","Híbrid",40
2025,"02","Eixample","06","la Sagrada Família","031","Altres",7
2025,"02","Eixample","06","la Sagrada Família","032","Combustió Interna-Gasolina",310
2025,"02","Eixample","06","la Sagrada Família","032","Combustió Interna-Gasoil",104
2025,"02","Eixample","06","la Sagrada Família","032","Elèctrica",9
2025,"02","Eixample","06","la Sagrada Família","032","Híbrid",42
2025,"02","Eixample","06","la Sagrada Família","032","Altres",6
2025,"02","Eixample","06","la Sagrada Família","032","No consta",2
2025,"02","Eixample","06","la Sagrada Família","033","Combustió Interna-Gasolina",323
2025,"02","Eixample","06","la Sagrada Família","033","Combustió Interna-Gasoil",127
2025,"02","Eixample","06","la Sagrada Família","033","Elèctrica",5
2025,"02","Eixample","06","la Sagrada Família","033","Híbrid",37
2025,"02","Eixample","06","la Sagrada Família","033","Altres",6
2025,"02","Eixample","06","la Sagrada Família","034","Combustió Interna-Gasolina",320
2025,"02","Eixample","06","la Sagrada Família","034","Combustió Interna-Gasoil",96
2025,"02","Eixample","06","la Sagrada Família","034","Elèctrica",2
2025,"02","Eixample","06","la Sagrada Família","034","Híbrid",27
2025,"02","Eixample","06","la Sagrada Família","034","Altres",3
2025,"02","Eixample","06","la Sagrada Família","035","Combustió Interna-Gasolina",361
2025,"02","Eixample","06","la Sagrada Família","035","Combustió Interna-Gasoil",118
2025,"02","Eixample","06","la Sagrada Família","035","Elèctrica",8
2025,"02","Eixample","06","la Sagrada Família","035","Híbrid",55
2025,"02","Eixample","06","la Sagrada Família","035","Altres",6
2025,"02","Eixample","06","la Sagrada Família","036","Combustió Interna-Gasolina",358
2025,"02","Eixample","06","la Sagrada Família","036","Combustió Interna-Gasoil",114
2025,"02","Eixample","06","la Sagrada Família","036","Elèctrica",4
2025,"02","Eixample","06","la Sagrada Família","036","Híbrid",50
2025,"02","Eixample","06","la Sagrada Família","036","Altres",7
2025,"02","Eixample","06","la Sagrada Família","037","Combustió Interna-Gasolina",361
2025,"02","Eixample","06","la Sagrada Família","037","Combustió Interna-Gasoil",102
2025,"02","Eixample","06","la Sagrada Família","037","Elèctrica",2
2025,"02","Eixample","06","la Sagrada Família","037","Híbrid",51
2025,"02","Eixample","06","la Sagrada Família","037","Altres",4
2025,"02","Eixample","06","la Sagrada Família","038","Combustió Interna-Gasolina",514
2025,"02","Eixample","06","la Sagrada Família","038","Combustió Interna-Gasoil",166
2025,"02","Eixample","06","la Sagrada Família","038","Elèctrica",11
2025,"02","Eixample","06","la Sagrada Família","038","Híbrid",74
2025,"02","Eixample","06","la Sagrada Família","038","Altres",187
2025,"02","Eixample","06","la Sagrada Família","038","No consta",1
2025,"02","Eixample","06","la Sagrada Família","039","Combustió Interna-Gasolina",414
2025,"02","Eixample","06","la Sagrada Família","039","Combustió Interna-Gasoil",142
2025,"02","Eixample","06","la Sagrada Família","039","Elèctrica",8
2025,"02","Eixample","06","la Sagrada Família","039","Híbrid",49
2025,"02","Eixample","06","la Sagrada Família","039","Altres",8
2025,"02","Eixample","06","la Sagrada Família","039","No consta",1
2025,"02","Eixample","06","la Sagrada Família","040","Combustió Interna-Gasolina",468
2025,"02","Eixample","06","la Sagrada Família","040","Combustió Interna-Gasoil",171
2025,"02","Eixample","06","la Sagrada Família","040","Elèctrica",7
2025,"02","Eixample","06","la Sagrada Família","040","Híbrid",46
2025,"02","Eixample","06","la Sagrada Família","040","Altres",4
2025,"02","Eixample","06","la Sagrada Família","040","No consta",1
2025,"02","Eixample","06","la Sagrada Família","041","Combustió Interna-Gasolina",495
2025,"02","Eixample","06","la Sagrada Família","041","Combustió Interna-Gasoil",168
2025,"02","Eixample","06","la Sagrada Família","041","Elèctrica",12
2025,"02","Eixample","06","la Sagrada Família","041","Híbrid",65
2025,"02","Eixample","06","la Sagrada Família","041","Altres",14
2025,"02","Eixample","06","la Sagrada Família","042","Combustió Interna-Gasolina",574
2025,"02","Eixample","06","la Sagrada Família","042","Combustió Interna-Gasoil",195
2025,"02","Eixample","06","la Sagrada Família","042","Elèctrica",13
2025,"02","Eixample","06","la Sagrada Família","042","Híbrid",86
2025,"02","Eixample","06","la Sagrada Família","042","Altres",6
2025,"02","Eixample","06","la Sagrada Família","042","No consta",1
2025,"02","Eixample","06","la Sagrada Família","043","Combustió Interna-Gasolina",433
2025,"02","Eixample","06","la Sagrada Família","043","Combustió Interna-Gasoil",126
2025,"02","Eixample","06","la Sagrada Família","043","Elèctrica",4
2025,"02","Eixample","06","la Sagrada Família","043","Híbrid",60
2025,"02","Eixample","06","la Sagrada Família","043","Altres",4
2025,"02","Eixample","06","la Sagrada Família","043","No consta",1
2025,"02","Eixample","06","la Sagrada Família","044","Combustió Interna-Gasolina",368
2025,"02","Eixample","06","la Sagrada Família","044","Combustió Interna-Gasoil",123
2025,"02","Eixample","06","la Sagrada Família","044","Elèctrica",3
2025,"02","Eixample","06","la Sagrada Família","044","Híbrid",43
2025,"02","Eixample","06","la Sagrada Família","044","Altres",5
2025,"02","Eixample","06","la Sagrada Família","045","Combustió Interna-Gasolina",336
2025,"02","Eixample","06","la Sagrada Família","045","Combustió Interna-Gasoil",115
2025,"02","Eixample","06","la Sagrada Família","045","Elèctrica",5
2025,"02","Eixample","06","la Sagrada Família","045","Híbrid",38
2025,"02","Eixample","06","la Sagrada Família","045","Altres",3
2025,"02","Eixample","06","la Sagrada Família","046","Combustió Interna-Gasolina",487
2025,"02","Eixample","06","la Sagrada Família","046","Combustió Interna-Gasoil",172
2025,"02","Eixample","06","la Sagrada Família","046","Elèctrica",7
2025,"02","Eixample","06","la Sagrada Família","046","Híbrid",56
2025,"02","Eixample","06","la Sagrada Família","046","Altres",8
2025,"02","Eixample","06","la Sagrada Família","047","Combustió Interna-Gasolina",512
2025,"02","Eixample","06","la Sagrada Família","047","Combustió Interna-Gasoil",192
2025,"02","Eixample","06","la Sagrada Família","047","Elèctrica",10
2025,"02","Eixample","06","la Sagrada Família","047","Híbrid",57
2025,"02","Eixample","06","la Sagrada Família","047","Altres",13
2025,"02","Eixample","06","la Sagrada Família","047","No consta",1
2025,"02","Eixample","06","la Sagrada Família","048","Combustió Interna-Gasolina",337
2025,"02","Eixample","06","la Sagrada Família","048","Combustió Interna-Gasoil",111
2025,"02","Eixample","06","la Sagrada Família","048","Elèctrica",2
2025,"02","Eixample","06","la Sagrada Família","048","Híbrid",41
2025,"02","Eixample","06","la Sagrada Família","048","Altres",5
2025,"02","Eixample","06","la Sagrada Família","049","Combustió Interna-Gasolina",524
2025,"02","Eixample","06","la Sagrada Família","049","Combustió Interna-Gasoil",180
2025,"02","Eixample","06","la Sagrada Família","049","Elèctrica",10
2025,"02","Eixample","06","la Sagrada Família","049","Híbrid",70
2025,"02","Eixample","06","la Sagrada Família","049","Altres",7
2025,"02","Eixample","06","la Sagrada Família","050","Combustió Interna-Gasolina",471
2025,"02","Eixample","06","la Sagrada Família","050","Combustió Interna-Gasoil",172
2025,"02","Eixample","06","la Sagrada Família","050","Elèctrica",17
2025,"02","Eixample","06","la Sagrada Família","050","Híbrid",60
2025,"02","Eixample","06","la Sagrada Família","050","Altres",24
2025,"02","Eixample","06","la Sagrada Família","051","Combustió Interna-Gasolina",534
2025,"02","Eixample","06","la Sagrada Família","051","Combustió Interna-Gasoil",204
2025,"02","Eixample","06","la Sagrada Família","051","Elèctrica",28
2025,"02","Eixample","06","la Sagrada Família","051","Híbrid",69
2025,"02","Eixample","06","la Sagrada Família","051","Altres",10
2025,"02","Eixample","06","la Sagrada Família","052","Combustió Interna-Gasolina",542
2025,"02","Eixample","06","la Sagrada Família","052","Combustió Interna-Gasoil",152
2025,"02","Eixample","06","la Sagrada Família","052","Elèctrica",6
2025,"02","Eixample","06","la Sagrada Família","052","Híbrid",63
2025,"02","Eixample","06","la Sagrada Família","052","Altres",11
2025,"02","Eixample","06","la Sagrada Família","053","Combustió Interna-Gasolina",459
2025,"02","Eixample","06","la Sagrada Família","053","Combustió Interna-Gasoil",174
2025,"02","Eixample","06","la Sagrada Família","053","Elèctrica",14
2025,"02","Eixample","06","la Sagrada Família","053","Híbrid",59
2025,"02","Eixample","06","la Sagrada Família","053","Altres",10
2025,"02","Eixample","06","la Sagrada Família","053","No consta",2
2025,"02","Eixample","06","la Sagrada Família","054","Combustió Interna-Gasolina",560
2025,"02","Eixample","06","la Sagrada Família","054","Combustió Interna-Gasoil",198
2025,"02","Eixample","06","la Sagrada Família","054","Elèctrica",12
2025,"02","Eixample","06","la Sagrada Família","054","Híbrid",72
2025,"02","Eixample","06","la Sagrada Família","054","Altres",9
2025,"02","Eixample","07","la Dreta de l'Eixample","055","Combustió Interna-Gasolina",560
2025,"02","Eixample","07","la Dreta de l'Eixample","055","Combustió Interna-Gasoil",175
2025,"02","Eixample","07","la Dreta de l'Eixample","055","Elèctrica",9
2025,"02","Eixample","07","la Dreta de l'Eixample","055","Híbrid",72
2025,"02","Eixample","07","la Dreta de l'Eixample","055","Altres",7
2025,"02","Eixample","07","la Dreta de l'Eixample","056","Combustió Interna-Gasolina",450
2025,"02","Eixample","07","la Dreta de l'Eixample","056","Combustió Interna-Gasoil",177
2025,"02","Eixample","07","la Dreta de l'Eixample","056","Elèctrica",10
2025,"02","Eixample","07","la Dreta de l'Eixample","056","Híbrid",52
2025,"02","Eixample","07","la Dreta de l'Eixample","056","Altres",10
2025,"02","Eixample","07","la Dreta de l'Eixample","056","No consta",1
2025,"02","Eixample","07","la Dreta de l'Eixample","057","Combustió Interna-Gasolina",476
2025,"02","Eixample","07","la Dreta de l'Eixample","057","Combustió Interna-Gasoil",124
2025,"02","Eixample","07","la Dreta de l'Eixample","057","Elèctrica",6
2025,"02","Eixample","07","la Dreta de l'Eixample","057","Híbrid",58
2025,"02","Eixample","07","la Dreta de l'Eixample","057","Altres",5
2025,"02","Eixample","07","la Dreta de l'Eixample","058","Combustió Interna-Gasolina",449
2025,"02","Eixample","07","la Dreta de l'Eixample","058","Combustió Interna-Gasoil",164
2025,"02","Eixample","07","la Dreta de l'Eixample","058","Elèctrica",10
2025,"02","Eixample","07","la Dreta de l'Eixample","058","Híbrid",76
2025,"02","Eixample","07","la Dreta de l'Eixample","058","Altres",3
2025,"02","Eixample","07","la Dreta de l'Eixample","059","Combustió Interna-Gasolina",504
2025,"02","Eixample","07","la Dreta de l'Eixample","059","Combustió Interna-Gasoil",172
2025,"02","Eixample","07","la Dreta de l'Eixample","059","Elèctrica",15
2025,"02","Eixample","07","la Dreta de l'Eixample","059","Híbrid",74
2025,"02","Eixample","07","la Dreta de l'Eixample","059","Altres",2
2025,"02","Eixample","07","la Dreta de l'Eixample","059","No consta",1
2025,"02","Eixample","07","la Dreta de l'Eixample","060","Combustió Interna-Gasolina",530
2025,"02","Eixample","07","la Dreta de l'Eixample","060","Combustió Interna-Gasoil",166
2025,"02","Eixample","07","la Dreta de l'Eixample","060","Elèctrica",11
2025,"02","Eixample","07","la Dreta de l'Eixample","060","Híbrid",84
2025,"02","Eixample","07","la Dreta de l'Eixample","060","Altres",7
2025,"02","Eixample","07","la Dreta de l'Eixample","061","Combustió Interna-Gasolina",436
2025,"02","Eixample","07","la Dreta de l'Eixample","061","Combustió Interna-Gasoil",162
2025,"02","Eixample","07","la Dreta de l'Eixample","061","Elèctrica",677
2025,"02","Eixample","07","la Dreta de l'Eixample","061","Híbrid",57
2025,"02","Eixample","07","la Dreta de l'Eixample","061","Altres",3
2025,"02","Eixample","07","la Dreta de l'Eixample","062","Combustió Interna-Gasolina",530
2025,"02","Eixample","07","la Dreta de l'Eixample","062","Combustió Interna-Gasoil",161
2025,"02","Eixample","07","la Dreta de l'Eixample","062","Elèctrica",11
2025,"02","Eixample","07","la Dreta de l'Eixample","062","Híbrid",105
2025,"02","Eixample","07","la Dreta de l'Eixample","062","Altres",12
2025,"02","Eixample","07","la Dreta de l'Eixample","062","No consta",1
2025,"02","Eixample","07","la Dreta de l'Eixample","063","Combustió Interna-Gasolina",541
2025,"02","Eixample","07","la Dreta de l'Eixample","063","Combustió Interna-Gasoil",151
2025,"02","Eixample","07","la Dreta de l'Eixample","063","Elèctrica",16
2025,"02","Eixample","07","la Dreta de l'Eixample","063","Híbrid",63
2025,"02","Eixample","07","la Dreta de l'Eixample","063","Altres",8
2025,"02","Eixample","07","la Dreta de l'Eixample","064","Combustió Interna-Gasolina",491
2025,"02","Eixample","07","la Dreta de l'Eixample","064","Combustió Interna-Gasoil",202
2025,"02","Eixample","07","la Dreta de l'Eixample","064","Elèctrica",17
2025,"02","Eixample","07","la Dreta de l'Eixample","064","Híbrid",92
2025,"02","Eixample","07","la Dreta de l'Eixample","064","Altres",5
2025,"02","Eixample","07","la Dreta de l'Eixample","064","No consta",4
2025,"02","Eixample","07","la Dreta de l'Eixample","065","Combustió Interna-Gasolina",563
2025,"02","Eixample","07","la Dreta de l'Eixample","065","Combustió Interna-Gasoil",214
2025,"02","Eixample","07","la Dreta de l'Eixample","065","Elèctrica",18
2025,"02","Eixample","07","la Dreta de l'Eixample","065","Híbrid",64
2025,"02","Eixample","07","la Dreta de l'Eixample","065","Altres",100
2025,"02","Eixample","07","la Dreta de l'Eixample","066","Combustió Interna-Gasolina",529
2025,"02","Eixample","07","la Dreta de l'Eixample","066","Combustió Interna-Gasoil",210
2025,"02","Eixample","07","la Dreta de l'Eixample","066","Elèctrica",17
2025,"02","Eixample","07","la Dreta de l'Eixample","066","Híbrid",73
2025,"02","Eixample","07","la Dreta de l'Eixample","066","Altres",6
2025,"02","Eixample","07","la Dreta de l'Eixample","066","No consta",2
2025,"02","Eixample","07","la Dreta de l'Eixample","067","Combustió Interna-Gasolina",485
2025,"02","Eixample","07","la Dreta de l'Eixample","067","Combustió Interna-Gasoil",149
2025,"02","Eixample","07","la Dreta de l'Eixample","067","Elèctrica",7
2025,"02","Eixample","07","la Dreta de l'Eixample","067","Híbrid",49
2025,"02","Eixample","07","la Dreta de l'Eixample","067","Altres",4
2025,"02","Eixample","07","la Dreta de l'Eixample","067","No consta",2
2025,"02","Eixample","07","la Dreta de l'Eixample","068","Combustió Interna-Gasolina",467
2025,"02","Eixample","07","la Dreta de l'Eixample","068","Combustió Interna-Gasoil",170
2025,"02","Eixample","07","la Dreta de l'Eixample","068","Elèctrica",17
2025,"02","Eixample","07","la Dreta de l'Eixample","068","Híbrid",42
2025,"02","Eixample","07","la Dreta de l'Eixample","068","Altres",4
2025,"02","Eixample","07","la Dreta de l'Eixample","068","No consta",1
2025,"02","Eixample","07","la Dreta de l'Eixample","069","Combustió Interna-Gasolina",451
2025,"02","Eixample","07","la Dreta de l'Eixample","069","Combustió Interna-Gasoil",146
2025,"02","Eixample","07","la Dreta de l'Eixample","069","Elèctrica",10
2025,"02","Eixample","07","la Dreta de l'Eixample","069","Híbrid",52
2025,"02","Eixample","07","la Dreta de l'Eixample","069","Altres",9
2025,"02","Eixample","07","la Dreta de l'Eixample","070","Combustió Interna-Gasolina",527
2025,"02","Eixample","07","la Dreta de l'Eixample","070","Combustió Interna-Gasoil",181
2025,"02","Eixample","07","la Dreta de l'Eixample","070","Elèctrica",19
2025,"02","Eixample","07","la Dreta de l'Eixample","070","Híbrid",74
2025,"02","Eixample","07","la Dreta de l'Eixample","070","Altres",6
2025,"02","Eixample","07","la Dreta de l'Eixample","070","No consta",3
2025,"02","Eixample","07","la Dreta de l'Eixample","071","Combustió Interna-Gasolina",563
2025,"02","Eixample","07","la Dreta de l'Eixample","071","Combustió Interna-Gasoil",233
2025,"02","Eixample","07","la Dreta de l'Eixample","071","Elèctrica",28
2025,"02","Eixample","07","la Dreta de l'Eixample","071","Híbrid",92
2025,"02","Eixample","07","la Dreta de l'Eixample","071","Altres",11
2025,"02","Eixample","07","la Dreta de l'Eixample","071","No consta",2
2025,"02","Eixample","07","la Dreta de l'Eixample","072","Combustió Interna-Gasolina",465
2025,"02","Eixample","07","la Dreta de l'Eixample","072","Combustió Interna-Gasoil",191
2025,"02","Eixample","07","la Dreta de l'Eixample","072","Elèctrica",23
2025,"02","Eixample","07","la Dreta de l'Eixample","072","Híbrid",64
2025,"02","Eixample","07","la Dreta de l'Eixample","072","Altres",20
2025,"02","Eixample","07","la Dreta de l'Eixample","073","Combustió Interna-Gasolina",548
2025,"02","Eixample","07","la Dreta de l'Eixample","073","Combustió Interna-Gasoil",200
2025,"02","Eixample","07","la Dreta de l'Eixample","073","Elèctrica",23
2025,"02","Eixample","07","la Dreta de l'Eixample","073","Híbrid",67
2025,"02","Eixample","07","la Dreta de l'Eixample","073","Altres",9
2025,"02","Eixample","07","la Dreta de l'Eixample","074","Combustió Interna-Gasolina",419
2025,"02","Eixample","07","la Dreta de l'Eixample","074","Combustió Interna-Gasoil",212
2025,"02","Eixample","07","la Dreta de l'Eixample","074","Elèctrica",16
2025,"02","Eixample","07","la Dreta de l'Eixample","074","Híbrid",52
2025,"02","Eixample","07","la Dreta de l'Eixample","074","Altres",12
2025,"02","Eixample","07","la Dreta de l'Eixample","075","Combustió Interna-Gasolina",457
2025,"02","Eixample","07","la Dreta de l'Eixample","075","Combustió Interna-Gasoil",161
2025,"02","Eixample","07","la Dreta de l'Eixample","075","Elèctrica",10
2025,"02","Eixample","07","la Dreta de l'Eixample","075","Híbrid",60
2025,"02","Eixample","07","la Dreta de l'Eixample","075","Altres",4
2025,"02","Eixample","07","la Dreta de l'Eixample","075","No consta",1
2025,"02","Eixample","07","la Dreta de l'Eixample","076","Combustió Interna-Gasolina",573
2025,"02","Eixample","07","la Dreta de l'Eixample","076","Combustió Interna-Gasoil",369
2025,"02","Eixample","07","la Dreta de l'Eixample","076","Elèctrica",19
2025,"02","Eixample","07","la Dreta de l'Eixample","076","Híbrid",85
2025,"02","Eixample","07","la Dreta de l'Eixample","076","Altres",13
2025,"02","Eixample","07","la Dreta de l'Eixample","076","No consta",1
2025,"02","Eixample","07","la Dreta de l'Eixample","077","Combustió Interna-Gasolina",803
2025,"02","Eixample","07","la Dreta de l'Eixample","077","Combustió Interna-Gasoil",651
2025,"02","Eixample","07","la Dreta de l'Eixample","077","Elèctrica",86
2025,"02","Eixample","07","la Dreta de l'Eixample","077","Híbrid",164
2025,"02","Eixample","07","la Dreta de l'Eixample","077","Altres",54
2025,"02","Eixample","07","la Dreta de l'Eixample","077","No consta",16
2025,"02","Eixample","07","la Dreta de l'Eixample","078","Combustió Interna-Gasolina",798
2025,"02","Eixample","07","la Dreta de l'Eixample","078","Combustió Interna-Gasoil",624
2025,"02","Eixample","07","la Dreta de l'Eixample","078","Elèctrica",63
2025,"02","Eixample","07","la Dreta de l'Eixample","078","Híbrid",370
2025,"02","Eixample","07","la Dreta de l'Eixample","078","Altres",188
2025,"02","Eixample","07","la Dreta de l'Eixample","078","No consta",5
2025,"02","Eixample","07","la Dreta de l'Eixample","079","Combustió Interna-Gasolina",858
2025,"02","Eixample","07","la Dreta de l'Eixample","079","Combustió Interna-Gasoil",548
2025,"02","Eixample","07","la Dreta de l'Eixample","079","Elèctrica",47
2025,"02","Eixample","07","la Dreta de l'Eixample","079","Híbrid",145
2025,"02","Eixample","07","la Dreta de l'Eixample","079","Altres",34
2025,"02","Eixample","07","la Dreta de l'Eixample","079","No consta",1
2025,"02","Eixample","07","la Dreta de l'Eixample","080","Combustió Interna-Gasolina",896
2025,"02","Eixample","07","la Dreta de l'Eixample","080","Combustió Interna-Gasoil",408
2025,"02","Eixample","07","la Dreta de l'Eixample","080","Elèctrica",111
2025,"02","Eixample","07","la Dreta de l'Eixample","080","Híbrid",141
2025,"02","Eixample","07","la Dreta de l'Eixample","080","Altres",29
2025,"02","Eixample","07","la Dreta de l'Eixample","080","No consta",5
2025,"02","Eixample","07","la Dreta de l'Eixample","081","Combustió Interna-Gasolina",1339
2025,"02","Eixample","07","la Dreta de l'Eixample","081","Combustió Interna-Gasoil",609
2025,"02","Eixample","07","la Dreta de l'Eixample","081","Elèctrica",50
2025,"02","Eixample","07","la Dreta de l'Eixample","081","Híbrid",262
2025,"02","Eixample","07","la Dreta de l'Eixample","081","Altres",111
2025,"02","Eixample","07","la Dreta de l'Eixample","081","No consta",4
2025,"02","Eixample","07","la Dreta de l'Eixample","082","Combustió Interna-Gasolina",473
2025,"02","Eixample","07","la Dreta de l'Eixample","082","Combustió Interna-Gasoil",205
2025,"02","Eixample","07","la Dreta de l'Eixample","082","Elèctrica",17
2025,"02","Eixample","07","la Dreta de l'Eixample","082","Híbrid",124
2025,"02","Eixample","07","la Dreta de l'Eixample","082","Altres",14
2025,"02","Eixample","07","la Dreta de l'Eixample","082","No consta",1
2025,"02","Eixample","07","la Dreta de l'Eixample","083","Combustió Interna-Gasolina",998
2025,"02","Eixample","07","la Dreta de l'Eixample","083","Combustió Interna-Gasoil",843
2025,"02","Eixample","07","la Dreta de l'Eixample","083","Elèctrica",385
2025,"02","Eixample","07","la Dreta de l'Eixample","083","Híbrid",277
2025,"02","Eixample","07","la Dreta de l'Eixample","083","Altres",112
2025,"02","Eixample","07","la Dreta de l'Eixample","083","No consta",3
2025,"02","Eixample","08","l'Antiga Esquerra de l'Eixample","084","Combustió Interna-Gasolina",755
2025,"02","Eixample","08","l'Antiga Esquerra de l'Eixample","084","Combustió Interna-Gasoil",309
2025,"02","Eixample","08","l'Antiga Esquerra de l'Eixample","084","Elèctrica",21
2025,"02","Eixample","08","l'Antiga Esquerra de l'Eixample","084","Híbrid",98
2025,"02","Eixample","08","l'Antiga Esquerra de l'Eixample","084","Altres",14
2025,"02","Eixample","08","l'Antiga Esquerra de l'Eixample","084","No consta",4
2025,"02","Eixample","08","l'Antiga Esquerra de l'Eixample","085","Combustió Interna-Gasolina",663
2025,"02","Eixample","08","l'Antiga Esquerra de l'Eixample","085","Combustió Interna-Gasoil",392
2025,"02","Eixample","08","l'Antiga Esquerra de l'Eixample","085","Elèctrica",32
2025,"02","Eixample","08","l'Antiga Esquerra de l'Eixample","085","Híbrid",105
2025,"02","Eixample","08","l'Antiga Esquerra de l'Eixample","085","Altres",53
2025,"02","Eixample","08","l'Antiga Esquerra de l'Eixample","085","No consta",1
2025,"02","Eixample","08","l'Antiga Esquerra de l'Eixample","086","Combustió Interna-Gasolina",668
2025,"02","Eixample","08","l'Antiga Esquerra de l'Eixample","086","Combustió Interna-Gasoil",246
2025,"02","Eixample","08","l'Antiga Esquerra de l'Eixample","086","Elèctrica",32
2025,"02","Eixample","08","l'Antiga Esquerra de l'Eixample","086","Híbrid",91
2025,"02","Eixample","08","l'Antiga Esquerra de l'Eixample","086","Altres",9
2025,"02","Eixample","08","l'Antiga Esquerra de l'Eixample","087","Combustió Interna-Gasolina",425
2025,"02","Eixample","08","l'Antiga Esquerra de l'Eixample","087","Combustió Interna-Gasoil",117
2025,"02","Eixample","08","l'Antiga Esquerra de l'Eixample","087","Elèctrica",7
2025,"02","Eixample","08","l'Antiga Esquerra de l'Eixample","087","Híbrid",50
2025,"02","Eixample","08","l'Antiga Esquerra de l'Eixample","087","Altres",8
2025,"02","Eixample","08","l'Antiga Esquerra de l'Eixample","088","Combustió Interna-Gasolina",586
2025,"02","Eixample","08","l'Antiga Esquerra de l'Eixample","088","Combustió Interna-Gasoil",231
2025,"02","Eixample","08","l'Antiga Esquerra de l'Eixample","088","Elèctrica",39
2025,"02","Eixample","08","l'Antiga Esquerra de l'Eixample","088","Híbrid",79
2025,"02","Eixample","08","l'Antiga Esquerra de l'Eixample","088","Altres",20
2025,"02","Eixample","08","l'Antiga Esquerra de l'Eixample","088","No consta",4
2025,"02","Eixample","08","l'Antiga Esquerra de l'Eixample","089","Combustió Interna-Gasolina",891
2025,"02","Eixample","08","l'Antiga Esquerra de l'Eixample","089","Combustió Interna-Gasoil",212
2025,"02","Eixample","08","l'Antiga Esquerra de l'Eixample","089","Elèctrica",91
2025,"02","Eixample","08","l'Antiga Esquerra de l'Eixample","089","Híbrid",86
2025,"02","Eixample","08","l'Antiga Esquerra de l'Eixample","089","Altres",10
2025,"02","Eixample","08","l'Antiga Esquerra de l'Eixample","089","No consta",3
2025,"02","Eixample","08","l'Antiga Esquerra de l'Eixample","090","Combustió Interna-Gasolina",546
2025,"02","Eixample","08","l'Antiga Esquerra de l'Eixample","090","Combustió Interna-Gasoil",171
2025,"02","Eixample","08","l'Antiga Esquerra de l'Eixample","090","Elèctrica",18
2025,"02","Eixample","08","l'Antiga Esquerra de l'Eixample","090","Híbrid",66
2025,"02","Eixample","08","l'Antiga Esquerra de l'Eixample","090","Altres",6
2025,"02","Eixample","08","l'Antiga Esquerra de l'Eixample","091","Combustió Interna-Gasolina",585
2025,"02","Eixample","08","l'Antiga Esquerra de l'Eixample","091","Combustió Interna-Gasoil",262
2025,"02","Eixample","08","l'Antiga Esquerra de l'Eixample","091","Elèctrica",16
2025,"02","Eixample","08","l'Antiga Esquerra de l'Eixample","091","Híbrid",95
2025,"02","Eixample","08","l'Antiga Esquerra de l'Eixample","091","Altres",12
2025,"02","Eixample","08","l'Antiga Esquerra de l'Eixample","091","No consta",2
2025,"02","Eixample","08","l'Antiga Esquerra de l'Eixample","092","Combustió Interna-Gasolina",500
2025,"02","Eixample","08","l'Antiga Esquerra de l'Eixample","092","Combustió Interna-Gasoil",225
2025,"02","Eixample","08","l'Antiga Esquerra de l'Eixample","092","Elèctrica",14
2025,"02","Eixample","08","l'Antiga Esquerra de l'Eixample","092","Híbrid",74
2025,"02","Eixample","08","l'Antiga Esquerra de l'Eixample","092","Altres",13
2025,"02","Eixample","08","l'Antiga Esquerra de l'Eixample","093","Combustió Interna-Gasolina",529
2025,"02","Eixample","08","l'Antiga Esquerra de l'Eixample","093","Combustió Interna-Gasoil",187
2025,"02","Eixample","08","l'Antiga Esquerra de l'Eixample","093","Elèctrica",18
2025,"02","Eixample","08","l'Antiga Esquerra de l'Eixample","093","Híbrid",91
2025,"02","Eixample","08","l'Antiga Esquerra de l'Eixample","093","Altres",11
2025,"02","Eixample","08","l'Antiga Esquerra de l'Eixample","093","No consta",1
2025,"02","Eixample","08","l'Antiga Esquerra de l'Eixample","094","Combustió Interna-Gasolina",453
2025,"02","Eixample","08","l'Antiga Esquerra de l'Eixample","094","Combustió Interna-Gasoil",155
2025,"02","Eixample","08","l'Antiga Esquerra de l'Eixample","094","Elèctrica",16
2025,"02","Eixample","08","l'Antiga Esquerra de l'Eixample","094","Híbrid",52
2025,"02","Eixample","08","l'Antiga Esquerra de l'Eixample","094","Altres",4
2025,"02","Eixample","08","l'Antiga Esquerra de l'Eixample","095","Combustió Interna-Gasolina",508
2025,"02","Eixample","08","l'Antiga Esquerra de l'Eixample","095","Combustió Interna-Gasoil",147
2025,"02","Eixample","08","l'Antiga Esquerra de l'Eixample","095","Elèctrica",10
2025,"02","Eixample","08","l'Antiga Esquerra de l'Eixample","095","Híbrid",50
2025,"02","Eixample","08","l'Antiga Esquerra de l'Eixample","095","Altres",5
2025,"02","Eixample","08","l'Antiga Esquerra de l'Eixample","095","No consta",1
2025,"02","Eixample","08","l'Antiga Esquerra de l'Eixample","096","Combustió Interna-Gasolina",571
2025,"02","Eixample","08","l'Antiga Esquerra de l'Eixample","096","Combustió Interna-Gasoil",115
2025,"02","Eixample","08","l'Antiga Esquerra de l'Eixample","096","Elèctrica",36
2025,"02","Eixample","08","l'Antiga Esquerra de l'Eixample","096","Híbrid",52
2025,"02","Eixample","08","l'Antiga Esquerra de l'Eixample","096","Altres",9
2025,"02","Eixample","08","l'Antiga Esquerra de l'Eixample","096","No consta",2
2025,"02","Eixample","08","l'Antiga Esquerra de l'Eixample","097","Combustió Interna-Gasolina",312
2025,"02","Eixample","08","l'Antiga Esquerra de l'Eixample","097","Combustió Interna-Gasoil",98
2025,"02","Eixample","08","l'Antiga Esquerra de l'Eixample","097","Elèctrica",16
2025,"02","Eixample","08","l'Antiga Esquerra de l'Eixample","097","Híbrid",31
2025,"02","Eixample","08","l'Antiga Esquerra de l'Eixample","097","Altres",6
2025,"02","Eixample","08","l'Antiga Esquerra de l'Eixample","098","Combustió Interna-Gasolina",517
2025,"02","Eixample","08","l'Antiga Esquerra de l'Eixample","098","Combustió Interna-Gasoil",133
2025,"02","Eixample","08","l'Antiga Esquerra de l'Eixample","098","Elèctrica",13
2025,"02","Eixample","08","l'Antiga Esquerra de l'Eixample","098","Híbrid",53
2025,"02","Eixample","08","l'Antiga Esquerra de l'Eixample","098","Altres",9
2025,"02","Eixample","08","l'Antiga Esquerra de l'Eixample","098","No consta",2
2025,"02","Eixample","08","l'Antiga Esquerra de l'Eixample","099","Combustió Interna-Gasolina",567
2025,"02","Eixample","08","l'Antiga Esquerra de l'Eixample","099","Combustió Interna-Gasoil",146
2025,"02","Eixample","08","l'Antiga Esquerra de l'Eixample","099","Elèctrica",21
2025,"02","Eixample","08","l'Antiga Esquerra de l'Eixample","099","Híbrid",63
2025,"02","Eixample","08","l'Antiga Esquerra de l'Eixample","099","Altres",5
2025,"02","Eixample","08","l'Antiga Esquerra de l'Eixample","099","No consta",1
2025,"02","Eixample","08","l'Antiga Esquerra de l'Eixample","100","Combustió Interna-Gasolina",463
2025,"02","Eixample","08","l'Antiga Esquerra de l'Eixample","100","Combustió Interna-Gasoil",142
2025,"02","Eixample","08","l'Antiga Esquerra de l'Eixample","100","Elèctrica",10
2025,"02","Eixample","08","l'Antiga Esquerra de l'Eixample","100","Híbrid",52
2025,"02","Eixample","08","l'Antiga Esquerra de l'Eixample","100","Altres",4
2025,"02","Eixample","08","l'Antiga Esquerra de l'Eixample","100","No consta",1
2025,"02","Eixample","08","l'Antiga Esquerra de l'Eixample","101","Combustió Interna-Gasolina",626
2025,"02","Eixample","08","l'Antiga Esquerra de l'Eixample","101","Combustió Interna-Gasoil",194
2025,"02","Eixample","08","l'Antiga Esquerra de l'Eixample","101","Elèctrica",5
2025,"02","Eixample","08","l'Antiga Esquerra de l'Eixample","101","Híbrid",85
2025,"02","Eixample","08","l'Antiga Esquerra de l'Eixample","101","Altres",6
2025,"02","Eixample","08","l'Antiga Esquerra de l'Eixample","101","No consta",1
2025,"02","Eixample","08","l'Antiga Esquerra de l'Eixample","102","Combustió Interna-Gasolina",462
2025,"02","Eixample","08","l'Antiga Esquerra de l'Eixample","102","Combustió Interna-Gasoil",146
2025,"02","Eixample","08","l'Antiga Esquerra de l'Eixample","102","Elèctrica",7
2025,"02","Eixample","08","l'Antiga Esquerra de l'Eixample","102","Híbrid",54
2025,"02","Eixample","08","l'Antiga Esquerra de l'Eixample","102","Altres",5
2025,"02","Eixample","08","l'Antiga Esquerra de l'Eixample","102","No consta",2
2025,"02","Eixample","08","l'Antiga Esquerra de l'Eixample","103","Combustió Interna-Gasolina",503
2025,"02","Eixample","08","l'Antiga Esquerra de l'Eixample","103","Combustió Interna-Gasoil",159
2025,"02","Eixample","08","l'Antiga Esquerra de l'Eixample","103","Elèctrica",16
2025,"02","Eixample","08","l'Antiga Esquerra de l'Eixample","103","Híbrid",53
2025,"02","Eixample","08","l'Antiga Esquerra de l'Eixample","103","Altres",6
2025,"02","Eixample","08","l'Antiga Esquerra de l'Eixample","103","No consta",1
2025,"02","Eixample","08","l'Antiga Esquerra de l'Eixample","104","Combustió Interna-Gasolina",365
2025,"02","Eixample","08","l'Antiga Esquerra de l'Eixample","104","Combustió Interna-Gasoil",114
2025,"02","Eixample","08","l'Antiga Esquerra de l'Eixample","104","Elèctrica",8
2025,"02","Eixample","08","l'Antiga Esquerra de l'Eixample","104","Híbrid",55
2025,"02","Eixample","08","l'Antiga Esquerra de l'Eixample","104","Altres",3
2025,"02","Eixample","08","l'Antiga Esquerra de l'Eixample","105","Combustió Interna-Gasolina",556
2025,"02","Eixample","08","l'Antiga Esquerra de l'Eixample","105","Combustió Interna-Gasoil",209
2025,"02","Eixample","08","l'Antiga Esquerra de l'Eixample","105","Elèctrica",13
2025,"02","Eixample","08","l'Antiga Esquerra de l'Eixample","105","Híbrid",77
2025,"02","Eixample","08","l'Antiga Esquerra de l'Eixample","105","Altres",7
2025,"02","Eixample","08","l'Antiga Esquerra de l'Eixample","105","No consta",1
2025,"02","Eixample","08","l'Antiga Esquerra de l'Eixample","106","Combustió Interna-Gasolina",562
2025,"02","Eixample","08","l'Antiga Esquerra de l'Eixample","106","Combustió Interna-Gasoil",139
2025,"02","Eixample","08","l'Antiga Esquerra de l'Eixample","106","Elèctrica",17
2025,"02","Eixample","08","l'Antiga Esquerra de l'Eixample","106","Híbrid",65
2025,"02","Eixample","08","l'Antiga Esquerra de l'Eixample","106","Altres",2
2025,"02","Eixample","08","l'Antiga Esquerra de l'Eixample","107","Combustió Interna-Gasolina",608
2025,"02","Eixample","08","l'Antiga Esquerra de l'Eixample","107","Combustió Interna-Gasoil",227
2025,"02","Eixample","08","l'Antiga Esquerra de l'Eixample","107","Elèctrica",24
2025,"02","Eixample","08","l'Antiga Esquerra de l'Eixample","107","Híbrid",77
2025,"02","Eixample","08","l'Antiga Esquerra de l'Eixample","107","Altres",11
2025,"02","Eixample","08","l'Antiga Esquerra de l'Eixample","107","No consta",1
2025,"02","Eixample","08","l'Antiga Esquerra de l'Eixample","108","Combustió Interna-Gasolina",636
2025,"02","Eixample","08","l'Antiga Esquerra de l'Eixample","108","Combustió Interna-Gasoil",202
2025,"02","Eixample","08","l'Antiga Esquerra de l'Eixample","108","Elèctrica",25
2025,"02","Eixample","08","l'Antiga Esquerra de l'Eixample","108","Híbrid",110
2025,"02","Eixample","08","l'Antiga Esquerra de l'Eixample","108","Altres",17
2025,"02","Eixample","08","l'Antiga Esquerra de l'Eixample","108","No consta",6
2025,"02","Eixample","08","l'Antiga Esquerra de l'Eixample","109","Combustió Interna-Gasolina",747
2025,"02","Eixample","08","l'Antiga Esquerra de l'Eixample","109","Combustió Interna-Gasoil",299
2025,"02","Eixample","08","l'Antiga Esquerra de l'Eixample","109","Elèctrica",47
2025,"02","Eixample","08","l'Antiga Esquerra de l'Eixample","109","Híbrid",139
2025,"02","Eixample","08","l'Antiga Esquerra de l'Eixample","109","Altres",23
2025,"02","Eixample","08","l'Antiga Esquerra de l'Eixample","109","No consta",1
2025,"02","Eixample","09","la Nova Esquerra de l'Eixample","110","Combustió Interna-Gasolina",588
2025,"02","Eixample","09","la Nova Esquerra de l'Eixample","110","Combustió Interna-Gasoil",219
2025,"02","Eixample","09","la Nova Esquerra de l'Eixample","110","Elèctrica",21
2025,"02","Eixample","09","la Nova Esquerra de l'Eixample","110","Híbrid",78
2025,"02","Eixample","09","la Nova Esquerra de l'Eixample","110","Altres",9
2025,"02","Eixample","09","la Nova Esquerra de l'Eixample","111","Combustió Interna-Gasolina",599
2025,"02","Eixample","09","la Nova Esquerra de l'Eixample","111","Combustió Interna-Gasoil",217
2025,"02","Eixample","09","la Nova Esquerra de l'Eixample","111","Elèctrica",17
2025,"02","Eixample","09","la Nova Esquerra de l'Eixample","111","Híbrid",63
2025,"02","Eixample","09","la Nova Esquerra de l'Eixample","111","Altres",7
2025,"02","Eixample","09","la Nova Esquerra de l'Eixample","111","No consta",1
2025,"02","Eixample","09","la Nova Esquerra de l'Eixample","112","Combustió Interna-Gasolina",536
2025,"02","Eixample","09","la Nova Esquerra de l'Eixample","112","Combustió Interna-Gasoil",170
2025,"02","Eixample","09","la Nova Esquerra de l'Eixample","112","Elèctrica",13
2025,"02","Eixample","09","la Nova Esquerra de l'Eixample","112","Híbrid",83
2025,"02","Eixample","09","la Nova Esquerra de l'Eixample","112","Altres",16
2025,"02","Eixample","09","la Nova Esquerra de l'Eixample","112","No consta",1
2025,"02","Eixample","09","la Nova Esquerra de l'Eixample","113","Combustió Interna-Gasolina",757
2025,"02","Eixample","09","la Nova Esquerra de l'Eixample","113","Combustió Interna-Gasoil",304
2025,"02","Eixample","09","la Nova Esquerra de l'Eixample","113","Elèctrica",32
2025,"02","Eixample","09","la Nova Esquerra de l'Eixample","113","Híbrid",351
2025,"02","Eixample","09","la Nova Esquerra de l'Eixample","113","Altres",5
2025,"02","Eixample","09","la Nova Esquerra de l'Eixample","114","Combustió Interna-Gasolina",509
2025,"02","Eixample","09","la Nova Esquerra de l'Eixample","114","Combustió Interna-Gasoil",148
2025,"02","Eixample","09","la Nova Esquerra de l'Eixample","114","Elèctrica",9
2025,"02","Eixample","09","la Nova Esquerra de l'Eixample","114","Híbrid",68
2025,"02","Eixample","09","la Nova Esquerra de l'Eixample","114","Altres",4
2025,"02","Eixample","09","la Nova Esquerra de l'Eixample","114","No consta",1
2025,"02","Eixample","09","la Nova Esquerra de l'Eixample","115","Combustió Interna-Gasolina",392
2025,"02","Eixample","09","la Nova Esquerra de l'Eixample","115","Combustió Interna-Gasoil",115
2025,"02","Eixample","09","la Nova Esquerra de l'Eixample","115","Elèctrica",13
2025,"02","Eixample","09","la Nova Esquerra de l'Eixample","115","Híbrid",35
2025,"02","Eixample","09","la Nova Esquerra de l'Eixample","115","Altres",5
2025,"02","Eixample","09","la Nova Esquerra de l'Eixample","116","Combustió Interna-Gasolina",317
2025,"02","Eixample","09","la Nova Esquerra de l'Eixample","116","Combustió Interna-Gasoil",114
2025,"02","Eixample","09","la Nova Esquerra de l'Eixample","116","Elèctrica",9
2025,"02","Eixample","09","la Nova Esquerra de l'Eixample","116","Híbrid",56
2025,"02","Eixample","09","la Nova Esquerra de l'Eixample","116","Altres",2
2025,"02","Eixample","09","la Nova Esquerra de l'Eixample","117","Combustió Interna-Gasolina",427
2025,"02","Eixample","09","la Nova Esquerra de l'Eixample","117","Combustió Interna-Gasoil",178
2025,"02","Eixample","09","la Nova Esquerra de l'Eixample","117","Elèctrica",5
2025,"02","Eixample","09","la Nova Esquerra de l'Eixample","117","Híbrid",70
2025,"02","Eixample","09","la Nova Esquerra de l'Eixample","117","Altres",11
2025,"02","Eixample","09","la Nova Esquerra de l'Eixample","117","No consta",1
2025,"02","Eixample","09","la Nova Esquerra de l'Eixample","118","Combustió Interna-Gasolina",612
2025,"02","Eixample","09","la Nova Esquerra de l'Eixample","118","Combustió Interna-Gasoil",299
2025,"02","Eixample","09","la Nova Esquerra de l'Eixample","118","Elèctrica",22
2025,"02","Eixample","09","la Nova Esquerra de l'Eixample","118","Híbrid",102
2025,"02","Eixample","09","la Nova Esquerra de l'Eixample","118","Altres",4
2025,"02","Eixample","09","la Nova Esquerra de l'Eixample","118","No consta",1
2025,"02","Eixample","09","la Nova Esquerra de l'Eixample","119","Combustió Interna-Gasolina",482
2025,"02","Eixample","09","la Nova Esquerra de l'Eixample","119","Combustió Interna-Gasoil",113
2025,"02","Eixample","09","la Nova Esquerra de l'Eixample","119","Elèctrica",6
2025,"02","Eixample","09","la Nova Esquerra de l'Eixample","119","Híbrid",59
2025,"02","Eixample","09","la Nova Esquerra de l'Eixample","119","Altres",3
2025,"02","Eixample","09","la Nova Esquerra de l'Eixample","119","No consta",3
2025,"02","Eixample","09","la Nova Esquerra de l'Eixample","120","Combustió Interna-Gasolina",393
2025,"02","Eixample","09","la Nova Esquerra de l'Eixample","120","Combustió Interna-Gasoil",119
2025,"02","Eixample","09","la Nova Esquerra de l'Eixample","120","Elèctrica",41
2025,"02","Eixample","09","la Nova Esquerra de l'Eixample","120","Híbrid",54
2025,"02","Eixample","09","la Nova Esquerra de l'Eixample","120","Altres",6
2025,"02","Eixample","09","la Nova Esquerra de l'Eixample","121","Combustió Interna-Gasolina",422
2025,"02","Eixample","09","la Nova Esquerra de l'Eixample","121","Combustió Interna-Gasoil",165
2025,"02","Eixample","09","la Nova Esquerra de l'Eixample","121","Elèctrica",18
2025,"02","Eixample","09","la Nova Esquerra de l'Eixample","121","Híbrid",66
2025,"02","Eixample","09","la Nova Esquerra de l'Eixample","121","Altres",11
2025,"02","Eixample","09","la Nova Esquerra de l'Eixample","121","No consta",1
2025,"02","Eixample","09","la Nova Esquerra de l'Eixample","122","Combustió Interna-Gasolina",318
2025,"02","Eixample","09","la Nova Esquerra de l'Eixample","122","Combustió Interna-Gasoil",116
2025,"02","Eixample","09","la Nova Esquerra de l'Eixample","122","Elèctrica",5
2025,"02","Eixample","09","la Nova Esquerra de l'Eixample","122","Híbrid",48
2025,"02","Eixample","09","la Nova Esquerra de l'Eixample","122","Altres",5
2025,"02","Eixample","09","la Nova Esquerra de l'Eixample","123","Combustió Interna-Gasolina",341
2025,"02","Eixample","09","la Nova Esquerra de l'Eixample","123","Combustió Interna-Gasoil",99
2025,"02","Eixample","09","la Nova Esquerra de l'Eixample","123","Elèctrica",3
2025,"02","Eixample","09","la Nova Esquerra de l'Eixample","123","Híbrid",45
2025,"02","Eixample","09","la Nova Esquerra de l'Eixample","123","Altres",4
2025,"02","Eixample","09","la Nova Esquerra de l'Eixample","124","Combustió Interna-Gasolina",391
2025,"02","Eixample","09","la Nova Esquerra de l'Eixample","124","Combustió Interna-Gasoil",130
2025,"02","Eixample","09","la Nova Esquerra de l'Eixample","124","Elèctrica",4
2025,"02","Eixample","09","la Nova Esquerra de l'Eixample","124","Híbrid",59
2025,"02","Eixample","09","la Nova Esquerra de l'Eixample","124","Altres",4
2025,"02","Eixample","09","la Nova Esquerra de l'Eixample","125","Combustió Interna-Gasolina",504
2025,"02","Eixample","09","la Nova Esquerra de l'Eixample","125","Combustió Interna-Gasoil",133
2025,"02","Eixample","09","la Nova Esquerra de l'Eixample","125","Elèctrica",9
2025,"02","Eixample","09","la Nova Esquerra de l'Eixample","125","Híbrid",69
2025,"02","Eixample","09","la Nova Esquerra de l'Eixample","125","Altres",2
2025,"02","Eixample","09","la Nova Esquerra de l'Eixample","126","Combustió Interna-Gasolina",517
2025,"02","Eixample","09","la Nova Esquerra de l'Eixample","126","Combustió Interna-Gasoil",237
2025,"02","Eixample","09","la Nova Esquerra de l'Eixample","126","Elèctrica",25
2025,"02","Eixample","09","la Nova Esquerra de l'Eixample","126","Híbrid",95
2025,"02","Eixample","09","la Nova Esquerra de l'Eixample","126","Altres",16
2025,"02","Eixample","09","la Nova Esquerra de l'Eixample","127","Combustió Interna-Gasolina",333
2025,"02","Eixample","09","la Nova Esquerra de l'Eixample","127","Combustió Interna-Gasoil",686
2025,"02","Eixample","09","la Nova Esquerra de l'Eixample","127","Elèctrica",17
2025,"02","Eixample","09","la Nova Esquerra de l'Eixample","127","Híbrid",69
2025,"02","Eixample","09","la Nova Esquerra de l'Eixample","127","Altres",7
2025,"02","Eixample","09","la Nova Esquerra de l'Eixample","128","Combustió Interna-Gasolina",332
2025,"02","Eixample","09","la Nova Esquerra de l'Eixample","128","Combustió Interna-Gasoil",121
2025,"02","Eixample","09","la Nova Esquerra de l'Eixample","128","Elèctrica",14
2025,"02","Eixample","09","la Nova Esquerra de l'Eixample","128","Híbrid",42
2025,"02","Eixample","09","la Nova Esquerra de l'Eixample","128","Altres",5
2025,"02","Eixample","09","la Nova Esquerra de l'Eixample","129","Combustió Interna-Gasolina",438
2025,"02","Eixample","09","la Nova Esquerra de l'Eixample","129","Combustió Interna-Gasoil",215
2025,"02","Eixample","09","la Nova Esquerra de l'Eixample","129","Elèctrica",11
2025,"02","Eixample","09","la Nova Esquerra de l'Eixample","129","Híbrid",72
2025,"02","Eixample","09","la Nova Esquerra de l'Eixample","129","Altres",5
2025,"02","Eixample","09","la Nova Esquerra de l'Eixample","130","Combustió Interna-Gasolina",389
2025,"02","Eixample","09","la Nova Esquerra de l'Eixample","130","Combustió Interna-Gasoil",176
2025,"02","Eixample","09","la Nova Esquerra de l'Eixample","130","Elèctrica",8
2025,"02","Eixample","09","la Nova Esquerra de l'Eixample","130","Híbrid",74
2025,"02","Eixample","09","la Nova Esquerra de l'Eixample","130","Altres",13
2025,"02","Eixample","09","la Nova Esquerra de l'Eixample","130","No consta",1
2025,"02","Eixample","09","la Nova Esquerra de l'Eixample","131","Combustió Interna-Gasolina",330
2025,"02","Eixample","09","la Nova Esquerra de l'Eixample","131","Combustió Interna-Gasoil",106
2025,"02","Eixample","09","la Nova Esquerra de l'Eixample","131","Elèctrica",9
2025,"02","Eixample","09","la Nova Esquerra de l'Eixample","131","Híbrid",42
2025,"02","Eixample","09","la Nova Esquerra de l'Eixample","131","Altres",13
2025,"02","Eixample","09","la Nova Esquerra de l'Eixample","132","Combustió Interna-Gasolina",389
2025,"02","Eixample","09","la Nova Esquerra de l'Eixample","132","Combustió Interna-Gasoil",200
2025,"02","Eixample","09","la Nova Esquerra de l'Eixample","132","Elèctrica",132
2025,"02","Eixample","09","la Nova Esquerra de l'Eixample","132","Híbrid",188
2025,"02","Eixample","09","la Nova Esquerra de l'Eixample","132","Altres",3
2025,"02","Eixample","09","la Nova Esquerra de l'Eixample","133","Combustió Interna-Gasolina",265
2025,"02","Eixample","09","la Nova Esquerra de l'Eixample","133","Combustió Interna-Gasoil",84
2025,"02","Eixample","09","la Nova Esquerra de l'Eixample","133","Elèctrica",2
2025,"02","Eixample","09","la Nova Esquerra de l'Eixample","133","Híbrid",27
2025,"02","Eixample","09","la Nova Esquerra de l'Eixample","133","Altres",5
2025,"02","Eixample","09","la Nova Esquerra de l'Eixample","134","Combustió Interna-Gasolina",458
2025,"02","Eixample","09","la Nova Esquerra de l'Eixample","134","Combustió Interna-Gasoil",158
2025,"02","Eixample","09","la Nova Esquerra de l'Eixample","134","Elèctrica",4
2025,"02","Eixample","09","la Nova Esquerra de l'Eixample","134","Híbrid",45
2025,"02","Eixample","09","la Nova Esquerra de l'Eixample","134","Altres",5
2025,"02","Eixample","09","la Nova Esquerra de l'Eixample","135","Combustió Interna-Gasolina",530
2025,"02","Eixample","09","la Nova Esquerra de l'Eixample","135","Combustió Interna-Gasoil",192
2025,"02","Eixample","09","la Nova Esquerra de l'Eixample","135","Elèctrica",11
2025,"02","Eixample","09","la Nova Esquerra de l'Eixample","135","Híbrid",72
2025,"02","Eixample","09","la Nova Esquerra de l'Eixample","135","Altres",3
2025,"02","Eixample","09","la Nova Esquerra de l'Eixample","135","No consta",2
2025,"02","Eixample","09","la Nova Esquerra de l'Eixample","136","Combustió Interna-Gasolina",273
2025,"02","Eixample","09","la Nova Esquerra de l'Eixample","136","Combustió Interna-Gasoil",109
2025,"02","Eixample","09","la Nova Esquerra de l'Eixample","136","Elèctrica",2
2025,"02","Eixample","09","la Nova Esquerra de l'Eixample","136","Híbrid",43
2025,"02","Eixample","09","la Nova Esquerra de l'Eixample","136","Altres",7
2025,"02","Eixample","09","la Nova Esquerra de l'Eixample","137","Combustió Interna-Gasolina",377
2025,"02","Eixample","09","la Nova Esquerra de l'Eixample","137","Combustió Interna-Gasoil",149
2025,"02","Eixample","09","la Nova Esquerra de l'Eixample","137","Elèctrica",16
2025,"02","Eixample","09","la Nova Esquerra de l'Eixample","137","Híbrid",49
2025,"02","Eixample","09","la Nova Esquerra de l'Eixample","137","Altres",10
2025,"02","Eixample","09","la Nova Esquerra de l'Eixample","138","Combustió Interna-Gasolina",606
2025,"02","Eixample","09","la Nova Esquerra de l'Eixample","138","Combustió Interna-Gasoil",207
2025,"02","Eixample","09","la Nova Esquerra de l'Eixample","138","Elèctrica",13
2025,"02","Eixample","09","la Nova Esquerra de l'Eixample","138","Híbrid",85
2025,"02","Eixample","09","la Nova Esquerra de l'Eixample","138","Altres",29
2025,"02","Eixample","09","la Nova Esquerra de l'Eixample","138","No consta",1
2025,"02","Eixample","09","la Nova Esquerra de l'Eixample","139","Combustió Interna-Gasolina",464
2025,"02","Eixample","09","la Nova Esquerra de l'Eixample","139","Combustió Interna-Gasoil",156
2025,"02","Eixample","09","la Nova Esquerra de l'Eixample","139","Elèctrica",6
2025,"02","Eixample","09","la Nova Esquerra de l'Eixample","139","Híbrid",49
2025,"02","Eixample","09","la Nova Esquerra de l'Eixample","139","Altres",3
2025,"02","Eixample","09","la Nova Esquerra de l'Eixample","139","No consta",2
2025,"02","Eixample","09","la Nova Esquerra de l'Eixample","140","Combustió Interna-Gasolina",657
2025,"02","Eixample","09","la Nova Esquerra de l'Eixample","140","Combustió Interna-Gasoil",174
2025,"02","Eixample","09","la Nova Esquerra de l'Eixample","140","Elèctrica",14
2025,"02","Eixample","09","la Nova Esquerra de l'Eixample","140","Híbrid",59
2025,"02","Eixample","09","la Nova Esquerra de l'Eixample","140","Altres",8
2025,"02","Eixample","09","la Nova Esquerra de l'Eixample","141","Combustió Interna-Gasolina",419
2025,"02","Eixample","09","la Nova Esquerra de l'Eixample","141","Combustió Interna-Gasoil",118
2025,"02","Eixample","09","la Nova Esquerra de l'Eixample","141","Elèctrica",7
2025,"02","Eixample","09","la Nova Esquerra de l'Eixample","141","Híbrid",46
2025,"02","Eixample","09","la Nova Esquerra de l'Eixample","141","Altres",1
2025,"02","Eixample","09","la Nova Esquerra de l'Eixample","142","Combustió Interna-Gasolina",547
2025,"02","Eixample","09","la Nova Esquerra de l'Eixample","142","Combustió Interna-Gasoil",184
2025,"02","Eixample","09","la Nova Esquerra de l'Eixample","142","Elèctrica",10
2025,"02","Eixample","09","la Nova Esquerra de l'Eixample","142","Híbrid",59
2025,"02","Eixample","09","la Nova Esquerra de l'Eixample","142","Altres",5
2025,"02","Eixample","09","la Nova Esquerra de l'Eixample","142","No consta",1
2025,"02","Eixample","09","la Nova Esquerra de l'Eixample","143","Combustió Interna-Gasolina",452
2025,"02","Eixample","09","la Nova Esquerra de l'Eixample","143","Combustió Interna-Gasoil",162
2025,"02","Eixample","09","la Nova Esquerra de l'Eixample","143","Elèctrica",8
2025,"02","Eixample","09","la Nova Esquerra de l'Eixample","143","Híbrid",60
2025,"02","Eixample","09","la Nova Esquerra de l'Eixample","143","Altres",5
2025,"02","Eixample","09","la Nova Esquerra de l'Eixample","144","Combustió Interna-Gasolina",412
2025,"02","Eixample","09","la Nova Esquerra de l'Eixample","144","Combustió Interna-Gasoil",143
2025,"02","Eixample","09","la Nova Esquerra de l'Eixample","144","Elèctrica",12
2025,"02","Eixample","09","la Nova Esquerra de l'Eixample","144","Híbrid",59
2025,"02","Eixample","09","la Nova Esquerra de l'Eixample","144","Altres",4
2025,"02","Eixample","09","la Nova Esquerra de l'Eixample","145","Combustió Interna-Gasolina",320
2025,"02","Eixample","09","la Nova Esquerra de l'Eixample","145","Combustió Interna-Gasoil",124
2025,"02","Eixample","09","la Nova Esquerra de l'Eixample","145","Elèctrica",11
2025,"02","Eixample","09","la Nova Esquerra de l'Eixample","145","Híbrid",34
2025,"02","Eixample","09","la Nova Esquerra de l'Eixample","145","Altres",4
2025,"02","Eixample","09","la Nova Esquerra de l'Eixample","145","No consta",2
2025,"02","Eixample","09","la Nova Esquerra de l'Eixample","146","Combustió Interna-Gasolina",382
2025,"02","Eixample","09","la Nova Esquerra de l'Eixample","146","Combustió Interna-Gasoil",171
2025,"02","Eixample","09","la Nova Esquerra de l'Eixample","146","Elèctrica",9
2025,"02","Eixample","09","la Nova Esquerra de l'Eixample","146","Híbrid",33
2025,"02","Eixample","09","la Nova Esquerra de l'Eixample","146","Altres",15
2025,"02","Eixample","09","la Nova Esquerra de l'Eixample","147","Combustió Interna-Gasolina",564
2025,"02","Eixample","09","la Nova Esquerra de l'Eixample","147","Combustió Interna-Gasoil",216
2025,"02","Eixample","09","la Nova Esquerra de l'Eixample","147","Elèctrica",9
2025,"02","Eixample","09","la Nova Esquerra de l'Eixample","147","Híbrid",72
2025,"02","Eixample","09","la Nova Esquerra de l'Eixample","147","Altres",11
2025,"02","Eixample","09","la Nova Esquerra de l'Eixample","148","Combustió Interna-Gasolina",530
2025,"02","Eixample","09","la Nova Esquerra de l'Eixample","148","Combustió Interna-Gasoil",196
2025,"02","Eixample","09","la Nova Esquerra de l'Eixample","148","Elèctrica",49
2025,"02","Eixample","09","la Nova Esquerra de l'Eixample","148","Híbrid",69
2025,"02","Eixample","09","la Nova Esquerra de l'Eixample","148","Altres",7
2025,"02","Eixample","09","la Nova Esquerra de l'Eixample","148","No consta",1
2025,"02","Eixample","09","la Nova Esquerra de l'Eixample","149","Combustió Interna-Gasolina",477
2025,"02","Eixample","09","la Nova Esquerra de l'Eixample","149","Combustió Interna-Gasoil",175
2025,"02","Eixample","09","la Nova Esquerra de l'Eixample","149","Elèctrica",13
2025,"02","Eixample","09","la Nova Esquerra de l'Eixample","149","Híbrid",68
2025,"02","Eixample","09","la Nova Esquerra de l'Eixample","149","Altres",10
2025,"02","Eixample","09","la Nova Esquerra de l'Eixample","149","No consta",1
2025,"02","Eixample","10","Sant Antoni","150","Combustió Interna-Gasolina",346
2025,"02","Eixample","10","Sant Antoni","150","Combustió Interna-Gasoil",145
2025,"02","Eixample","10","Sant Antoni","150","Elèctrica",2
2025,"02","Eixample","10","Sant Antoni","150","Híbrid",38
2025,"02","Eixample","10","Sant Antoni","150","Altres",8
2025,"02","Eixample","10","Sant Antoni","151","Combustió Interna-Gasolina",418
2025,"02","Eixample","10","Sant Antoni","151","Combustió Interna-Gasoil",147
2025,"02","Eixample","10","Sant Antoni","151","Elèctrica",6
2025,"02","Eixample","10","Sant Antoni","151","Híbrid",42
2025,"02","Eixample","10","Sant Antoni","151","Altres",5
2025,"02","Eixample","10","Sant Antoni","151","No consta",1
2025,"02","Eixample","10","Sant Antoni","152","Combustió Interna-Gasolina",376
2025,"02","Eixample","10","Sant Antoni","152","Combustió Interna-Gasoil",135
2025,"02","Eixample","10","Sant Antoni","152","Elèctrica",6
2025,"02","Eixample","10","Sant Antoni","152","Híbrid",53
2025,"02","Eixample","10","Sant Antoni","152","Altres",6
2025,"02","Eixample","10","Sant Antoni","152","No consta",2
2025,"02","Eixample","10","Sant Antoni","153","Combustió Interna-Gasolina",382
2025,"02","Eixample","10","Sant Antoni","153","Combustió Interna-Gasoil",146
2025,"02","Eixample","10","Sant Antoni","153","Elèctrica",9
2025,"02","Eixample","10","Sant Antoni","153","Híbrid",54
2025,"02","Eixample","10","Sant Antoni","153","Altres",9
2025,"02","Eixample","10","Sant Antoni","153","No consta",1
2025,"02","Eixample","10","Sant Antoni","154","Combustió Interna-Gasolina",264
2025,"02","Eixample","10","Sant Antoni","154","Combustió Interna-Gasoil",100
2025,"02","Eixample","10","Sant Antoni","154","Elèctrica",8
2025,"02","Eixample","10","Sant Antoni","154","Híbrid",27
2025,"02","Eixample","10","Sant Antoni","154","Altres",8
2025,"02","Eixample","10","Sant Antoni","155","Combustió Interna-Gasolina",457
2025,"02","Eixample","10","Sant Antoni","155","Combustió Interna-Gasoil",153
2025,"02","Eixample","10","Sant Antoni","155","Elèctrica",4
2025,"02","Eixample","10","Sant Antoni","155","Híbrid",43
2025,"02","Eixample","10","Sant Antoni","155","Altres",7
2025,"02","Eixample","10","Sant Antoni","156","Combustió Interna-Gasolina",384
2025,"02","Eixample","10","Sant Antoni","156","Combustió Interna-Gasoil",128
2025,"02","Eixample","10","Sant Antoni","156","Elèctrica",9
2025,"02","Eixample","10","Sant Antoni","156","Híbrid",39
2025,"02","Eixample","10","Sant Antoni","156","Altres",12
2025,"02","Eixample","10","Sant Antoni","157","Combustió Interna-Gasolina",308
2025,"02","Eixample","10","Sant Antoni","157","Combustió Interna-Gasoil",121
2025,"02","Eixample","10","Sant Antoni","157","Elèctrica",4
2025,"02","Eixample","10","Sant Antoni","157","Híbrid",34
2025,"02","Eixample","10","Sant Antoni","157","Altres",6
2025,"02","Eixample","10","Sant Antoni","157","No consta",1
2025,"02","Eixample","10","Sant Antoni","158","Combustió Interna-Gasolina",439
2025,"02","Eixample","10","Sant Antoni","158","Combustió Interna-Gasoil",205
2025,"02","Eixample","10","Sant Antoni","158","Elèctrica",28
2025,"02","Eixample","10","Sant Antoni","158","Híbrid",69
2025,"02","Eixample","10","Sant Antoni","158","Altres",9
2025,"02","Eixample","10","Sant Antoni","159","Combustió Interna-Gasolina",549
2025,"02","Eixample","10","Sant Antoni","159","Combustió Interna-Gasoil",160
2025,"02","Eixample","10","Sant Antoni","159","Elèctrica",5
2025,"02","Eixample","10","Sant Antoni","159","Híbrid",55
2025,"02","Eixample","10","Sant Antoni","159","Altres",3
2025,"02","Eixample","10","Sant Antoni","159","No consta",1
2025,"02","Eixample","10","Sant Antoni","160","Combustió Interna-Gasolina",574
2025,"02","Eixample","10","Sant Antoni","160","Combustió Interna-Gasoil",171
2025,"02","Eixample","10","Sant Antoni","160","Elèctrica",10
2025,"02","Eixample","10","Sant Antoni","160","Híbrid",74
2025,"02","Eixample","10","Sant Antoni","160","Altres",12
2025,"02","Eixample","10","Sant Antoni","160","No consta",1
2025,"02","Eixample","10","Sant Antoni","161","Combustió Interna-Gasolina",294
2025,"02","Eixample","10","Sant Antoni","161","Combustió Interna-Gasoil",109
2025,"02","Eixample","10","Sant Antoni","161","Elèctrica",6
2025,"02","Eixample","10","Sant Antoni","161","Híbrid",46
2025,"02","Eixample","10","Sant Antoni","161","Altres",3
2025,"02","Eixample","10","Sant Antoni","162","Combustió Interna-Gasolina",336
2025,"02","Eixample","10","Sant Antoni","162","Combustió Interna-Gasoil",110
2025,"02","Eixample","10","Sant Antoni","162","Elèctrica",2
2025,"02","Eixample","10","Sant Antoni","162","Híbrid",41
2025,"02","Eixample","10","Sant Antoni","162","Altres",4
2025,"02","Eixample","10","Sant Antoni","162","No consta",1
2025,"02","Eixample","10","Sant Antoni","163","Combustió Interna-Gasolina",535
2025,"02","Eixample","10","Sant Antoni","163","Combustió Interna-Gasoil",195
2025,"02","Eixample","10","Sant Antoni","163","Elèctrica",25
2025,"02","Eixample","10","Sant Antoni","163","Híbrid",69
2025,"02","Eixample","10","Sant Antoni","163","Altres",9
2025,"02","Eixample","10","Sant Antoni","163","No consta",2
2025,"02","Eixample","10","Sant Antoni","164","Combustió Interna-Gasolina",472
2025,"02","Eixample","10","Sant Antoni","164","Combustió Interna-Gasoil",205
2025,"02","Eixample","10","Sant Antoni","164","Elèctrica",22
2025,"02","Eixample","10","Sant Antoni","164","Híbrid",57
2025,"02","Eixample","10","Sant Antoni","164","Altres",11
2025,"02","Eixample","10","Sant Antoni","165","Combustió Interna-Gasolina",380
2025,"02","Eixample","10","Sant Antoni","165","Combustió Interna-Gasoil",142
2025,"02","Eixample","10","Sant Antoni","165","Elèctrica",13
2025,"02","Eixample","10","Sant Antoni","165","Híbrid",61
2025,"02","Eixample","10","Sant Antoni","165","Altres",7
2025,"02","Eixample","10","Sant Antoni","165","No consta",1
2025,"02","Eixample","10","Sant Antoni","166","Combustió Interna-Gasolina",531
2025,"02","Eixample","10","Sant Antoni","166","Combustió Interna-Gasoil",184
2025,"02","Eixample","10","Sant Antoni","166","Elèctrica",7
2025,"02","Eixample","10","Sant Antoni","166","Híbrid",66
2025,"02","Eixample","10","Sant Antoni","166","Altres",9
2025,"02","Eixample","10","Sant Antoni","166","No consta",1
2025,"02","Eixample","10","Sant Antoni","167","Combustió Interna-Gasolina",606
2025,"02","Eixample","10","Sant Antoni","167","Combustió Interna-Gasoil",240
2025,"02","Eixample","10","Sant Antoni","167","Elèctrica",15
2025,"02","Eixample","10","Sant Antoni","167","Híbrid",68
2025,"02","Eixample","10","Sant Antoni","167","Altres",31
2025,"02","Eixample","10","Sant Antoni","167","No consta",1
2025,"02","Eixample","10","Sant Antoni","168","Combustió Interna-Gasolina",553
2025,"02","Eixample","10","Sant Antoni","168","Combustió Interna-Gasoil",193
2025,"02","Eixample","10","Sant Antoni","168","Elèctrica",8
2025,"02","Eixample","10","Sant Antoni","168","Híbrid",68
2025,"02","Eixample","10","Sant Antoni","168","Altres",9
2025,"02","Eixample","10","Sant Antoni","168","No consta",1
2025,"02","Eixample","10","Sant Antoni","169","Combustió Interna-Gasolina",360
2025,"02","Eixample","10","Sant Antoni","169","Combustió Interna-Gasoil",127
2025,"02","Eixample","10","Sant Antoni","169","Elèctrica",5
2025,"02","Eixample","10","Sant Antoni","169","Híbrid",27
2025,"02","Eixample","10","Sant Antoni","169","Altres",12
2025,"02","Eixample","10","Sant Antoni","170","Combustió Interna-Gasolina",389
2025,"02","Eixample","10","Sant Antoni","170","Combustió Interna-Gasoil",139
2025,"02","Eixample","10","Sant Antoni","170","Elèctrica",7
2025,"02","Eixample","10","Sant Antoni","170","Híbrid",38
2025,"02","Eixample","10","Sant Antoni","170","Altres",26
2025,"02","Eixample","10","Sant Antoni","171","Combustió Interna-Gasolina",358
2025,"02","Eixample","10","Sant Antoni","171","Combustió Interna-Gasoil",142
2025,"02","Eixample","10","Sant Antoni","171","Elèctrica",11
2025,"02","Eixample","10","Sant Antoni","171","Híbrid",42
2025,"02","Eixample","10","Sant Antoni","171","Altres",10
2025,"02","Eixample","10","Sant Antoni","171","No consta",2
2025,"02","Eixample","10","Sant Antoni","172","Combustió Interna-Gasolina",384
2025,"02","Eixample","10","Sant Antoni","172","Combustió Interna-Gasoil",112
2025,"02","Eixample","10","Sant Antoni","172","Elèctrica",4
2025,"02","Eixample","10","Sant Antoni","172","Híbrid",43
2025,"02","Eixample","10","Sant Antoni","172","Altres",8
2025,"02","Eixample","10","Sant Antoni","173","Combustió Interna-Gasolina",393
2025,"02","Eixample","10","Sant Antoni","173","Combustió Interna-Gasoil",171
2025,"02","Eixample","10","Sant Antoni","173","Elèctrica",9
2025,"02","Eixample","10","Sant Antoni","173","Híbrid",44
2025,"02","Eixample","10","Sant Antoni","173","Altres",3
2025,"03","Sants-Montjuïc","11","el Poble Sec - AEI Parc Montjuïc","001","Combustió Interna-Gasolina",413
2025,"03","Sants-Montjuïc","11","el Poble Sec - AEI Parc Montjuïc","001","Combustió Interna-Gasoil",149
2025,"03","Sants-Montjuïc","11","el Poble Sec - AEI Parc Montjuïc","001","Elèctrica",4
2025,"03","Sants-Montjuïc","11","el Poble Sec - AEI Parc Montjuïc","001","Híbrid",53
2025,"03","Sants-Montjuïc","11","el Poble Sec - AEI Parc Montjuïc","001","Altres",5
2025,"03","Sants-Montjuïc","11","el Poble Sec - AEI Parc Montjuïc","002","Combustió Interna-Gasolina",491
2025,"03","Sants-Montjuïc","11","el Poble Sec - AEI Parc Montjuïc","002","Combustió Interna-Gasoil",208
2025,"03","Sants-Montjuïc","11","el Poble Sec - AEI Parc Montjuïc","002","Elèctrica",6
2025,"03","Sants-Montjuïc","11","el Poble Sec - AEI Parc Montjuïc","002","Híbrid",36
2025,"03","Sants-Montjuïc","11","el Poble Sec - AEI Parc Montjuïc","002","Altres",10
2025,"03","Sants-Montjuïc","11","el Poble Sec - AEI Parc Montjuïc","003","Combustió Interna-Gasolina",355
2025,"03","Sants-Montjuïc","11","el Poble Sec - AEI Parc Montjuïc","003","Combustió Interna-Gasoil",137
2025,"03","Sants-Montjuïc","11","el Poble Sec - AEI Parc Montjuïc","003","Elèctrica",7
2025,"03","Sants-Montjuïc","11","el Poble Sec - AEI Parc Montjuïc","003","Híbrid",36
2025,"03","Sants-Montjuïc","11","el Poble Sec - AEI Parc Montjuïc","003","Altres",2
2025,"03","Sants-Montjuïc","11","el Poble Sec - AEI Parc Montjuïc","004","Combustió Interna-Gasolina",392
2025,"03","Sants-Montjuïc","11","el Poble Sec - AEI Parc Montjuïc","004","Combustió Interna-Gasoil",145
2025,"03","Sants-Montjuïc","11","el Poble Sec - AEI Parc Montjuïc","004","Elèctrica",2
2025,"03","Sants-Montjuïc","11","el Poble Sec - AEI Parc Montjuïc","004","Híbrid",49
2025,"03","Sants-Montjuïc","11","el Poble Sec - AEI Parc Montjuïc","004","Altres",5
2025,"03","Sants-Montjuïc","11","el Poble Sec - AEI Parc Montjuïc","004","No consta",1
2025,"03","Sants-Montjuïc","11","el Poble Sec - AEI Parc Montjuïc","005","Combustió Interna-Gasolina",299
2025,"03","Sants-Montjuïc","11","el Poble Sec - AEI Parc Montjuïc","005","Combustió Interna-Gasoil",126
2025,"03","Sants-Montjuïc","11","el Poble Sec - AEI Parc Montjuïc","005","Elèctrica",3
2025,"03","Sants-Montjuïc","11","el Poble Sec - AEI Parc Montjuïc","005","Híbrid",32
2025,"03","Sants-Montjuïc","11","el Poble Sec - AEI Parc Montjuïc","005","Altres",4
2025,"03","Sants-Montjuïc","11","el Poble Sec - AEI Parc Montjuïc","005","No consta",3
2025,"03","Sants-Montjuïc","11","el Poble Sec - AEI Parc Montjuïc","006","Combustió Interna-Gasolina",388
2025,"03","Sants-Montjuïc","11","el Poble Sec - AEI Parc Montjuïc","006","Combustió Interna-Gasoil",176
2025,"03","Sants-Montjuïc","11","el Poble Sec - AEI Parc Montjuïc","006","Elèctrica",6
2025,"03","Sants-Montjuïc","11","el Poble Sec - AEI Parc Montjuïc","006","Híbrid",37
2025,"03","Sants-Montjuïc","11","el Poble Sec - AEI Parc Montjuïc","006","Altres",12
2025,"03","Sants-Montjuïc","11","el Poble Sec - AEI Parc Montjuïc","007","Combustió Interna-Gasolina",365
2025,"03","Sants-Montjuïc","11","el Poble Sec - AEI Parc Montjuïc","007","Combustió Interna-Gasoil",166
2025,"03","Sants-Montjuïc","11","el Poble Sec - AEI Parc Montjuïc","007","Elèctrica",4
2025,"03","Sants-Montjuïc","11","el Poble Sec - AEI Parc Montjuïc","007","Híbrid",33
2025,"03","Sants-Montjuïc","11","el Poble Sec - AEI Parc Montjuïc","007","Altres",4
2025,"03","Sants-Montjuïc","11","el Poble Sec - AEI Parc Montjuïc","008","Combustió Interna-Gasolina",241
2025,"03","Sants-Montjuïc","11","el Poble Sec - AEI Parc Montjuïc","008","Combustió Interna-Gasoil",107
2025,"03","Sants-Montjuïc","11","el Poble Sec - AEI Parc Montjuïc","008","Elèctrica",6
2025,"03","Sants-Montjuïc","11","el Poble Sec - AEI Parc Montjuïc","008","Híbrid",22
2025,"03","Sants-Montjuïc","11","el Poble Sec - AEI Parc Montjuïc","008","Altres",4
2025,"03","Sants-Montjuïc","11","el Poble Sec - AEI Parc Montjuïc","009","Combustió Interna-Gasolina",297
2025,"03","Sants-Montjuïc","11","el Poble Sec - AEI Parc Montjuïc","009","Combustió Interna-Gasoil",129
2025,"03","Sants-Montjuïc","11","el Poble Sec - AEI Parc Montjuïc","009","Elèctrica",3
2025,"03","Sants-Montjuïc","11","el Poble Sec - AEI Parc Montjuïc","009","Híbrid",26
2025,"03","Sants-Montjuïc","11","el Poble Sec - AEI Parc Montjuïc","009","Altres",5
2025,"03","Sants-Montjuïc","11","el Poble Sec - AEI Parc Montjuïc","009","No consta",1
2025,"03","Sants-Montjuïc","11","el Poble Sec - AEI Parc Montjuïc","010","Combustió Interna-Gasolina",410
2025,"03","Sants-Montjuïc","11","el Poble Sec - AEI Parc Montjuïc","010","Combustió Interna-Gasoil",175
2025,"03","Sants-Montjuïc","11","el Poble Sec - AEI Parc Montjuïc","010","Elèctrica",6
2025,"03","Sants-Montjuïc","11","el Poble Sec - AEI Parc Montjuïc","010","Híbrid",48
2025,"03","Sants-Montjuïc","11","el Poble Sec - AEI Parc Montjuïc","010","Altres",9
2025,"03","Sants-Montjuïc","11","el Poble Sec - AEI Parc Montjuïc","011","Combustió Interna-Gasolina",390
2025,"03","Sants-Montjuïc","11","el Poble Sec - AEI Parc Montjuïc","011","Combustió Interna-Gasoil",163
2025,"03","Sants-Montjuïc","11","el Poble Sec - AEI Parc Montjuïc","011","Elèctrica",5
2025,"03","Sants-Montjuïc","11","el Poble Sec - AEI Parc Montjuïc","011","Híbrid",33
2025,"03","Sants-Montjuïc","11","el Poble Sec - AEI Parc Montjuïc","011","Altres",4
2025,"03","Sants-Montjuïc","11","el Poble Sec - AEI Parc Montjuïc","012","Combustió Interna-Gasolina",476
2025,"03","Sants-Montjuïc","11","el Poble Sec - AEI Parc Montjuïc","012","Combustió Interna-Gasoil",210
2025,"03","Sants-Montjuïc","11","el Poble Sec - AEI Parc Montjuïc","012","Elèctrica",8
2025,"03","Sants-Montjuïc","11","el Poble Sec - AEI Parc Montjuïc","012","Híbrid",47
2025,"03","Sants-Montjuïc","11","el Poble Sec - AEI Parc Montjuïc","012","Altres",5
2025,"03","Sants-Montjuïc","11","el Poble Sec - AEI Parc Montjuïc","013","Combustió Interna-Gasolina",368
2025,"03","Sants-Montjuïc","11","el Poble Sec - AEI Parc Montjuïc","013","Combustió Interna-Gasoil",177
2025,"03","Sants-Montjuïc","11","el Poble Sec - AEI Parc Montjuïc","013","Elèctrica",1
2025,"03","Sants-Montjuïc","11","el Poble Sec - AEI Parc Montjuïc","013","Híbrid",28
2025,"03","Sants-Montjuïc","11","el Poble Sec - AEI Parc Montjuïc","013","Altres",10
2025,"03","Sants-Montjuïc","11","el Poble Sec - AEI Parc Montjuïc","013","No consta",1
2025,"03","Sants-Montjuïc","11","el Poble Sec - AEI Parc Montjuïc","014","Combustió Interna-Gasolina",382
2025,"03","Sants-Montjuïc","11","el Poble Sec - AEI Parc Montjuïc","014","Combustió Interna-Gasoil",166
2025,"03","Sants-Montjuïc","11","el Poble Sec - AEI Parc Montjuïc","014","Elèctrica",4
2025,"03","Sants-Montjuïc","11","el Poble Sec - AEI Parc Montjuïc","014","Híbrid",28
2025,"03","Sants-Montjuïc","11","el Poble Sec - AEI Parc Montjuïc","014","Altres",8
2025,"03","Sants-Montjuïc","11","el Poble Sec - AEI Parc Montjuïc","015","Combustió Interna-Gasolina",596
2025,"03","Sants-Montjuïc","11","el Poble Sec - AEI Parc Montjuïc","015","Combustió Interna-Gasoil",245
2025,"03","Sants-Montjuïc","11","el Poble Sec - AEI Parc Montjuïc","015","Elèctrica",10
2025,"03","Sants-Montjuïc","11","el Poble Sec - AEI Parc Montjuïc","015","Híbrid",53
2025,"03","Sants-Montjuïc","11","el Poble Sec - AEI Parc Montjuïc","015","Altres",13
2025,"03","Sants-Montjuïc","11","el Poble Sec - AEI Parc Montjuïc","016","Combustió Interna-Gasolina",229
2025,"03","Sants-Montjuïc","11","el Poble Sec - AEI Parc Montjuïc","016","Combustió Interna-Gasoil",125
2025,"03","Sants-Montjuïc","11","el Poble Sec - AEI Parc Montjuïc","016","Elèctrica",2
2025,"03","Sants-Montjuïc","11","el Poble Sec - AEI Parc Montjuïc","016","Híbrid",29
2025,"03","Sants-Montjuïc","11","el Poble Sec - AEI Parc Montjuïc","016","Altres",8
2025,"03","Sants-Montjuïc","11","el Poble Sec - AEI Parc Montjuïc","017","Combustió Interna-Gasolina",324
2025,"03","Sants-Montjuïc","11","el Poble Sec - AEI Parc Montjuïc","017","Combustió Interna-Gasoil",139
2025,"03","Sants-Montjuïc","11","el Poble Sec - AEI Parc Montjuïc","017","Elèctrica",5
2025,"03","Sants-Montjuïc","11","el Poble Sec - AEI Parc Montjuïc","017","Híbrid",27
2025,"03","Sants-Montjuïc","11","el Poble Sec - AEI Parc Montjuïc","017","Altres",4
2025,"03","Sants-Montjuïc","11","el Poble Sec - AEI Parc Montjuïc","017","No consta",1
2025,"03","Sants-Montjuïc","11","el Poble Sec - AEI Parc Montjuïc","018","Combustió Interna-Gasolina",383
2025,"03","Sants-Montjuïc","11","el Poble Sec - AEI Parc Montjuïc","018","Combustió Interna-Gasoil",138
2025,"03","Sants-Montjuïc","11","el Poble Sec - AEI Parc Montjuïc","018","Elèctrica",4
2025,"03","Sants-Montjuïc","11","el Poble Sec - AEI Parc Montjuïc","018","Híbrid",42
2025,"03","Sants-Montjuïc","11","el Poble Sec - AEI Parc Montjuïc","018","Altres",5
2025,"03","Sants-Montjuïc","11","el Poble Sec - AEI Parc Montjuïc","019","Combustió Interna-Gasolina",303
2025,"03","Sants-Montjuïc","11","el Poble Sec - AEI Parc Montjuïc","019","Combustió Interna-Gasoil",129
2025,"03","Sants-Montjuïc","11","el Poble Sec - AEI Parc Montjuïc","019","Elèctrica",8
2025,"03","Sants-Montjuïc","11","el Poble Sec - AEI Parc Montjuïc","019","Híbrid",32
2025,"03","Sants-Montjuïc","11","el Poble Sec - AEI Parc Montjuïc","019","Altres",15
2025,"03","Sants-Montjuïc","11","el Poble Sec - AEI Parc Montjuïc","020","Combustió Interna-Gasolina",368
2025,"03","Sants-Montjuïc","11","el Poble Sec - AEI Parc Montjuïc","020","Combustió Interna-Gasoil",190
2025,"03","Sants-Montjuïc","11","el Poble Sec - AEI Parc Montjuïc","020","Elèctrica",6
2025,"03","Sants-Montjuïc","11","el Poble Sec - AEI Parc Montjuïc","020","Híbrid",47
2025,"03","Sants-Montjuïc","11","el Poble Sec - AEI Parc Montjuïc","020","Altres",27
2025,"03","Sants-Montjuïc","11","el Poble Sec - AEI Parc Montjuïc","021","Combustió Interna-Gasolina",239
2025,"03","Sants-Montjuïc","11","el Poble Sec - AEI Parc Montjuïc","021","Combustió Interna-Gasoil",106
2025,"03","Sants-Montjuïc","11","el Poble Sec - AEI Parc Montjuïc","021","Elèctrica",7
2025,"03","Sants-Montjuïc","11","el Poble Sec - AEI Parc Montjuïc","021","Híbrid",19
2025,"03","Sants-Montjuïc","11","el Poble Sec - AEI Parc Montjuïc","021","Altres",5
2025,"03","Sants-Montjuïc","11","el Poble Sec - AEI Parc Montjuïc","022","Combustió Interna-Gasolina",305
2025,"03","Sants-Montjuïc","11","el Poble Sec - AEI Parc Montjuïc","022","Combustió Interna-Gasoil",159
2025,"03","Sants-Montjuïc","11","el Poble Sec - AEI Parc Montjuïc","022","Elèctrica",16
2025,"03","Sants-Montjuïc","11","el Poble Sec - AEI Parc Montjuïc","022","Híbrid",61
2025,"03","Sants-Montjuïc","11","el Poble Sec - AEI Parc Montjuïc","022","Altres",7
2025,"03","Sants-Montjuïc","11","el Poble Sec - AEI Parc Montjuïc","023","Combustió Interna-Gasolina",419
2025,"03","Sants-Montjuïc","11","el Poble Sec - AEI Parc Montjuïc","023","Combustió Interna-Gasoil",161
2025,"03","Sants-Montjuïc","11","el Poble Sec - AEI Parc Montjuïc","023","Elèctrica",9
2025,"03","Sants-Montjuïc","11","el Poble Sec - AEI Parc Montjuïc","023","Híbrid",28
2025,"03","Sants-Montjuïc","11","el Poble Sec - AEI Parc Montjuïc","023","Altres",11
2025,"03","Sants-Montjuïc","11","el Poble Sec - AEI Parc Montjuïc","024","Combustió Interna-Gasolina",594
2025,"03","Sants-Montjuïc","11","el Poble Sec - AEI Parc Montjuïc","024","Combustió Interna-Gasoil",298
2025,"03","Sants-Montjuïc","11","el Poble Sec - AEI Parc Montjuïc","024","Elèctrica",6
2025,"03","Sants-Montjuïc","11","el Poble Sec - AEI Parc Montjuïc","024","Híbrid",53
2025,"03","Sants-Montjuïc","11","el Poble Sec - AEI Parc Montjuïc","024","Altres",16
2025,"03","Sants-Montjuïc","12","la Marina del Prat Vermell - AEI Zona Franca","025","Combustió Interna-Gasolina",2769
2025,"03","Sants-Montjuïc","12","la Marina del Prat Vermell - AEI Zona Franca","025","Combustió Interna-Gasoil",4297
2025,"03","Sants-Montjuïc","12","la Marina del Prat Vermell - AEI Zona Franca","025","Elèctrica",2267
2025,"03","Sants-Montjuïc","12","la Marina del Prat Vermell - AEI Zona Franca","025","Híbrid",2341
2025,"03","Sants-Montjuïc","12","la Marina del Prat Vermell - AEI Zona Franca","025","Altres",1935
2025,"03","Sants-Montjuïc","12","la Marina del Prat Vermell - AEI Zona Franca","025","No consta",4
2025,"03","Sants-Montjuïc","13","la Marina de Port","026","Combustió Interna-Gasolina",281
2025,"03","Sants-Montjuïc","13","la Marina de Port","026","Combustió Interna-Gasoil",139
2025,"03","Sants-Montjuïc","13","la Marina de Port","026","Elèctrica",5
2025,"03","Sants-Montjuïc","13","la Marina de Port","026","Híbrid",35
2025,"03","Sants-Montjuïc","13","la Marina de Port","026","Altres",13
2025,"03","Sants-Montjuïc","13","la Marina de Port","027","Combustió Interna-Gasolina",499
2025,"03","Sants-Montjuïc","13","la Marina de Port","027","Combustió Interna-Gasoil",217
2025,"03","Sants-Montjuïc","13","la Marina de Port","027","Elèctrica",8
2025,"03","Sants-Montjuïc","13","la Marina de Port","027","Híbrid",48
2025,"03","Sants-Montjuïc","13","la Marina de Port","027","Altres",17
2025,"03","Sants-Montjuïc","13","la Marina de Port","028","Combustió Interna-Gasolina",704
2025,"03","Sants-Montjuïc","13","la Marina de Port","028","Combustió Interna-Gasoil",346
2025,"03","Sants-Montjuïc","13","la Marina de Port","028","Elèctrica",12
2025,"03","Sants-Montjuïc","13","la Marina de Port","028","Híbrid",118
2025,"03","Sants-Montjuïc","13","la Marina de Port","028","Altres",25
2025,"03","Sants-Montjuïc","13","la Marina de Port","029","Combustió Interna-Gasolina",322
2025,"03","Sants-Montjuïc","13","la Marina de Port","029","Combustió Interna-Gasoil",132
2025,"03","Sants-Montjuïc","13","la Marina de Port","029","Elèctrica",2
2025,"03","Sants-Montjuïc","13","la Marina de Port","029","Híbrid",37
2025,"03","Sants-Montjuïc","13","la Marina de Port","029","Altres",7
2025,"03","Sants-Montjuïc","13","la Marina de Port","029","No consta",1
2025,"03","Sants-Montjuïc","13","la Marina de Port","030","Combustió Interna-Gasolina",549
2025,"03","Sants-Montjuïc","13","la Marina de Port","030","Combustió Interna-Gasoil",260
2025,"03","Sants-Montjuïc","13","la Marina de Port","030","Elèctrica",29
2025,"03","Sants-Montjuïc","13","la Marina de Port","030","Híbrid",67
2025,"03","Sants-Montjuïc","13","la Marina de Port","030","Altres",12
2025,"03","Sants-Montjuïc","13","la Marina de Port","030","No consta",2
2025,"03","Sants-Montjuïc","13","la Marina de Port","031","Combustió Interna-Gasolina",735
2025,"03","Sants-Montjuïc","13","la Marina de Port","031","Combustió Interna-Gasoil",373
2025,"03","Sants-Montjuïc","13","la Marina de Port","031","Elèctrica",4
2025,"03","Sants-Montjuïc","13","la Marina de Port","031","Híbrid",75
2025,"03","Sants-Montjuïc","13","la Marina de Port","031","Altres",17
2025,"03","Sants-Montjuïc","13","la Marina de Port","032","Combustió Interna-Gasolina",458
2025,"03","Sants-Montjuïc","13","la Marina de Port","032","Combustió Interna-Gasoil",250
2025,"03","Sants-Montjuïc","13","la Marina de Port","032","Elèctrica",7
2025,"03","Sants-Montjuïc","13","la Marina de Port","032","Híbrid",48
2025,"03","Sants-Montjuïc","13","la Marina de Port","032","Altres",22
2025,"03","Sants-Montjuïc","13","la Marina de Port","033","Combustió Interna-Gasolina",356
2025,"03","Sants-Montjuïc","13","la Marina de Port","033","Combustió Interna-Gasoil",176
2025,"03","Sants-Montjuïc","13","la Marina de Port","033","Elèctrica",9
2025,"03","Sants-Montjuïc","13","la Marina de Port","033","Híbrid",29
2025,"03","Sants-Montjuïc","13","la Marina de Port","033","Altres",4
2025,"03","Sants-Montjuïc","13","la Marina de Port","033","No consta",2
2025,"03","Sants-Montjuïc","13","la Marina de Port","034","Combustió Interna-Gasolina",508
2025,"03","Sants-Montjuïc","13","la Marina de Port","034","Combustió Interna-Gasoil",207
2025,"03","Sants-Montjuïc","13","la Marina de Port","034","Elèctrica",3
2025,"03","Sants-Montjuïc","13","la Marina de Port","034","Híbrid",51
2025,"03","Sants-Montjuïc","13","la Marina de Port","034","Altres",21
2025,"03","Sants-Montjuïc","13","la Marina de Port","035","Combustió Interna-Gasolina",738
2025,"03","Sants-Montjuïc","13","la Marina de Port","035","Combustió Interna-Gasoil",317
2025,"03","Sants-Montjuïc","13","la Marina de Port","035","Elèctrica",3
2025,"03","Sants-Montjuïc","13","la Marina de Port","035","Híbrid",70
2025,"03","Sants-Montjuïc","13","la Marina de Port","035","Altres",32
2025,"03","Sants-Montjuïc","13","la Marina de Port","036","Combustió Interna-Gasolina",755
2025,"03","Sants-Montjuïc","13","la Marina de Port","036","Combustió Interna-Gasoil",296
2025,"03","Sants-Montjuïc","13","la Marina de Port","036","Elèctrica",19
2025,"03","Sants-Montjuïc","13","la Marina de Port","036","Híbrid",91
2025,"03","Sants-Montjuïc","13","la Marina de Port","036","Altres",12
2025,"03","Sants-Montjuïc","13","la Marina de Port","037","Combustió Interna-Gasolina",305
2025,"03","Sants-Montjuïc","13","la Marina de Port","037","Combustió Interna-Gasoil",153
2025,"03","Sants-Montjuïc","13","la Marina de Port","037","Elèctrica",2
2025,"03","Sants-Montjuïc","13","la Marina de Port","037","Híbrid",31
2025,"03","Sants-Montjuïc","13","la Marina de Port","037","Altres",12
2025,"03","Sants-Montjuïc","13","la Marina de Port","038","Combustió Interna-Gasolina",357
2025,"03","Sants-Montjuïc","13","la Marina de Port","038","Combustió Interna-Gasoil",149
2025,"03","Sants-Montjuïc","13","la Marina de Port","038","Híbrid",20
2025,"03","Sants-Montjuïc","13","la Marina de Port","038","Altres",3
2025,"03","Sants-Montjuïc","13","la Marina de Port","039","Combustió Interna-Gasolina",616
2025,"03","Sants-Montjuïc","13","la Marina de Port","039","Combustió Interna-Gasoil",301
2025,"03","Sants-Montjuïc","13","la Marina de Port","039","Elèctrica",7
2025,"03","Sants-Montjuïc","13","la Marina de Port","039","Híbrid",42
2025,"03","Sants-Montjuïc","13","la Marina de Port","039","Altres",17
2025,"03","Sants-Montjuïc","13","la Marina de Port","211","Combustió Interna-Gasolina",478
2025,"03","Sants-Montjuïc","13","la Marina de Port","211","Combustió Interna-Gasoil",198
2025,"03","Sants-Montjuïc","13","la Marina de Port","211","Elèctrica",8
2025,"03","Sants-Montjuïc","13","la Marina de Port","211","Híbrid",54
2025,"03","Sants-Montjuïc","13","la Marina de Port","211","Altres",22
2025,"03","Sants-Montjuïc","13","la Marina de Port","212","Combustió Interna-Gasolina",646
2025,"03","Sants-Montjuïc","13","la Marina de Port","212","Combustió Interna-Gasoil",242
2025,"03","Sants-Montjuïc","13","la Marina de Port","212","Elèctrica",6
2025,"03","Sants-Montjuïc","13","la Marina de Port","212","Híbrid",69
2025,"03","Sants-Montjuïc","13","la Marina de Port","212","Altres",23
2025,"03","Sants-Montjuïc","13","la Marina de Port","213","Combustió Interna-Gasolina",592
2025,"03","Sants-Montjuïc","13","la Marina de Port","213","Combustió Interna-Gasoil",271
2025,"03","Sants-Montjuïc","13","la Marina de Port","213","Elèctrica",6
2025,"03","Sants-Montjuïc","13","la Marina de Port","213","Híbrid",54
2025,"03","Sants-Montjuïc","13","la Marina de Port","213","Altres",19
2025,"03","Sants-Montjuïc","13","la Marina de Port","213","No consta",1
2025,"03","Sants-Montjuïc","14","la Font de la Guatlla","040","Combustió Interna-Gasolina",587
2025,"03","Sants-Montjuïc","14","la Font de la Guatlla","040","Combustió Interna-Gasoil",323
2025,"03","Sants-Montjuïc","14","la Font de la Guatlla","040","Elèctrica",8
2025,"03","Sants-Montjuïc","14","la Font de la Guatlla","040","Híbrid",67
2025,"03","Sants-Montjuïc","14","la Font de la Guatlla","040","Altres",13
2025,"03","Sants-Montjuïc","14","la Font de la Guatlla","040","No consta",1
2025,"03","Sants-Montjuïc","14","la Font de la Guatlla","041","Combustió Interna-Gasolina",415
2025,"03","Sants-Montjuïc","14","la Font de la Guatlla","041","Combustió Interna-Gasoil",153
2025,"03","Sants-Montjuïc","14","la Font de la Guatlla","041","Elèctrica",4
2025,"03","Sants-Montjuïc","14","la Font de la Guatlla","041","Híbrid",37
2025,"03","Sants-Montjuïc","14","la Font de la Guatlla","041","Altres",7
2025,"03","Sants-Montjuïc","14","la Font de la Guatlla","041","No consta",3
2025,"03","Sants-Montjuïc","14","la Font de la Guatlla","042","Combustió Interna-Gasolina",417
2025,"03","Sants-Montjuïc","14","la Font de la Guatlla","042","Combustió Interna-Gasoil",165
2025,"03","Sants-Montjuïc","14","la Font de la Guatlla","042","Elèctrica",8
2025,"03","Sants-Montjuïc","14","la Font de la Guatlla","042","Híbrid",41
2025,"03","Sants-Montjuïc","14","la Font de la Guatlla","042","Altres",8
2025,"03","Sants-Montjuïc","14","la Font de la Guatlla","042","No consta",1
2025,"03","Sants-Montjuïc","14","la Font de la Guatlla","043","Combustió Interna-Gasolina",434
2025,"03","Sants-Montjuïc","14","la Font de la Guatlla","043","Combustió Interna-Gasoil",170
2025,"03","Sants-Montjuïc","14","la Font de la Guatlla","043","Elèctrica",8
2025,"03","Sants-Montjuïc","14","la Font de la Guatlla","043","Híbrid",65
2025,"03","Sants-Montjuïc","14","la Font de la Guatlla","043","Altres",13
2025,"03","Sants-Montjuïc","14","la Font de la Guatlla","044","Combustió Interna-Gasolina",512
2025,"03","Sants-Montjuïc","14","la Font de la Guatlla","044","Combustió Interna-Gasoil",187
2025,"03","Sants-Montjuïc","14","la Font de la Guatlla","044","Elèctrica",5
2025,"03","Sants-Montjuïc","14","la Font de la Guatlla","044","Híbrid",61
2025,"03","Sants-Montjuïc","14","la Font de la Guatlla","044","Altres",5
2025,"03","Sants-Montjuïc","14","la Font de la Guatlla","044","No consta",2
2025,"03","Sants-Montjuïc","14","la Font de la Guatlla","045","Combustió Interna-Gasolina",345
2025,"03","Sants-Montjuïc","14","la Font de la Guatlla","045","Combustió Interna-Gasoil",127
2025,"03","Sants-Montjuïc","14","la Font de la Guatlla","045","Elèctrica",8
2025,"03","Sants-Montjuïc","14","la Font de la Guatlla","045","Híbrid",29
2025,"03","Sants-Montjuïc","14","la Font de la Guatlla","045","Altres",5
2025,"03","Sants-Montjuïc","14","la Font de la Guatlla","045","No consta",1
2025,"03","Sants-Montjuïc","14","la Font de la Guatlla","046","Combustió Interna-Gasolina",407
2025,"03","Sants-Montjuïc","14","la Font de la Guatlla","046","Combustió Interna-Gasoil",205
2025,"03","Sants-Montjuïc","14","la Font de la Guatlla","046","Elèctrica",12
2025,"03","Sants-Montjuïc","14","la Font de la Guatlla","046","Híbrid",66
2025,"03","Sants-Montjuïc","14","la Font de la Guatlla","046","Altres",11
2025,"03","Sants-Montjuïc","15","Hostafrancs","047","Combustió Interna-Gasolina",485
2025,"03","Sants-Montjuïc","15","Hostafrancs","047","Combustió Interna-Gasoil",195
2025,"03","Sants-Montjuïc","15","Hostafrancs","047","Elèctrica",14
2025,"03","Sants-Montjuïc","15","Hostafrancs","047","Híbrid",56
2025,"03","Sants-Montjuïc","15","Hostafrancs","047","Altres",6
2025,"03","Sants-Montjuïc","15","Hostafrancs","048","Combustió Interna-Gasolina",448
2025,"03","Sants-Montjuïc","15","Hostafrancs","048","Combustió Interna-Gasoil",241
2025,"03","Sants-Montjuïc","15","Hostafrancs","048","Elèctrica",8
2025,"03","Sants-Montjuïc","15","Hostafrancs","048","Híbrid",53
2025,"03","Sants-Montjuïc","15","Hostafrancs","048","Altres",12
2025,"03","Sants-Montjuïc","15","Hostafrancs","048","No consta",1
2025,"03","Sants-Montjuïc","15","Hostafrancs","049","Combustió Interna-Gasolina",397
2025,"03","Sants-Montjuïc","15","Hostafrancs","049","Combustió Interna-Gasoil",204
2025,"03","Sants-Montjuïc","15","Hostafrancs","049","Elèctrica",7
2025,"03","Sants-Montjuïc","15","Hostafrancs","049","Híbrid",44
2025,"03","Sants-Montjuïc","15","Hostafrancs","049","Altres",11
2025,"03","Sants-Montjuïc","15","Hostafrancs","049","No consta",1
2025,"03","Sants-Montjuïc","15","Hostafrancs","050","Combustió Interna-Gasolina",385
2025,"03","Sants-Montjuïc","15","Hostafrancs","050","Combustió Interna-Gasoil",154
2025,"03","Sants-Montjuïc","15","Hostafrancs","050","Elèctrica",7
2025,"03","Sants-Montjuïc","15","Hostafrancs","050","Híbrid",43
2025,"03","Sants-Montjuïc","15","Hostafrancs","050","Altres",17
2025,"03","Sants-Montjuïc","15","Hostafrancs","051","Combustió Interna-Gasolina",420
2025,"03","Sants-Montjuïc","15","Hostafrancs","051","Combustió Interna-Gasoil",196
2025,"03","Sants-Montjuïc","15","Hostafrancs","051","Elèctrica",4
2025,"03","Sants-Montjuïc","15","Hostafrancs","051","Híbrid",39
2025,"03","Sants-Montjuïc","15","Hostafrancs","051","Altres",8
2025,"03","Sants-Montjuïc","15","Hostafrancs","051","No consta",1
2025,"03","Sants-Montjuïc","15","Hostafrancs","052","Combustió Interna-Gasolina",305
2025,"03","Sants-Montjuïc","15","Hostafrancs","052","Combustió Interna-Gasoil",135
2025,"03","Sants-Montjuïc","15","Hostafrancs","052","Elèctrica",12
2025,"03","Sants-Montjuïc","15","Hostafrancs","052","Híbrid",30
2025,"03","Sants-Montjuïc","15","Hostafrancs","052","Altres",7
2025,"03","Sants-Montjuïc","15","Hostafrancs","053","Combustió Interna-Gasolina",512
2025,"03","Sants-Montjuïc","15","Hostafrancs","053","Combustió Interna-Gasoil",246
2025,"03","Sants-Montjuïc","15","Hostafrancs","053","Elèctrica",7
2025,"03","Sants-Montjuïc","15","Hostafrancs","053","Híbrid",55
2025,"03","Sants-Montjuïc","15","Hostafrancs","053","Altres",13
2025,"03","Sants-Montjuïc","15","Hostafrancs","053","No consta",1
2025,"03","Sants-Montjuïc","15","Hostafrancs","054","Combustió Interna-Gasolina",426
2025,"03","Sants-Montjuïc","15","Hostafrancs","054","Combustió Interna-Gasoil",242
2025,"03","Sants-Montjuïc","15","Hostafrancs","054","Elèctrica",7
2025,"03","Sants-Montjuïc","15","Hostafrancs","054","Híbrid",45
2025,"03","Sants-Montjuïc","15","Hostafrancs","054","Altres",7
2025,"03","Sants-Montjuïc","15","Hostafrancs","054","No consta",1
2025,"03","Sants-Montjuïc","15","Hostafrancs","055","Combustió Interna-Gasolina",413
2025,"03","Sants-Montjuïc","15","Hostafrancs","055","Combustió Interna-Gasoil",156
2025,"03","Sants-Montjuïc","15","Hostafrancs","055","Elèctrica",6
2025,"03","Sants-Montjuïc","15","Hostafrancs","055","Híbrid",48
2025,"03","Sants-Montjuïc","15","Hostafrancs","055","Altres",10
2025,"03","Sants-Montjuïc","15","Hostafrancs","055","No consta",1
2025,"03","Sants-Montjuïc","15","Hostafrancs","056","Combustió Interna-Gasolina",277
2025,"03","Sants-Montjuïc","15","Hostafrancs","056","Combustió Interna-Gasoil",109
2025,"03","Sants-Montjuïc","15","Hostafrancs","056","Elèctrica",4
2025,"03","Sants-Montjuïc","15","Hostafrancs","056","Híbrid",22
2025,"03","Sants-Montjuïc","15","Hostafrancs","056","Altres",11
2025,"03","Sants-Montjuïc","16","la Bordeta","057","Combustió Interna-Gasolina",419
2025,"03","Sants-Montjuïc","16","la Bordeta","057","Combustió Interna-Gasoil",177
2025,"03","Sants-Montjuïc","16","la Bordeta","057","Elèctrica",3
2025,"03","Sants-Montjuïc","16","la Bordeta","057","Híbrid",41
2025,"03","Sants-Montjuïc","16","la Bordeta","057","Altres",5
2025,"03","Sants-Montjuïc","16","la Bordeta","058","Combustió Interna-Gasolina",435
2025,"03","Sants-Montjuïc","16","la Bordeta","058","Combustió Interna-Gasoil",172
2025,"03","Sants-Montjuïc","16","la Bordeta","058","Elèctrica",13
2025,"03","Sants-Montjuïc","16","la Bordeta","058","Híbrid",78
2025,"03","Sants-Montjuïc","16","la Bordeta","058","Altres",7
2025,"03","Sants-Montjuïc","16","la Bordeta","059","Combustió Interna-Gasolina",336
2025,"03","Sants-Montjuïc","16","la Bordeta","059","Combustió Interna-Gasoil",111
2025,"03","Sants-Montjuïc","16","la Bordeta","059","Elèctrica",5
2025,"03","Sants-Montjuïc","16","la Bordeta","059","Híbrid",51
2025,"03","Sants-Montjuïc","16","la Bordeta","059","Altres",4
2025,"03","Sants-Montjuïc","16","la Bordeta","060","Combustió Interna-Gasolina",369
2025,"03","Sants-Montjuïc","16","la Bordeta","060","Combustió Interna-Gasoil",157
2025,"03","Sants-Montjuïc","16","la Bordeta","060","Elèctrica",7
2025,"03","Sants-Montjuïc","16","la Bordeta","060","Híbrid",43
2025,"03","Sants-Montjuïc","16","la Bordeta","060","Altres",8
2025,"03","Sants-Montjuïc","16","la Bordeta","061","Combustió Interna-Gasolina",262
2025,"03","Sants-Montjuïc","16","la Bordeta","061","Combustió Interna-Gasoil",94
2025,"03","Sants-Montjuïc","16","la Bordeta","061","Elèctrica",6
2025,"03","Sants-Montjuïc","16","la Bordeta","061","Híbrid",28
2025,"03","Sants-Montjuïc","16","la Bordeta","061","Altres",5
2025,"03","Sants-Montjuïc","16","la Bordeta","061","No consta",1
2025,"03","Sants-Montjuïc","16","la Bordeta","062","Combustió Interna-Gasolina",438
2025,"03","Sants-Montjuïc","16","la Bordeta","062","Combustió Interna-Gasoil",166
2025,"03","Sants-Montjuïc","16","la Bordeta","062","Elèctrica",4
2025,"03","Sants-Montjuïc","16","la Bordeta","062","Híbrid",46
2025,"03","Sants-Montjuïc","16","la Bordeta","062","Altres",12
2025,"03","Sants-Montjuïc","16","la Bordeta","063","Combustió Interna-Gasolina",468
2025,"03","Sants-Montjuïc","16","la Bordeta","063","Combustió Interna-Gasoil",197
2025,"03","Sants-Montjuïc","16","la Bordeta","063","Elèctrica",12
2025,"03","Sants-Montjuïc","16","la Bordeta","063","Híbrid",63
2025,"03","Sants-Montjuïc","16","la Bordeta","063","Altres",20
2025,"03","Sants-Montjuïc","16","la Bordeta","064","Combustió Interna-Gasolina",462
2025,"03","Sants-Montjuïc","16","la Bordeta","064","Combustió Interna-Gasoil",214
2025,"03","Sants-Montjuïc","16","la Bordeta","064","Elèctrica",16
2025,"03","Sants-Montjuïc","16","la Bordeta","064","Híbrid",74
2025,"03","Sants-Montjuïc","16","la Bordeta","064","Altres",16
2025,"03","Sants-Montjuïc","16","la Bordeta","065","Combustió Interna-Gasolina",482
2025,"03","Sants-Montjuïc","16","la Bordeta","065","Combustió Interna-Gasoil",144
2025,"03","Sants-Montjuïc","16","la Bordeta","065","Elèctrica",6
2025,"03","Sants-Montjuïc","16","la Bordeta","065","Híbrid",67
2025,"03","Sants-Montjuïc","16","la Bordeta","065","Altres",15
2025,"03","Sants-Montjuïc","16","la Bordeta","066","Combustió Interna-Gasolina",656
2025,"03","Sants-Montjuïc","16","la Bordeta","066","Combustió Interna-Gasoil",262
2025,"03","Sants-Montjuïc","16","la Bordeta","066","Elèctrica",5
2025,"03","Sants-Montjuïc","16","la Bordeta","066","Híbrid",83
2025,"03","Sants-Montjuïc","16","la Bordeta","066","Altres",17
2025,"03","Sants-Montjuïc","16","la Bordeta","066","No consta",1
2025,"03","Sants-Montjuïc","16","la Bordeta","067","Combustió Interna-Gasolina",517
2025,"03","Sants-Montjuïc","16","la Bordeta","067","Combustió Interna-Gasoil",207
2025,"03","Sants-Montjuïc","16","la Bordeta","067","Elèctrica",6
2025,"03","Sants-Montjuïc","16","la Bordeta","067","Híbrid",64
2025,"03","Sants-Montjuïc","16","la Bordeta","067","Altres",14
2025,"03","Sants-Montjuïc","16","la Bordeta","068","Combustió Interna-Gasolina",268
2025,"03","Sants-Montjuïc","16","la Bordeta","068","Combustió Interna-Gasoil",118
2025,"03","Sants-Montjuïc","16","la Bordeta","068","Elèctrica",6
2025,"03","Sants-Montjuïc","16","la Bordeta","068","Híbrid",30
2025,"03","Sants-Montjuïc","16","la Bordeta","068","Altres",18
2025,"03","Sants-Montjuïc","16","la Bordeta","069","Combustió Interna-Gasolina",318
2025,"03","Sants-Montjuïc","16","la Bordeta","069","Combustió Interna-Gasoil",136
2025,"03","Sants-Montjuïc","16","la Bordeta","069","Elèctrica",7
2025,"03","Sants-Montjuïc","16","la Bordeta","069","Híbrid",46
2025,"03","Sants-Montjuïc","16","la Bordeta","069","Altres",10
2025,"03","Sants-Montjuïc","17","Sants - Badal","070","Combustió Interna-Gasolina",344
2025,"03","Sants-Montjuïc","17","Sants - Badal","070","Combustió Interna-Gasoil",156
2025,"03","Sants-Montjuïc","17","Sants - Badal","070","Elèctrica",3
2025,"03","Sants-Montjuïc","17","Sants - Badal","070","Híbrid",40
2025,"03","Sants-Montjuïc","17","Sants - Badal","070","Altres",6
2025,"03","Sants-Montjuïc","17","Sants - Badal","071","Combustió Interna-Gasolina",275
2025,"03","Sants-Montjuïc","17","Sants - Badal","071","Combustió Interna-Gasoil",115
2025,"03","Sants-Montjuïc","17","Sants - Badal","071","Elèctrica",3
2025,"03","Sants-Montjuïc","17","Sants - Badal","071","Híbrid",26
2025,"03","Sants-Montjuïc","17","Sants - Badal","071","Altres",11
2025,"03","Sants-Montjuïc","17","Sants - Badal","071","No consta",1
2025,"03","Sants-Montjuïc","17","Sants - Badal","072","Combustió Interna-Gasolina",338
2025,"03","Sants-Montjuïc","17","Sants - Badal","072","Combustió Interna-Gasoil",113
2025,"03","Sants-Montjuïc","17","Sants - Badal","072","Elèctrica",3
2025,"03","Sants-Montjuïc","17","Sants - Badal","072","Híbrid",35
2025,"03","Sants-Montjuïc","17","Sants - Badal","072","Altres",5
2025,"03","Sants-Montjuïc","17","Sants - Badal","073","Combustió Interna-Gasolina",382
2025,"03","Sants-Montjuïc","17","Sants - Badal","073","Combustió Interna-Gasoil",172
2025,"03","Sants-Montjuïc","17","Sants - Badal","073","Elèctrica",2
2025,"03","Sants-Montjuïc","17","Sants - Badal","073","Híbrid",56
2025,"03","Sants-Montjuïc","17","Sants - Badal","073","Altres",11
2025,"03","Sants-Montjuïc","17","Sants - Badal","073","No consta",1
2025,"03","Sants-Montjuïc","17","Sants - Badal","074","Combustió Interna-Gasolina",477
2025,"03","Sants-Montjuïc","17","Sants - Badal","074","Combustió Interna-Gasoil",204
2025,"03","Sants-Montjuïc","17","Sants - Badal","074","Elèctrica",7
2025,"03","Sants-Montjuïc","17","Sants - Badal","074","Híbrid",42
2025,"03","Sants-Montjuïc","17","Sants - Badal","074","Altres",5
2025,"03","Sants-Montjuïc","17","Sants - Badal","074","No consta",2
2025,"03","Sants-Montjuïc","17","Sants - Badal","075","Combustió Interna-Gasolina",437
2025,"03","Sants-Montjuïc","17","Sants - Badal","075","Combustió Interna-Gasoil",188
2025,"03","Sants-Montjuïc","17","Sants - Badal","075","Elèctrica",12
2025,"03","Sants-Montjuïc","17","Sants - Badal","075","Híbrid",58
2025,"03","Sants-Montjuïc","17","Sants - Badal","075","Altres",5
2025,"03","Sants-Montjuïc","17","Sants - Badal","076","Combustió Interna-Gasolina",257
2025,"03","Sants-Montjuïc","17","Sants - Badal","076","Combustió Interna-Gasoil",117
2025,"03","Sants-Montjuïc","17","Sants - Badal","076","Elèctrica",2
2025,"03","Sants-Montjuïc","17","Sants - Badal","076","Híbrid",19
2025,"03","Sants-Montjuïc","17","Sants - Badal","076","Altres",5
2025,"03","Sants-Montjuïc","17","Sants - Badal","076","No consta",2
2025,"03","Sants-Montjuïc","17","Sants - Badal","077","Combustió Interna-Gasolina",316
2025,"03","Sants-Montjuïc","17","Sants - Badal","077","Combustió Interna-Gasoil",136
2025,"03","Sants-Montjuïc","17","Sants - Badal","077","Elèctrica",1
2025,"03","Sants-Montjuïc","17","Sants - Badal","077","Híbrid",49
2025,"03","Sants-Montjuïc","17","Sants - Badal","077","Altres",9
2025,"03","Sants-Montjuïc","17","Sants - Badal","078","Combustió Interna-Gasolina",432
2025,"03","Sants-Montjuïc","17","Sants - Badal","078","Combustió Interna-Gasoil",182
2025,"03","Sants-Montjuïc","17","Sants - Badal","078","Elèctrica",7
2025,"03","Sants-Montjuïc","17","Sants - Badal","078","Híbrid",46
2025,"03","Sants-Montjuïc","17","Sants - Badal","078","Altres",9
2025,"03","Sants-Montjuïc","17","Sants - Badal","079","Combustió Interna-Gasolina",410
2025,"03","Sants-Montjuïc","17","Sants - Badal","079","Combustió Interna-Gasoil",246
2025,"03","Sants-Montjuïc","17","Sants - Badal","079","Elèctrica",4
2025,"03","Sants-Montjuïc","17","Sants - Badal","079","Híbrid",34
2025,"03","Sants-Montjuïc","17","Sants - Badal","079","Altres",11
2025,"03","Sants-Montjuïc","17","Sants - Badal","080","Combustió Interna-Gasolina",390
2025,"03","Sants-Montjuïc","17","Sants - Badal","080","Combustió Interna-Gasoil",149
2025,"03","Sants-Montjuïc","17","Sants - Badal","080","Elèctrica",3
2025,"03","Sants-Montjuïc","17","Sants - Badal","080","Híbrid",47
2025,"03","Sants-Montjuïc","17","Sants - Badal","080","Altres",1
2025,"03","Sants-Montjuïc","17","Sants - Badal","081","Combustió Interna-Gasolina",496
2025,"03","Sants-Montjuïc","17","Sants - Badal","081","Combustió Interna-Gasoil",220
2025,"03","Sants-Montjuïc","17","Sants - Badal","081","Elèctrica",4
2025,"03","Sants-Montjuïc","17","Sants - Badal","081","Híbrid",76
2025,"03","Sants-Montjuïc","17","Sants - Badal","081","Altres",10
2025,"03","Sants-Montjuïc","17","Sants - Badal","082","Combustió Interna-Gasolina",561
2025,"03","Sants-Montjuïc","17","Sants - Badal","082","Combustió Interna-Gasoil",223
2025,"03","Sants-Montjuïc","17","Sants - Badal","082","Elèctrica",12
2025,"03","Sants-Montjuïc","17","Sants - Badal","082","Híbrid",64
2025,"03","Sants-Montjuïc","17","Sants - Badal","082","Altres",14
2025,"03","Sants-Montjuïc","17","Sants - Badal","083","Combustió Interna-Gasolina",408
2025,"03","Sants-Montjuïc","17","Sants - Badal","083","Combustió Interna-Gasoil",162
2025,"03","Sants-Montjuïc","17","Sants - Badal","083","Elèctrica",4
2025,"03","Sants-Montjuïc","17","Sants - Badal","083","Híbrid",47
2025,"03","Sants-Montjuïc","17","Sants - Badal","083","Altres",5
2025,"03","Sants-Montjuïc","17","Sants - Badal","083","No consta",1
2025,"03","Sants-Montjuïc","17","Sants - Badal","084","Combustió Interna-Gasolina",438
2025,"03","Sants-Montjuïc","17","Sants - Badal","084","Combustió Interna-Gasoil",177
2025,"03","Sants-Montjuïc","17","Sants - Badal","084","Elèctrica",6
2025,"03","Sants-Montjuïc","17","Sants - Badal","084","Híbrid",47
2025,"03","Sants-Montjuïc","17","Sants - Badal","084","Altres",8
2025,"03","Sants-Montjuïc","17","Sants - Badal","085","Combustió Interna-Gasolina",370
2025,"03","Sants-Montjuïc","17","Sants - Badal","085","Combustió Interna-Gasoil",178
2025,"03","Sants-Montjuïc","17","Sants - Badal","085","Elèctrica",8
2025,"03","Sants-Montjuïc","17","Sants - Badal","085","Híbrid",37
2025,"03","Sants-Montjuïc","17","Sants - Badal","085","Altres",6
2025,"03","Sants-Montjuïc","18","Sants","086","Combustió Interna-Gasolina",455
2025,"03","Sants-Montjuïc","18","Sants","086","Combustió Interna-Gasoil",143
2025,"03","Sants-Montjuïc","18","Sants","086","Elèctrica",3
2025,"03","Sants-Montjuïc","18","Sants","086","Híbrid",72
2025,"03","Sants-Montjuïc","18","Sants","086","Altres",8
2025,"03","Sants-Montjuïc","18","Sants","087","Combustió Interna-Gasolina",425
2025,"03","Sants-Montjuïc","18","Sants","087","Combustió Interna-Gasoil",136
2025,"03","Sants-Montjuïc","18","Sants","087","Elèctrica",7
2025,"03","Sants-Montjuïc","18","Sants","087","Híbrid",41
2025,"03","Sants-Montjuïc","18","Sants","087","Altres",8
2025,"03","Sants-Montjuïc","18","Sants","087","No consta",1
2025,"03","Sants-Montjuïc","18","Sants","088","Combustió Interna-Gasolina",409
2025,"03","Sants-Montjuïc","18","Sants","088","Combustió Interna-Gasoil",135
2025,"03","Sants-Montjuïc","18","Sants","088","Elèctrica",7
2025,"03","Sants-Montjuïc","18","Sants","088","Híbrid",48
2025,"03","Sants-Montjuïc","18","Sants","088","Altres",13
2025,"03","Sants-Montjuïc","18","Sants","089","Combustió Interna-Gasolina",375
2025,"03","Sants-Montjuïc","18","Sants","089","Combustió Interna-Gasoil",145
2025,"03","Sants-Montjuïc","18","Sants","089","Elèctrica",8
2025,"03","Sants-Montjuïc","18","Sants","089","Híbrid",36
2025,"03","Sants-Montjuïc","18","Sants","089","Altres",7
2025,"03","Sants-Montjuïc","18","Sants","090","Combustió Interna-Gasolina",260
2025,"03","Sants-Montjuïc","18","Sants","090","Combustió Interna-Gasoil",86
2025,"03","Sants-Montjuïc","18","Sants","090","Elèctrica",13
2025,"03","Sants-Montjuïc","18","Sants","090","Híbrid",36
2025,"03","Sants-Montjuïc","18","Sants","091","Combustió Interna-Gasolina",404
2025,"03","Sants-Montjuïc","18","Sants","091","Combustió Interna-Gasoil",158
2025,"03","Sants-Montjuïc","18","Sants","091","Elèctrica",3
2025,"03","Sants-Montjuïc","18","Sants","091","Híbrid",45
2025,"03","Sants-Montjuïc","18","Sants","091","Altres",5
2025,"03","Sants-Montjuïc","18","Sants","092","Combustió Interna-Gasolina",337
2025,"03","Sants-Montjuïc","18","Sants","092","Combustió Interna-Gasoil",152
2025,"03","Sants-Montjuïc","18","Sants","092","Elèctrica",4
2025,"03","Sants-Montjuïc","18","Sants","092","Híbrid",41
2025,"03","Sants-Montjuïc","18","Sants","092","Altres",2
2025,"03","Sants-Montjuïc","18","Sants","093","Combustió Interna-Gasolina",478
2025,"03","Sants-Montjuïc","18","Sants","093","Combustió Interna-Gasoil",191
2025,"03","Sants-Montjuïc","18","Sants","093","Elèctrica",4
2025,"03","Sants-Montjuïc","18","Sants","093","Híbrid",42
2025,"03","Sants-Montjuïc","18","Sants","093","Altres",15
2025,"03","Sants-Montjuïc","18","Sants","093","No consta",1
2025,"03","Sants-Montjuïc","18","Sants","094","Combustió Interna-Gasolina",298
2025,"03","Sants-Montjuïc","18","Sants","094","Combustió Interna-Gasoil",84
2025,"03","Sants-Montjuïc","18","Sants","094","Elèctrica",8
2025,"03","Sants-Montjuïc","18","Sants","094","Híbrid",42
2025,"03","Sants-Montjuïc","18","Sants","094","Altres",7
2025,"03","Sants-Montjuïc","18","Sants","095","Combustió Interna-Gasolina",415
2025,"03","Sants-Montjuïc","18","Sants","095","Combustió Interna-Gasoil",192
2025,"03","Sants-Montjuïc","18","Sants","095","Elèctrica",2
2025,"03","Sants-Montjuïc","18","Sants","095","Híbrid",49
2025,"03","Sants-Montjuïc","18","Sants","095","Altres",6
2025,"03","Sants-Montjuïc","18","Sants","095","No consta",1
2025,"03","Sants-Montjuïc","18","Sants","096","Combustió Interna-Gasolina",365
2025,"03","Sants-Montjuïc","18","Sants","096","Combustió Interna-Gasoil",158
2025,"03","Sants-Montjuïc","18","Sants","096","Elèctrica",5
2025,"03","Sants-Montjuïc","18","Sants","096","Híbrid",37
2025,"03","Sants-Montjuïc","18","Sants","096","Altres",12
2025,"03","Sants-Montjuïc","18","Sants","097","Combustió Interna-Gasolina",326
2025,"03","Sants-Montjuïc","18","Sants","097","Combustió Interna-Gasoil",161
2025,"03","Sants-Montjuïc","18","Sants","097","Elèctrica",3
2025,"03","Sants-Montjuïc","18","Sants","097","Híbrid",30
2025,"03","Sants-Montjuïc","18","Sants","097","Altres",7
2025,"03","Sants-Montjuïc","18","Sants","098","Combustió Interna-Gasolina",332
2025,"03","Sants-Montjuïc","18","Sants","098","Combustió Interna-Gasoil",134
2025,"03","Sants-Montjuïc","18","Sants","098","Elèctrica",2
2025,"03","Sants-Montjuïc","18","Sants","098","Híbrid",27
2025,"03","Sants-Montjuïc","18","Sants","098","Altres",6
2025,"03","Sants-Montjuïc","18","Sants","098","No consta",1
2025,"03","Sants-Montjuïc","18","Sants","099","Combustió Interna-Gasolina",246
2025,"03","Sants-Montjuïc","18","Sants","099","Combustió Interna-Gasoil",88
2025,"03","Sants-Montjuïc","18","Sants","099","Elèctrica",2
2025,"03","Sants-Montjuïc","18","Sants","099","Híbrid",17
2025,"03","Sants-Montjuïc","18","Sants","099","Altres",7
2025,"03","Sants-Montjuïc","18","Sants","100","Combustió Interna-Gasolina",304
2025,"03","Sants-Montjuïc","18","Sants","100","Combustió Interna-Gasoil",130
2025,"03","Sants-Montjuïc","18","Sants","100","Elèctrica",6
2025,"03","Sants-Montjuïc","18","Sants","100","Híbrid",36
2025,"03","Sants-Montjuïc","18","Sants","100","Altres",9
2025,"03","Sants-Montjuïc","18","Sants","101","Combustió Interna-Gasolina",386
2025,"03","Sants-Montjuïc","18","Sants","101","Combustió Interna-Gasoil",187
2025,"03","Sants-Montjuïc","18","Sants","101","Elèctrica",5
2025,"03","Sants-Montjuïc","18","Sants","101","Híbrid",31
2025,"03","Sants-Montjuïc","18","Sants","101","Altres",15
2025,"03","Sants-Montjuïc","18","Sants","101","No consta",1
2025,"03","Sants-Montjuïc","18","Sants","102","Combustió Interna-Gasolina",351
2025,"03","Sants-Montjuïc","18","Sants","102","Combustió Interna-Gasoil",141
2025,"03","Sants-Montjuïc","18","Sants","102","Elèctrica",2
2025,"03","Sants-Montjuïc","18","Sants","102","Híbrid",39
2025,"03","Sants-Montjuïc","18","Sants","102","Altres",10
2025,"03","Sants-Montjuïc","18","Sants","103","Combustió Interna-Gasolina",285
2025,"03","Sants-Montjuïc","18","Sants","103","Combustió Interna-Gasoil",127
2025,"03","Sants-Montjuïc","18","Sants","103","Elèctrica",4
2025,"03","Sants-Montjuïc","18","Sants","103","Híbrid",34
2025,"03","Sants-Montjuïc","18","Sants","103","Altres",5
2025,"03","Sants-Montjuïc","18","Sants","104","Combustió Interna-Gasolina",369
2025,"03","Sants-Montjuïc","18","Sants","104","Combustió Interna-Gasoil",121
2025,"03","Sants-Montjuïc","18","Sants","104","Elèctrica",5
2025,"03","Sants-Montjuïc","18","Sants","104","Híbrid",42
2025,"03","Sants-Montjuïc","18","Sants","104","Altres",6
2025,"03","Sants-Montjuïc","18","Sants","105","Combustió Interna-Gasolina",282
2025,"03","Sants-Montjuïc","18","Sants","105","Combustió Interna-Gasoil",119
2025,"03","Sants-Montjuïc","18","Sants","105","Elèctrica",1
2025,"03","Sants-Montjuïc","18","Sants","105","Híbrid",29
2025,"03","Sants-Montjuïc","18","Sants","105","Altres",9
2025,"03","Sants-Montjuïc","18","Sants","106","Combustió Interna-Gasolina",351
2025,"03","Sants-Montjuïc","18","Sants","106","Combustió Interna-Gasoil",150
2025,"03","Sants-Montjuïc","18","Sants","106","Elèctrica",3
2025,"03","Sants-Montjuïc","18","Sants","106","Híbrid",19
2025,"03","Sants-Montjuïc","18","Sants","106","Altres",9
2025,"03","Sants-Montjuïc","18","Sants","106","No consta",1
2025,"03","Sants-Montjuïc","18","Sants","107","Combustió Interna-Gasolina",435
2025,"03","Sants-Montjuïc","18","Sants","107","Combustió Interna-Gasoil",196
2025,"03","Sants-Montjuïc","18","Sants","107","Elèctrica",55
2025,"03","Sants-Montjuïc","18","Sants","107","Híbrid",65
2025,"03","Sants-Montjuïc","18","Sants","107","Altres",9
2025,"03","Sants-Montjuïc","18","Sants","107","No consta",1
2025,"03","Sants-Montjuïc","18","Sants","108","Combustió Interna-Gasolina",408
2025,"03","Sants-Montjuïc","18","Sants","108","Combustió Interna-Gasoil",179
2025,"03","Sants-Montjuïc","18","Sants","108","Elèctrica",7
2025,"03","Sants-Montjuïc","18","Sants","108","Híbrid",44
2025,"03","Sants-Montjuïc","18","Sants","108","Altres",9
2025,"03","Sants-Montjuïc","18","Sants","108","No consta",1
2025,"03","Sants-Montjuïc","18","Sants","109","Combustió Interna-Gasolina",426
2025,"03","Sants-Montjuïc","18","Sants","109","Combustió Interna-Gasoil",164
2025,"03","Sants-Montjuïc","18","Sants","109","Elèctrica",3
2025,"03","Sants-Montjuïc","18","Sants","109","Híbrid",38
2025,"03","Sants-Montjuïc","18","Sants","109","Altres",8
2025,"03","Sants-Montjuïc","18","Sants","110","Combustió Interna-Gasolina",449
2025,"03","Sants-Montjuïc","18","Sants","110","Combustió Interna-Gasoil",172
2025,"03","Sants-Montjuïc","18","Sants","110","Elèctrica",7
2025,"03","Sants-Montjuïc","18","Sants","110","Híbrid",57
2025,"03","Sants-Montjuïc","18","Sants","110","Altres",23
2025,"03","Sants-Montjuïc","18","Sants","110","No consta",1
2025,"03","Sants-Montjuïc","18","Sants","111","Combustió Interna-Gasolina",419
2025,"03","Sants-Montjuïc","18","Sants","111","Combustió Interna-Gasoil",136
2025,"03","Sants-Montjuïc","18","Sants","111","Elèctrica",3
2025,"03","Sants-Montjuïc","18","Sants","111","Híbrid",36
2025,"03","Sants-Montjuïc","18","Sants","111","Altres",7
2025,"03","Sants-Montjuïc","18","Sants","112","Combustió Interna-Gasolina",567
2025,"03","Sants-Montjuïc","18","Sants","112","Combustió Interna-Gasoil",205
2025,"03","Sants-Montjuïc","18","Sants","112","Elèctrica",9
2025,"03","Sants-Montjuïc","18","Sants","112","Híbrid",67
2025,"03","Sants-Montjuïc","18","Sants","112","Altres",6
2025,"03","Sants-Montjuïc","18","Sants","112","No consta",1
2025,"03","Sants-Montjuïc","18","Sants","113","Combustió Interna-Gasolina",531
2025,"03","Sants-Montjuïc","18","Sants","113","Combustió Interna-Gasoil",171
2025,"03","Sants-Montjuïc","18","Sants","113","Elèctrica",11
2025,"03","Sants-Montjuïc","18","Sants","113","Híbrid",72
2025,"03","Sants-Montjuïc","18","Sants","113","Altres",8
2025,"03","Sants-Montjuïc","18","Sants","114","Combustió Interna-Gasolina",528
2025,"03","Sants-Montjuïc","18","Sants","114","Combustió Interna-Gasoil",164
2025,"03","Sants-Montjuïc","18","Sants","114","Elèctrica",10
2025,"03","Sants-Montjuïc","18","Sants","114","Híbrid",85
2025,"03","Sants-Montjuïc","18","Sants","114","Altres",6
2025,"03","Sants-Montjuïc","18","Sants","114","No consta",1
2025,"04","Les Corts","19","les Corts","001","Combustió Interna-Gasolina",379
2025,"04","Les Corts","19","les Corts","001","Combustió Interna-Gasoil",155
2025,"04","Les Corts","19","les Corts","001","Elèctrica",4
2025,"04","Les Corts","19","les Corts","001","Híbrid",52
2025,"04","Les Corts","19","les Corts","001","Altres",13
2025,"04","Les Corts","19","les Corts","002","Combustió Interna-Gasolina",610
2025,"04","Les Corts","19","les Corts","002","Combustió Interna-Gasoil",284
2025,"04","Les Corts","19","les Corts","002","Elèctrica",55
2025,"04","Les Corts","19","les Corts","002","Híbrid",185
2025,"04","Les Corts","19","les Corts","002","Altres",24
2025,"04","Les Corts","19","les Corts","003","Combustió Interna-Gasolina",387
2025,"04","Les Corts","19","les Corts","003","Combustió Interna-Gasoil",113
2025,"04","Les Corts","19","les Corts","003","Elèctrica",8
2025,"04","Les Corts","19","les Corts","003","Híbrid",50
2025,"04","Les Corts","19","les Corts","003","Altres",4
2025,"04","Les Corts","19","les Corts","004","Combustió Interna-Gasolina",330
2025,"04","Les Corts","19","les Corts","004","Combustió Interna-Gasoil",136
2025,"04","Les Corts","19","les Corts","004","Elèctrica",5
2025,"04","Les Corts","19","les Corts","004","Híbrid",34
2025,"04","Les Corts","19","les Corts","004","Altres",3
2025,"04","Les Corts","19","les Corts","005","Combustió Interna-Gasolina",332
2025,"04","Les Corts","19","les Corts","005","Combustió Interna-Gasoil",157
2025,"04","Les Corts","19","les Corts","005","Elèctrica",11
2025,"04","Les Corts","19","les Corts","005","Híbrid",56
2025,"04","Les Corts","19","les Corts","005","Altres",7
2025,"04","Les Corts","19","les Corts","006","Combustió Interna-Gasolina",362
2025,"04","Les Corts","19","les Corts","006","Combustió Interna-Gasoil",104
2025,"04","Les Corts","19","les Corts","006","Elèctrica",3
2025,"04","Les Corts","19","les Corts","006","Híbrid",48
2025,"04","Les Corts","19","les Corts","006","Altres",9
2025,"04","Les Corts","19","les Corts","007","Combustió Interna-Gasolina",311
2025,"04","Les Corts","19","les Corts","007","Combustió Interna-Gasoil",133
2025,"04","Les Corts","19","les Corts","007","Elèctrica",5
2025,"04","Les Corts","19","les Corts","007","Híbrid",31
2025,"04","Les Corts","19","les Corts","007","Altres",6
2025,"04","Les Corts","19","les Corts","008","Combustió Interna-Gasolina",305
2025,"04","Les Corts","19","les Corts","008","Combustió Interna-Gasoil",121
2025,"04","Les Corts","19","les Corts","008","Elèctrica",8
2025,"04","Les Corts","19","les Corts","008","Híbrid",28
2025,"04","Les Corts","19","les Corts","008","Altres",8
2025,"04","Les Corts","19","les Corts","009","Combustió Interna-Gasolina",458
2025,"04","Les Corts","19","les Corts","009","Combustió Interna-Gasoil",162
2025,"04","Les Corts","19","les Corts","009","Elèctrica",10
2025,"04","Les Corts","19","les Corts","009","Híbrid",51
2025,"04","Les Corts","19","les Corts","009","Altres",13
2025,"04","Les Corts","19","les Corts","010","Combustió Interna-Gasolina",293
2025,"04","Les Corts","19","les Corts","010","Combustió Interna-Gasoil",93
2025,"04","Les Corts","19","les Corts","010","Elèctrica",7
2025,"04","Les Corts","19","les Corts","010","Híbrid",36
2025,"04","Les Corts","19","les Corts","010","Altres",7
2025,"04","Les Corts","19","les Corts","010","No consta",1
2025,"04","Les Corts","19","les Corts","011","Combustió Interna-Gasolina",569
2025,"04","Les Corts","19","les Corts","011","Combustió Interna-Gasoil",198
2025,"04","Les Corts","19","les Corts","011","Elèctrica",10
2025,"04","Les Corts","19","les Corts","011","Híbrid",88
2025,"04","Les Corts","19","les Corts","011","Altres",5
2025,"04","Les Corts","19","les Corts","011","No consta",2
2025,"04","Les Corts","19","les Corts","012","Combustió Interna-Gasolina",533
2025,"04","Les Corts","19","les Corts","012","Combustió Interna-Gasoil",166
2025,"04","Les Corts","19","les Corts","012","Elèctrica",5
2025,"04","Les Corts","19","les Corts","012","Híbrid",67
2025,"04","Les Corts","19","les Corts","012","Altres",11
2025,"04","Les Corts","19","les Corts","013","Combustió Interna-Gasolina",489
2025,"04","Les Corts","19","les Corts","013","Combustió Interna-Gasoil",171
2025,"04","Les Corts","19","les Corts","013","Elèctrica",6
2025,"04","Les Corts","19","les Corts","013","Híbrid",70
2025,"04","Les Corts","19","les Corts","013","Altres",7
2025,"04","Les Corts","19","les Corts","014","Combustió Interna-Gasolina",222
2025,"04","Les Corts","19","les Corts","014","Combustió Interna-Gasoil",66
2025,"04","Les Corts","19","les Corts","014","Elèctrica",8
2025,"04","Les Corts","19","les Corts","014","Híbrid",45
2025,"04","Les Corts","19","les Corts","014","Altres",2
2025,"04","Les Corts","19","les Corts","015","Combustió Interna-Gasolina",577
2025,"04","Les Corts","19","les Corts","015","Combustió Interna-Gasoil",201
2025,"04","Les Corts","19","les Corts","015","Elèctrica",8
2025,"04","Les Corts","19","les Corts","015","Híbrid",81
2025,"04","Les Corts","19","les Corts","015","Altres",10
2025,"04","Les Corts","19","les Corts","015","No consta",2
2025,"04","Les Corts","19","les Corts","016","Combustió Interna-Gasolina",349
2025,"04","Les Corts","19","les Corts","016","Combustió Interna-Gasoil",134
2025,"04","Les Corts","19","les Corts","016","Elèctrica",7
2025,"04","Les Corts","19","les Corts","016","Híbrid",52
2025,"04","Les Corts","19","les Corts","016","Altres",7
2025,"04","Les Corts","19","les Corts","017","Combustió Interna-Gasolina",429
2025,"04","Les Corts","19","les Corts","017","Combustió Interna-Gasoil",168
2025,"04","Les Corts","19","les Corts","017","Elèctrica",12
2025,"04","Les Corts","19","les Corts","017","Híbrid",68
2025,"04","Les Corts","19","les Corts","017","Altres",3
2025,"04","Les Corts","19","les Corts","018","Combustió Interna-Gasolina",554
2025,"04","Les Corts","19","les Corts","018","Combustió Interna-Gasoil",170
2025,"04","Les Corts","19","les Corts","018","Elèctrica",17
2025,"04","Les Corts","19","les Corts","018","Híbrid",68
2025,"04","Les Corts","19","les Corts","018","Altres",8
2025,"04","Les Corts","19","les Corts","018","No consta",2
2025,"04","Les Corts","19","les Corts","019","Combustió Interna-Gasolina",630
2025,"04","Les Corts","19","les Corts","019","Combustió Interna-Gasoil",195
2025,"04","Les Corts","19","les Corts","019","Elèctrica",14
2025,"04","Les Corts","19","les Corts","019","Híbrid",82
2025,"04","Les Corts","19","les Corts","019","Altres",2
2025,"04","Les Corts","19","les Corts","019","No consta",2
2025,"04","Les Corts","19","les Corts","020","Combustió Interna-Gasolina",561
2025,"04","Les Corts","19","les Corts","020","Combustió Interna-Gasoil",157
2025,"04","Les Corts","19","les Corts","020","Elèctrica",7
2025,"04","Les Corts","19","les Corts","020","Híbrid",81
2025,"04","Les Corts","19","les Corts","020","Altres",7
2025,"04","Les Corts","19","les Corts","020","No consta",1
2025,"04","Les Corts","19","les Corts","021","Combustió Interna-Gasolina",849
2025,"04","Les Corts","19","les Corts","021","Combustió Interna-Gasoil",270
2025,"04","Les Corts","19","les Corts","021","Elèctrica",530
2025,"04","Les Corts","19","les Corts","021","Híbrid",212
2025,"04","Les Corts","19","les Corts","021","Altres",13
2025,"04","Les Corts","19","les Corts","022","Combustió Interna-Gasolina",605
2025,"04","Les Corts","19","les Corts","022","Combustió Interna-Gasoil",191
2025,"04","Les Corts","19","les Corts","022","Elèctrica",25
2025,"04","Les Corts","19","les Corts","022","Híbrid",62
2025,"04","Les Corts","19","les Corts","022","Altres",8
2025,"04","Les Corts","19","les Corts","022","No consta",1
2025,"04","Les Corts","19","les Corts","023","Combustió Interna-Gasolina",646
2025,"04","Les Corts","19","les Corts","023","Combustió Interna-Gasoil",279
2025,"04","Les Corts","19","les Corts","023","Elèctrica",46
2025,"04","Les Corts","19","les Corts","023","Híbrid",132
2025,"04","Les Corts","19","les Corts","023","Altres",10
2025,"04","Les Corts","19","les Corts","023","No consta",7
2025,"04","Les Corts","19","les Corts","024","Combustió Interna-Gasolina",776
2025,"04","Les Corts","19","les Corts","024","Combustió Interna-Gasoil",385
2025,"04","Les Corts","19","les Corts","024","Elèctrica",128
2025,"04","Les Corts","19","les Corts","024","Híbrid",403
2025,"04","Les Corts","19","les Corts","024","Altres",16
2025,"04","Les Corts","19","les Corts","024","No consta",3
2025,"04","Les Corts","19","les Corts","025","Combustió Interna-Gasolina",429
2025,"04","Les Corts","19","les Corts","025","Combustió Interna-Gasoil",135
2025,"04","Les Corts","19","les Corts","025","Elèctrica",9
2025,"04","Les Corts","19","les Corts","025","Híbrid",46
2025,"04","Les Corts","19","les Corts","025","Altres",4
2025,"04","Les Corts","19","les Corts","025","No consta",1
2025,"04","Les Corts","19","les Corts","026","Combustió Interna-Gasolina",435
2025,"04","Les Corts","19","les Corts","026","Combustió Interna-Gasoil",137
2025,"04","Les Corts","19","les Corts","026","Elèctrica",7
2025,"04","Les Corts","19","les Corts","026","Híbrid",48
2025,"04","Les Corts","19","les Corts","026","Altres",5
2025,"04","Les Corts","19","les Corts","026","No consta",1
2025,"04","Les Corts","19","les Corts","027","Combustió Interna-Gasolina",439
2025,"04","Les Corts","19","les Corts","027","Combustió Interna-Gasoil",197
2025,"04","Les Corts","19","les Corts","027","Elèctrica",9
2025,"04","Les Corts","19","les Corts","027","Híbrid",61
2025,"04","Les Corts","19","les Corts","027","Altres",8
2025,"04","Les Corts","19","les Corts","027","No consta",2
2025,"04","Les Corts","19","les Corts","028","Combustió Interna-Gasolina",421
2025,"04","Les Corts","19","les Corts","028","Combustió Interna-Gasoil",140
2025,"04","Les Corts","19","les Corts","028","Elèctrica",9
2025,"04","Les Corts","19","les Corts","028","Híbrid",66
2025,"04","Les Corts","19","les Corts","028","Altres",6
2025,"04","Les Corts","19","les Corts","029","Combustió Interna-Gasolina",698
2025,"04","Les Corts","19","les Corts","029","Combustió Interna-Gasoil",370
2025,"04","Les Corts","19","les Corts","029","Elèctrica",26
2025,"04","Les Corts","19","les Corts","029","Híbrid",107
2025,"04","Les Corts","19","les Corts","029","Altres",15
2025,"04","Les Corts","19","les Corts","029","No consta",4
2025,"04","Les Corts","19","les Corts","030","Combustió Interna-Gasolina",579
2025,"04","Les Corts","19","les Corts","030","Combustió Interna-Gasoil",239
2025,"04","Les Corts","19","les Corts","030","Elèctrica",17
2025,"04","Les Corts","19","les Corts","030","Híbrid",107
2025,"04","Les Corts","19","les Corts","030","Altres",8
2025,"04","Les Corts","19","les Corts","030","No consta",1
2025,"04","Les Corts","19","les Corts","031","Combustió Interna-Gasolina",471
2025,"04","Les Corts","19","les Corts","031","Combustió Interna-Gasoil",185
2025,"04","Les Corts","19","les Corts","031","Elèctrica",19
2025,"04","Les Corts","19","les Corts","031","Híbrid",77
2025,"04","Les Corts","19","les Corts","031","Altres",7
2025,"04","Les Corts","19","les Corts","031","No consta",1
2025,"04","Les Corts","19","les Corts","032","Combustió Interna-Gasolina",499
2025,"04","Les Corts","19","les Corts","032","Combustió Interna-Gasoil",180
2025,"04","Les Corts","19","les Corts","032","Elèctrica",8
2025,"04","Les Corts","19","les Corts","032","Híbrid",66
2025,"04","Les Corts","19","les Corts","032","Altres",14
2025,"04","Les Corts","19","les Corts","032","No consta",1
2025,"04","Les Corts","19","les Corts","033","Combustió Interna-Gasolina",382
2025,"04","Les Corts","19","les Corts","033","Combustió Interna-Gasoil",118
2025,"04","Les Corts","19","les Corts","033","Elèctrica",8
2025,"04","Les Corts","19","les Corts","033","Híbrid",44
2025,"04","Les Corts","19","les Corts","033","Altres",6
2025,"04","Les Corts","19","les Corts","034","Combustió Interna-Gasolina",562
2025,"04","Les Corts","19","les Corts","034","Combustió Interna-Gasoil",168
2025,"04","Les Corts","19","les Corts","034","Elèctrica",8
2025,"04","Les Corts","19","les Corts","034","Híbrid",76
2025,"04","Les Corts","19","les Corts","034","Altres",6
2025,"04","Les Corts","19","les Corts","035","Combustió Interna-Gasolina",480
2025,"04","Les Corts","19","les Corts","035","Combustió Interna-Gasoil",177
2025,"04","Les Corts","19","les Corts","035","Elèctrica",12
2025,"04","Les Corts","19","les Corts","035","Híbrid",92
2025,"04","Les Corts","19","les Corts","035","Altres",10
2025,"04","Les Corts","20","la Maternitat i Sant Ramon","036","Combustió Interna-Gasolina",476
2025,"04","Les Corts","20","la Maternitat i Sant Ramon","036","Combustió Interna-Gasoil",161
2025,"04","Les Corts","20","la Maternitat i Sant Ramon","036","Elèctrica",9
2025,"04","Les Corts","20","la Maternitat i Sant Ramon","036","Híbrid",41
2025,"04","Les Corts","20","la Maternitat i Sant Ramon","036","Altres",7
2025,"04","Les Corts","20","la Maternitat i Sant Ramon","037","Combustió Interna-Gasolina",778
2025,"04","Les Corts","20","la Maternitat i Sant Ramon","037","Combustió Interna-Gasoil",268
2025,"04","Les Corts","20","la Maternitat i Sant Ramon","037","Elèctrica",11
2025,"04","Les Corts","20","la Maternitat i Sant Ramon","037","Híbrid",90
2025,"04","Les Corts","20","la Maternitat i Sant Ramon","037","Altres",16
2025,"04","Les Corts","20","la Maternitat i Sant Ramon","038","Combustió Interna-Gasolina",463
2025,"04","Les Corts","20","la Maternitat i Sant Ramon","038","Combustió Interna-Gasoil",157
2025,"04","Les Corts","20","la Maternitat i Sant Ramon","038","Elèctrica",10
2025,"04","Les Corts","20","la Maternitat i Sant Ramon","038","Híbrid",53
2025,"04","Les Corts","20","la Maternitat i Sant Ramon","038","Altres",5
2025,"04","Les Corts","20","la Maternitat i Sant Ramon","039","Combustió Interna-Gasolina",429
2025,"04","Les Corts","20","la Maternitat i Sant Ramon","039","Combustió Interna-Gasoil",181
2025,"04","Les Corts","20","la Maternitat i Sant Ramon","039","Elèctrica",7
2025,"04","Les Corts","20","la Maternitat i Sant Ramon","039","Híbrid",64
2025,"04","Les Corts","20","la Maternitat i Sant Ramon","039","Altres",5
2025,"04","Les Corts","20","la Maternitat i Sant Ramon","040","Combustió Interna-Gasolina",426
2025,"04","Les Corts","20","la Maternitat i Sant Ramon","040","Combustió Interna-Gasoil",180
2025,"04","Les Corts","20","la Maternitat i Sant Ramon","040","Elèctrica",4
2025,"04","Les Corts","20","la Maternitat i Sant Ramon","040","Híbrid",49
2025,"04","Les Corts","20","la Maternitat i Sant Ramon","040","Altres",13
2025,"04","Les Corts","20","la Maternitat i Sant Ramon","040","No consta",1
2025,"04","Les Corts","20","la Maternitat i Sant Ramon","041","Combustió Interna-Gasolina",394
2025,"04","Les Corts","20","la Maternitat i Sant Ramon","041","Combustió Interna-Gasoil",163
2025,"04","Les Corts","20","la Maternitat i Sant Ramon","041","Elèctrica",11
2025,"04","Les Corts","20","la Maternitat i Sant Ramon","041","Híbrid",158
2025,"04","Les Corts","20","la Maternitat i Sant Ramon","041","Altres",13
2025,"04","Les Corts","20","la Maternitat i Sant Ramon","042","Combustió Interna-Gasolina",503
2025,"04","Les Corts","20","la Maternitat i Sant Ramon","042","Combustió Interna-Gasoil",190
2025,"04","Les Corts","20","la Maternitat i Sant Ramon","042","Elèctrica",5
2025,"04","Les Corts","20","la Maternitat i Sant Ramon","042","Híbrid",56
2025,"04","Les Corts","20","la Maternitat i Sant Ramon","042","Altres",9
2025,"04","Les Corts","20","la Maternitat i Sant Ramon","043","Combustió Interna-Gasolina",597
2025,"04","Les Corts","20","la Maternitat i Sant Ramon","043","Combustió Interna-Gasoil",233
2025,"04","Les Corts","20","la Maternitat i Sant Ramon","043","Elèctrica",12
2025,"04","Les Corts","20","la Maternitat i Sant Ramon","043","Híbrid",89
2025,"04","Les Corts","20","la Maternitat i Sant Ramon","043","Altres",17
2025,"04","Les Corts","20","la Maternitat i Sant Ramon","044","Combustió Interna-Gasolina",504
2025,"04","Les Corts","20","la Maternitat i Sant Ramon","044","Combustió Interna-Gasoil",208
2025,"04","Les Corts","20","la Maternitat i Sant Ramon","044","Elèctrica",5
2025,"04","Les Corts","20","la Maternitat i Sant Ramon","044","Híbrid",74
2025,"04","Les Corts","20","la Maternitat i Sant Ramon","044","Altres",14
2025,"04","Les Corts","20","la Maternitat i Sant Ramon","045","Combustió Interna-Gasolina",405
2025,"04","Les Corts","20","la Maternitat i Sant Ramon","045","Combustió Interna-Gasoil",209
2025,"04","Les Corts","20","la Maternitat i Sant Ramon","045","Elèctrica",15
2025,"04","Les Corts","20","la Maternitat i Sant Ramon","045","Híbrid",49
2025,"04","Les Corts","20","la Maternitat i Sant Ramon","045","Altres",29
2025,"04","Les Corts","20","la Maternitat i Sant Ramon","046","Combustió Interna-Gasolina",1031
2025,"04","Les Corts","20","la Maternitat i Sant Ramon","046","Combustió Interna-Gasoil",341
2025,"04","Les Corts","20","la Maternitat i Sant Ramon","046","Elèctrica",22
2025,"04","Les Corts","20","la Maternitat i Sant Ramon","046","Híbrid",171
2025,"04","Les Corts","20","la Maternitat i Sant Ramon","046","Altres",11
2025,"04","Les Corts","20","la Maternitat i Sant Ramon","046","No consta",1
2025,"04","Les Corts","20","la Maternitat i Sant Ramon","047","Combustió Interna-Gasolina",615
2025,"04","Les Corts","20","la Maternitat i Sant Ramon","047","Combustió Interna-Gasoil",267
2025,"04","Les Corts","20","la Maternitat i Sant Ramon","047","Elèctrica",14
2025,"04","Les Corts","20","la Maternitat i Sant Ramon","047","Híbrid",114
2025,"04","Les Corts","20","la Maternitat i Sant Ramon","047","Altres",19
2025,"04","Les Corts","20","la Maternitat i Sant Ramon","048","Combustió Interna-Gasolina",579
2025,"04","Les Corts","20","la Maternitat i Sant Ramon","048","Combustió Interna-Gasoil",176
2025,"04","Les Corts","20","la Maternitat i Sant Ramon","048","Elèctrica",10
2025,"04","Les Corts","20","la Maternitat i Sant Ramon","048","Híbrid",87
2025,"04","Les Corts","20","la Maternitat i Sant Ramon","048","Altres",6
2025,"04","Les Corts","20","la Maternitat i Sant Ramon","049","Combustió Interna-Gasolina",525
2025,"04","Les Corts","20","la Maternitat i Sant Ramon","049","Combustió Interna-Gasoil",288
2025,"04","Les Corts","20","la Maternitat i Sant Ramon","049","Elèctrica",24
2025,"04","Les Corts","20","la Maternitat i Sant Ramon","049","Híbrid",99
2025,"04","Les Corts","20","la Maternitat i Sant Ramon","049","Altres",28
2025,"04","Les Corts","20","la Maternitat i Sant Ramon","084","Combustió Interna-Gasolina",543
2025,"04","Les Corts","20","la Maternitat i Sant Ramon","084","Combustió Interna-Gasoil",204
2025,"04","Les Corts","20","la Maternitat i Sant Ramon","084","Elèctrica",7
2025,"04","Les Corts","20","la Maternitat i Sant Ramon","084","Híbrid",64
2025,"04","Les Corts","20","la Maternitat i Sant Ramon","084","Altres",2
2025,"04","Les Corts","21","Pedralbes","050","Combustió Interna-Gasolina",988
2025,"04","Les Corts","21","Pedralbes","050","Combustió Interna-Gasoil",298
2025,"04","Les Corts","21","Pedralbes","050","Elèctrica",36
2025,"04","Les Corts","21","Pedralbes","050","Híbrid",167
2025,"04","Les Corts","21","Pedralbes","050","Altres",8
2025,"04","Les Corts","21","Pedralbes","050","No consta",3
2025,"04","Les Corts","21","Pedralbes","051","Combustió Interna-Gasolina",688
2025,"04","Les Corts","21","Pedralbes","051","Combustió Interna-Gasoil",202
2025,"04","Les Corts","21","Pedralbes","051","Elèctrica",16
2025,"04","Les Corts","21","Pedralbes","051","Híbrid",85
2025,"04","Les Corts","21","Pedralbes","051","Altres",4
2025,"04","Les Corts","21","Pedralbes","051","No consta",2
2025,"04","Les Corts","21","Pedralbes","052","Combustió Interna-Gasolina",1283
2025,"04","Les Corts","21","Pedralbes","052","Combustió Interna-Gasoil",417
2025,"04","Les Corts","21","Pedralbes","052","Elèctrica",65
2025,"04","Les Corts","21","Pedralbes","052","Híbrid",186
2025,"04","Les Corts","21","Pedralbes","052","Altres",22
2025,"04","Les Corts","21","Pedralbes","052","No consta",2
2025,"04","Les Corts","21","Pedralbes","053","Combustió Interna-Gasolina",728
2025,"04","Les Corts","21","Pedralbes","053","Combustió Interna-Gasoil",237
2025,"04","Les Corts","21","Pedralbes","053","Elèctrica",23
2025,"04","Les Corts","21","Pedralbes","053","Híbrid",82
2025,"04","Les Corts","21","Pedralbes","053","Altres",11
2025,"04","Les Corts","21","Pedralbes","054","Combustió Interna-Gasolina",623
2025,"04","Les Corts","21","Pedralbes","054","Combustió Interna-Gasoil",151
2025,"04","Les Corts","21","Pedralbes","054","Elèctrica",23
2025,"04","Les Corts","21","Pedralbes","054","Híbrid",88
2025,"04","Les Corts","21","Pedralbes","054","Altres",4
2025,"04","Les Corts","21","Pedralbes","054","No consta",1
2025,"04","Les Corts","21","Pedralbes","055","Combustió Interna-Gasolina",1072
2025,"04","Les Corts","21","Pedralbes","055","Combustió Interna-Gasoil",232
2025,"04","Les Corts","21","Pedralbes","055","Elèctrica",60
2025,"04","Les Corts","21","Pedralbes","055","Híbrid",129
2025,"04","Les Corts","21","Pedralbes","055","Altres",8
2025,"04","Les Corts","21","Pedralbes","055","No consta",1
2025,"04","Les Corts","21","Pedralbes","056","Combustió Interna-Gasolina",1059
2025,"04","Les Corts","21","Pedralbes","056","Combustió Interna-Gasoil",257
2025,"04","Les Corts","21","Pedralbes","056","Elèctrica",88
2025,"04","Les Corts","21","Pedralbes","056","Híbrid",131
2025,"04","Les Corts","21","Pedralbes","056","Altres",12
2025,"04","Les Corts","21","Pedralbes","056","No consta",9
2025,"05","Sarrià-St. Gervasi","22","Vallvidrera, el Tibidabo i les Planes","001","Combustió Interna-Gasolina",730
2025,"05","Sarrià-St. Gervasi","22","Vallvidrera, el Tibidabo i les Planes","001","Combustió Interna-Gasoil",355
2025,"05","Sarrià-St. Gervasi","22","Vallvidrera, el Tibidabo i les Planes","001","Elèctrica",34
2025,"05","Sarrià-St. Gervasi","22","Vallvidrera, el Tibidabo i les Planes","001","Híbrid",80
2025,"05","Sarrià-St. Gervasi","22","Vallvidrera, el Tibidabo i les Planes","001","Altres",31
2025,"05","Sarrià-St. Gervasi","22","Vallvidrera, el Tibidabo i les Planes","002","Combustió Interna-Gasolina",785
2025,"05","Sarrià-St. Gervasi","22","Vallvidrera, el Tibidabo i les Planes","002","Combustió Interna-Gasoil",268
2025,"05","Sarrià-St. Gervasi","22","Vallvidrera, el Tibidabo i les Planes","002","Elèctrica",54
2025,"05","Sarrià-St. Gervasi","22","Vallvidrera, el Tibidabo i les Planes","002","Híbrid",96
2025,"05","Sarrià-St. Gervasi","22","Vallvidrera, el Tibidabo i les Planes","002","Altres",12
2025,"05","Sarrià-St. Gervasi","22","Vallvidrera, el Tibidabo i les Planes","002","No consta",1
2025,"05","Sarrià-St. Gervasi","22","Vallvidrera, el Tibidabo i les Planes","003","Combustió Interna-Gasolina",646
2025,"05","Sarrià-St. Gervasi","22","Vallvidrera, el Tibidabo i les Planes","003","Combustió Interna-Gasoil",202
2025,"05","Sarrià-St. Gervasi","22","Vallvidrera, el Tibidabo i les Planes","003","Elèctrica",32
2025,"05","Sarrià-St. Gervasi","22","Vallvidrera, el Tibidabo i les Planes","003","Híbrid",79
2025,"05","Sarrià-St. Gervasi","22","Vallvidrera, el Tibidabo i les Planes","003","Altres",13
2025,"05","Sarrià-St. Gervasi","23","Sarrià","004","Combustió Interna-Gasolina",624
2025,"05","Sarrià-St. Gervasi","23","Sarrià","004","Combustió Interna-Gasoil",177
2025,"05","Sarrià-St. Gervasi","23","Sarrià","004","Elèctrica",60
2025,"05","Sarrià-St. Gervasi","23","Sarrià","004","Híbrid",62
2025,"05","Sarrià-St. Gervasi","23","Sarrià","004","Altres",20
2025,"05","Sarrià-St. Gervasi","23","Sarrià","005","Combustió Interna-Gasolina",605
2025,"05","Sarrià-St. Gervasi","23","Sarrià","005","Combustió Interna-Gasoil",169
2025,"05","Sarrià-St. Gervasi","23","Sarrià","005","Elèctrica",44
2025,"05","Sarrià-St. Gervasi","23","Sarrià","005","Híbrid",62
2025,"05","Sarrià-St. Gervasi","23","Sarrià","005","Altres",5
2025,"05","Sarrià-St. Gervasi","23","Sarrià","005","No consta",1
2025,"05","Sarrià-St. Gervasi","23","Sarrià","006","Combustió Interna-Gasolina",1051
2025,"05","Sarrià-St. Gervasi","23","Sarrià","006","Combustió Interna-Gasoil",260
2025,"05","Sarrià-St. Gervasi","23","Sarrià","006","Elèctrica",60
2025,"05","Sarrià-St. Gervasi","23","Sarrià","006","Híbrid",119
2025,"05","Sarrià-St. Gervasi","23","Sarrià","006","Altres",4
2025,"05","Sarrià-St. Gervasi","23","Sarrià","006","No consta",6
2025,"05","Sarrià-St. Gervasi","23","Sarrià","007","Combustió Interna-Gasolina",730
2025,"05","Sarrià-St. Gervasi","23","Sarrià","007","Combustió Interna-Gasoil",188
2025,"05","Sarrià-St. Gervasi","23","Sarrià","007","Elèctrica",20
2025,"05","Sarrià-St. Gervasi","23","Sarrià","007","Híbrid",90
2025,"05","Sarrià-St. Gervasi","23","Sarrià","007","Altres",11
2025,"05","Sarrià-St. Gervasi","23","Sarrià","008","Combustió Interna-Gasolina",754
2025,"05","Sarrià-St. Gervasi","23","Sarrià","008","Combustió Interna-Gasoil",194
2025,"05","Sarrià-St. Gervasi","23","Sarrià","008","Elèctrica",36
2025,"05","Sarrià-St. Gervasi","23","Sarrià","008","Híbrid",78
2025,"05","Sarrià-St. Gervasi","23","Sarrià","008","Altres",8
2025,"05","Sarrià-St. Gervasi","23","Sarrià","008","No consta",1
2025,"05","Sarrià-St. Gervasi","23","Sarrià","009","Combustió Interna-Gasolina",736
2025,"05","Sarrià-St. Gervasi","23","Sarrià","009","Combustió Interna-Gasoil",222
2025,"05","Sarrià-St. Gervasi","23","Sarrià","009","Elèctrica",26
2025,"05","Sarrià-St. Gervasi","23","Sarrià","009","Híbrid",92
2025,"05","Sarrià-St. Gervasi","23","Sarrià","009","Altres",6
2025,"05","Sarrià-St. Gervasi","23","Sarrià","010","Combustió Interna-Gasolina",661
2025,"05","Sarrià-St. Gervasi","23","Sarrià","010","Combustió Interna-Gasoil",216
2025,"05","Sarrià-St. Gervasi","23","Sarrià","010","Elèctrica",16
2025,"05","Sarrià-St. Gervasi","23","Sarrià","010","Híbrid",79
2025,"05","Sarrià-St. Gervasi","23","Sarrià","010","Altres",7
2025,"05","Sarrià-St. Gervasi","23","Sarrià","011","Combustió Interna-Gasolina",563
2025,"05","Sarrià-St. Gervasi","23","Sarrià","011","Combustió Interna-Gasoil",212
2025,"05","Sarrià-St. Gervasi","23","Sarrià","011","Elèctrica",13
2025,"05","Sarrià-St. Gervasi","23","Sarrià","011","Híbrid",56
2025,"05","Sarrià-St. Gervasi","23","Sarrià","011","Altres",3
2025,"05","Sarrià-St. Gervasi","23","Sarrià","011","No consta",3
2025,"05","Sarrià-St. Gervasi","23","Sarrià","012","Combustió Interna-Gasolina",583
2025,"05","Sarrià-St. Gervasi","23","Sarrià","012","Combustió Interna-Gasoil",229
2025,"05","Sarrià-St. Gervasi","23","Sarrià","012","Elèctrica",45
2025,"05","Sarrià-St. Gervasi","23","Sarrià","012","Híbrid",87
2025,"05","Sarrià-St. Gervasi","23","Sarrià","012","Altres",9
2025,"05","Sarrià-St. Gervasi","23","Sarrià","013","Combustió Interna-Gasolina",753
2025,"05","Sarrià-St. Gervasi","23","Sarrià","013","Combustió Interna-Gasoil",221
2025,"05","Sarrià-St. Gervasi","23","Sarrià","013","Elèctrica",16
2025,"05","Sarrià-St. Gervasi","23","Sarrià","013","Híbrid",93
2025,"05","Sarrià-St. Gervasi","23","Sarrià","013","Altres",5
2025,"05","Sarrià-St. Gervasi","23","Sarrià","014","Combustió Interna-Gasolina",737
2025,"05","Sarrià-St. Gervasi","23","Sarrià","014","Combustió Interna-Gasoil",220
2025,"05","Sarrià-St. Gervasi","23","Sarrià","014","Elèctrica",27
2025,"05","Sarrià-St. Gervasi","23","Sarrià","014","Híbrid",98
2025,"05","Sarrià-St. Gervasi","23","Sarrià","014","Altres",4
2025,"05","Sarrià-St. Gervasi","23","Sarrià","014","No consta",1
2025,"05","Sarrià-St. Gervasi","23","Sarrià","015","Combustió Interna-Gasolina",628
2025,"05","Sarrià-St. Gervasi","23","Sarrià","015","Combustió Interna-Gasoil",158
2025,"05","Sarrià-St. Gervasi","23","Sarrià","015","Elèctrica",18
2025,"05","Sarrià-St. Gervasi","23","Sarrià","015","Híbrid",63
2025,"05","Sarrià-St. Gervasi","23","Sarrià","015","Altres",7
2025,"05","Sarrià-St. Gervasi","23","Sarrià","015","No consta",3
2025,"05","Sarrià-St. Gervasi","23","Sarrià","016","Combustió Interna-Gasolina",679
2025,"05","Sarrià-St. Gervasi","23","Sarrià","016","Combustió Interna-Gasoil",227
2025,"05","Sarrià-St. Gervasi","23","Sarrià","016","Elèctrica",15
2025,"05","Sarrià-St. Gervasi","23","Sarrià","016","Híbrid",94
2025,"05","Sarrià-St. Gervasi","23","Sarrià","016","Altres",7
2025,"05","Sarrià-St. Gervasi","23","Sarrià","017","Combustió Interna-Gasolina",924
2025,"05","Sarrià-St. Gervasi","23","Sarrià","017","Combustió Interna-Gasoil",268
2025,"05","Sarrià-St. Gervasi","23","Sarrià","017","Elèctrica",25
2025,"05","Sarrià-St. Gervasi","23","Sarrià","017","Híbrid",99
2025,"05","Sarrià-St. Gervasi","23","Sarrià","017","Altres",6
2025,"05","Sarrià-St. Gervasi","23","Sarrià","017","No consta",1
2025,"05","Sarrià-St. Gervasi","23","Sarrià","018","Combustió Interna-Gasolina",615
2025,"05","Sarrià-St. Gervasi","23","Sarrià","018","Combustió Interna-Gasoil",186
2025,"05","Sarrià-St. Gervasi","23","Sarrià","018","Elèctrica",22
2025,"05","Sarrià-St. Gervasi","23","Sarrià","018","Híbrid",109
2025,"05","Sarrià-St. Gervasi","23","Sarrià","018","Altres",3
2025,"05","Sarrià-St. Gervasi","23","Sarrià","019","Combustió Interna-Gasolina",886
2025,"05","Sarrià-St. Gervasi","23","Sarrià","019","Combustió Interna-Gasoil",234
2025,"05","Sarrià-St. Gervasi","23","Sarrià","019","Elèctrica",21
2025,"05","Sarrià-St. Gervasi","23","Sarrià","019","Híbrid",103
2025,"05","Sarrià-St. Gervasi","23","Sarrià","019","Altres",18
2025,"05","Sarrià-St. Gervasi","23","Sarrià","019","No consta",1
2025,"05","Sarrià-St. Gervasi","24","les Tres Torres","020","Combustió Interna-Gasolina",517
2025,"05","Sarrià-St. Gervasi","24","les Tres Torres","020","Combustió Interna-Gasoil",175
2025,"05","Sarrià-St. Gervasi","24","les Tres Torres","020","Elèctrica",19
2025,"05","Sarrià-St. Gervasi","24","les Tres Torres","020","Híbrid",68
2025,"05","Sarrià-St. Gervasi","24","les Tres Torres","020","Altres",3
2025,"05","Sarrià-St. Gervasi","24","les Tres Torres","020","No consta",1
2025,"05","Sarrià-St. Gervasi","24","les Tres Torres","021","Combustió Interna-Gasolina",499
2025,"05","Sarrià-St. Gervasi","24","les Tres Torres","021","Combustió Interna-Gasoil",133
2025,"05","Sarrià-St. Gervasi","24","les Tres Torres","021","Elèctrica",32
2025,"05","Sarrià-St. Gervasi","24","les Tres Torres","021","Híbrid",127
2025,"05","Sarrià-St. Gervasi","24","les Tres Torres","021","Altres",8
2025,"05","Sarrià-St. Gervasi","24","les Tres Torres","022","Combustió Interna-Gasolina",925
2025,"05","Sarrià-St. Gervasi","24","les Tres Torres","022","Combustió Interna-Gasoil",241
2025,"05","Sarrià-St. Gervasi","24","les Tres Torres","022","Elèctrica",45
2025,"05","Sarrià-St. Gervasi","24","les Tres Torres","022","Híbrid",98
2025,"05","Sarrià-St. Gervasi","24","les Tres Torres","022","Altres",4
2025,"05","Sarrià-St. Gervasi","24","les Tres Torres","023","Combustió Interna-Gasolina",655
2025,"05","Sarrià-St. Gervasi","24","les Tres Torres","023","Combustió Interna-Gasoil",199
2025,"05","Sarrià-St. Gervasi","24","les Tres Torres","023","Elèctrica",25
2025,"05","Sarrià-St. Gervasi","24","les Tres Torres","023","Híbrid",63
2025,"05","Sarrià-St. Gervasi","24","les Tres Torres","023","Altres",4
2025,"05","Sarrià-St. Gervasi","24","les Tres Torres","023","No consta",1
2025,"05","Sarrià-St. Gervasi","24","les Tres Torres","024","Combustió Interna-Gasolina",1138
2025,"05","Sarrià-St. Gervasi","24","les Tres Torres","024","Combustió Interna-Gasoil",295
2025,"05","Sarrià-St. Gervasi","24","les Tres Torres","024","Elèctrica",29
2025,"05","Sarrià-St. Gervasi","24","les Tres Torres","024","Híbrid",113
2025,"05","Sarrià-St. Gervasi","24","les Tres Torres","024","Altres",9
2025,"05","Sarrià-St. Gervasi","24","les Tres Torres","025","Combustió Interna-Gasolina",788
2025,"05","Sarrià-St. Gervasi","24","les Tres Torres","025","Combustió Interna-Gasoil",170
2025,"05","Sarrià-St. Gervasi","24","les Tres Torres","025","Elèctrica",29
2025,"05","Sarrià-St. Gervasi","24","les Tres Torres","025","Híbrid",86
2025,"05","Sarrià-St. Gervasi","24","les Tres Torres","025","Altres",8
2025,"05","Sarrià-St. Gervasi","24","les Tres Torres","025","No consta",1
2025,"05","Sarrià-St. Gervasi","24","les Tres Torres","026","Combustió Interna-Gasolina",907
2025,"05","Sarrià-St. Gervasi","24","les Tres Torres","026","Combustió Interna-Gasoil",236
2025,"05","Sarrià-St. Gervasi","24","les Tres Torres","026","Elèctrica",30
2025,"05","Sarrià-St. Gervasi","24","les Tres Torres","026","Híbrid",109
2025,"05","Sarrià-St. Gervasi","24","les Tres Torres","026","Altres",12
2025,"05","Sarrià-St. Gervasi","24","les Tres Torres","026","No consta",4
2025,"05","Sarrià-St. Gervasi","24","les Tres Torres","027","Combustió Interna-Gasolina",782
2025,"05","Sarrià-St. Gervasi","24","les Tres Torres","027","Combustió Interna-Gasoil",192
2025,"05","Sarrià-St. Gervasi","24","les Tres Torres","027","Elèctrica",35
2025,"05","Sarrià-St. Gervasi","24","les Tres Torres","027","Híbrid",103
2025,"05","Sarrià-St. Gervasi","24","les Tres Torres","027","Altres",1
2025,"05","Sarrià-St. Gervasi","24","les Tres Torres","027","No consta",4
2025,"05","Sarrià-St. Gervasi","24","les Tres Torres","028","Combustió Interna-Gasolina",815
2025,"05","Sarrià-St. Gervasi","24","les Tres Torres","028","Combustió Interna-Gasoil",244
2025,"05","Sarrià-St. Gervasi","24","les Tres Torres","028","Elèctrica",34
2025,"05","Sarrià-St. Gervasi","24","les Tres Torres","028","Híbrid",85
2025,"05","Sarrià-St. Gervasi","24","les Tres Torres","028","Altres",9
2025,"05","Sarrià-St. Gervasi","24","les Tres Torres","029","Combustió Interna-Gasolina",1081
2025,"05","Sarrià-St. Gervasi","24","les Tres Torres","029","Combustió Interna-Gasoil",232
2025,"05","Sarrià-St. Gervasi","24","les Tres Torres","029","Elèctrica",61
2025,"05","Sarrià-St. Gervasi","24","les Tres Torres","029","Híbrid",116
2025,"05","Sarrià-St. Gervasi","24","les Tres Torres","029","Altres",12
2025,"05","Sarrià-St. Gervasi","24","les Tres Torres","030","Combustió Interna-Gasolina",868
2025,"05","Sarrià-St. Gervasi","24","les Tres Torres","030","Combustió Interna-Gasoil",202
2025,"05","Sarrià-St. Gervasi","24","les Tres Torres","030","Elèctrica",25
2025,"05","Sarrià-St. Gervasi","24","les Tres Torres","030","Híbrid",79
2025,"05","Sarrià-St. Gervasi","24","les Tres Torres","030","Altres",2
2025,"05","Sarrià-St. Gervasi","24","les Tres Torres","030","No consta",1
2025,"05","Sarrià-St. Gervasi","25","Sant Gervasi - la Bonanova","031","Combustió Interna-Gasolina",954
2025,"05","Sarrià-St. Gervasi","25","Sant Gervasi - la Bonanova","031","Combustió Interna-Gasoil",246
2025,"05","Sarrià-St. Gervasi","25","Sant Gervasi - la Bonanova","031","Elèctrica",381
2025,"05","Sarrià-St. Gervasi","25","Sant Gervasi - la Bonanova","031","Híbrid",114
2025,"05","Sarrià-St. Gervasi","25","Sant Gervasi - la Bonanova","031","Altres",15
2025,"05","Sarrià-St. Gervasi","25","Sant Gervasi - la Bonanova","031","No consta",2
2025,"05","Sarrià-St. Gervasi","25","Sant Gervasi - la Bonanova","032","Combustió Interna-Gasolina",940
2025,"05","Sarrià-St. Gervasi","25","Sant Gervasi - la Bonanova","032","Combustió Interna-Gasoil",249
2025,"05","Sarrià-St. Gervasi","25","Sant Gervasi - la Bonanova","032","Elèctrica",89
2025,"05","Sarrià-St. Gervasi","25","Sant Gervasi - la Bonanova","032","Híbrid",126
2025,"05","Sarrià-St. Gervasi","25","Sant Gervasi - la Bonanova","032","Altres",5
2025,"05","Sarrià-St. Gervasi","25","Sant Gervasi - la Bonanova","033","Combustió Interna-Gasolina",757
2025,"05","Sarrià-St. Gervasi","25","Sant Gervasi - la Bonanova","033","Combustió Interna-Gasoil",185
2025,"05","Sarrià-St. Gervasi","25","Sant Gervasi - la Bonanova","033","Elèctrica",40
2025,"05","Sarrià-St. Gervasi","25","Sant Gervasi - la Bonanova","033","Híbrid",84
2025,"05","Sarrià-St. Gervasi","25","Sant Gervasi - la Bonanova","033","Altres",10
2025,"05","Sarrià-St. Gervasi","25","Sant Gervasi - la Bonanova","033","No consta",10
2025,"05","Sarrià-St. Gervasi","25","Sant Gervasi - la Bonanova","034","Combustió Interna-Gasolina",496
2025,"05","Sarrià-St. Gervasi","25","Sant Gervasi - la Bonanova","034","Combustió Interna-Gasoil",121
2025,"05","Sarrià-St. Gervasi","25","Sant Gervasi - la Bonanova","034","Elèctrica",26
2025,"05","Sarrià-St. Gervasi","25","Sant Gervasi - la Bonanova","034","Híbrid",45
2025,"05","Sarrià-St. Gervasi","25","Sant Gervasi - la Bonanova","034","Altres",3
2025,"05","Sarrià-St. Gervasi","25","Sant Gervasi - la Bonanova","034","No consta",5
2025,"05","Sarrià-St. Gervasi","25","Sant Gervasi - la Bonanova","035","Combustió Interna-Gasolina",603
2025,"05","Sarrià-St. Gervasi","25","Sant Gervasi - la Bonanova","035","Combustió Interna-Gasoil",180
2025,"05","Sarrià-St. Gervasi","25","Sant Gervasi - la Bonanova","035","Elèctrica",17
2025,"05","Sarrià-St. Gervasi","25","Sant Gervasi - la Bonanova","035","Híbrid",86
2025,"05","Sarrià-St. Gervasi","25","Sant Gervasi - la Bonanova","035","Altres",5
2025,"05","Sarrià-St. Gervasi","25","Sant Gervasi - la Bonanova","036","Combustió Interna-Gasolina",876
2025,"05","Sarrià-St. Gervasi","25","Sant Gervasi - la Bonanova","036","Combustió Interna-Gasoil",211
2025,"05","Sarrià-St. Gervasi","25","Sant Gervasi - la Bonanova","036","Elèctrica",30
2025,"05","Sarrià-St. Gervasi","25","Sant Gervasi - la Bonanova","036","Híbrid",108
2025,"05","Sarrià-St. Gervasi","25","Sant Gervasi - la Bonanova","036","Altres",9
2025,"05","Sarrià-St. Gervasi","25","Sant Gervasi - la Bonanova","036","No consta",2
2025,"05","Sarrià-St. Gervasi","25","Sant Gervasi - la Bonanova","037","Combustió Interna-Gasolina",667
2025,"05","Sarrià-St. Gervasi","25","Sant Gervasi - la Bonanova","037","Combustió Interna-Gasoil",158
2025,"05","Sarrià-St. Gervasi","25","Sant Gervasi - la Bonanova","037","Elèctrica",19
2025,"05","Sarrià-St. Gervasi","25","Sant Gervasi - la Bonanova","037","Híbrid",62
2025,"05","Sarrià-St. Gervasi","25","Sant Gervasi - la Bonanova","037","Altres",7
2025,"05","Sarrià-St. Gervasi","25","Sant Gervasi - la Bonanova","037","No consta",1
2025,"05","Sarrià-St. Gervasi","25","Sant Gervasi - la Bonanova","038","Combustió Interna-Gasolina",678
2025,"05","Sarrià-St. Gervasi","25","Sant Gervasi - la Bonanova","038","Combustió Interna-Gasoil",152
2025,"05","Sarrià-St. Gervasi","25","Sant Gervasi - la Bonanova","038","Elèctrica",18
2025,"05","Sarrià-St. Gervasi","25","Sant Gervasi - la Bonanova","038","Híbrid",59
2025,"05","Sarrià-St. Gervasi","25","Sant Gervasi - la Bonanova","038","Altres",5
2025,"05","Sarrià-St. Gervasi","25","Sant Gervasi - la Bonanova","038","No consta",1
2025,"05","Sarrià-St. Gervasi","25","Sant Gervasi - la Bonanova","039","Combustió Interna-Gasolina",741
2025,"05","Sarrià-St. Gervasi","25","Sant Gervasi - la Bonanova","039","Combustió Interna-Gasoil",195
2025,"05","Sarrià-St. Gervasi","25","Sant Gervasi - la Bonanova","039","Elèctrica",25
2025,"05","Sarrià-St. Gervasi","25","Sant Gervasi - la Bonanova","039","Híbrid",90
2025,"05","Sarrià-St. Gervasi","25","Sant Gervasi - la Bonanova","039","Altres",6
2025,"05","Sarrià-St. Gervasi","25","Sant Gervasi - la Bonanova","040","Combustió Interna-Gasolina",643
2025,"05","Sarrià-St. Gervasi","25","Sant Gervasi - la Bonanova","040","Combustió Interna-Gasoil",147
2025,"05","Sarrià-St. Gervasi","25","Sant Gervasi - la Bonanova","040","Elèctrica",12
2025,"05","Sarrià-St. Gervasi","25","Sant Gervasi - la Bonanova","040","Híbrid",62
2025,"05","Sarrià-St. Gervasi","25","Sant Gervasi - la Bonanova","040","Altres",3
2025,"05","Sarrià-St. Gervasi","25","Sant Gervasi - la Bonanova","040","No consta",2
2025,"05","Sarrià-St. Gervasi","25","Sant Gervasi - la Bonanova","041","Combustió Interna-Gasolina",701
2025,"05","Sarrià-St. Gervasi","25","Sant Gervasi - la Bonanova","041","Combustió Interna-Gasoil",201
2025,"05","Sarrià-St. Gervasi","25","Sant Gervasi - la Bonanova","041","Elèctrica",15
2025,"05","Sarrià-St. Gervasi","25","Sant Gervasi - la Bonanova","041","Híbrid",77
2025,"05","Sarrià-St. Gervasi","25","Sant Gervasi - la Bonanova","041","Altres",5
2025,"05","Sarrià-St. Gervasi","25","Sant Gervasi - la Bonanova","041","No consta",1
2025,"05","Sarrià-St. Gervasi","25","Sant Gervasi - la Bonanova","042","Combustió Interna-Gasolina",559
2025,"05","Sarrià-St. Gervasi","25","Sant Gervasi - la Bonanova","042","Combustió Interna-Gasoil",128
2025,"05","Sarrià-St. Gervasi","25","Sant Gervasi - la Bonanova","042","Elèctrica",10
2025,"05","Sarrià-St. Gervasi","25","Sant Gervasi - la Bonanova","042","Híbrid",46
2025,"05","Sarrià-St. Gervasi","25","Sant Gervasi - la Bonanova","042","Altres",6
2025,"05","Sarrià-St. Gervasi","25","Sant Gervasi - la Bonanova","043","Combustió Interna-Gasolina",660
2025,"05","Sarrià-St. Gervasi","25","Sant Gervasi - la Bonanova","043","Combustió Interna-Gasoil",160
2025,"05","Sarrià-St. Gervasi","25","Sant Gervasi - la Bonanova","043","Elèctrica",12
2025,"05","Sarrià-St. Gervasi","25","Sant Gervasi - la Bonanova","043","Híbrid",60
2025,"05","Sarrià-St. Gervasi","25","Sant Gervasi - la Bonanova","043","Altres",4
2025,"05","Sarrià-St. Gervasi","25","Sant Gervasi - la Bonanova","043","No consta",1
2025,"05","Sarrià-St. Gervasi","25","Sant Gervasi - la Bonanova","044","Combustió Interna-Gasolina",592
2025,"05","Sarrià-St. Gervasi","25","Sant Gervasi - la Bonanova","044","Combustió Interna-Gasoil",124
2025,"05","Sarrià-St. Gervasi","25","Sant Gervasi - la Bonanova","044","Elèctrica",14
2025,"05","Sarrià-St. Gervasi","25","Sant Gervasi - la Bonanova","044","Híbrid",47
2025,"05","Sarrià-St. Gervasi","25","Sant Gervasi - la Bonanova","044","Altres",11
2025,"05","Sarrià-St. Gervasi","25","Sant Gervasi - la Bonanova","045","Combustió Interna-Gasolina",710
2025,"05","Sarrià-St. Gervasi","25","Sant Gervasi - la Bonanova","045","Combustió Interna-Gasoil",231
2025,"05","Sarrià-St. Gervasi","25","Sant Gervasi - la Bonanova","045","Elèctrica",42
2025,"05","Sarrià-St. Gervasi","25","Sant Gervasi - la Bonanova","045","Híbrid",122
2025,"05","Sarrià-St. Gervasi","25","Sant Gervasi - la Bonanova","045","Altres",4
2025,"05","Sarrià-St. Gervasi","25","Sant Gervasi - la Bonanova","045","No consta",2
2025,"05","Sarrià-St. Gervasi","25","Sant Gervasi - la Bonanova","046","Combustió Interna-Gasolina",709
2025,"05","Sarrià-St. Gervasi","25","Sant Gervasi - la Bonanova","046","Combustió Interna-Gasoil",151
2025,"05","Sarrià-St. Gervasi","25","Sant Gervasi - la Bonanova","046","Elèctrica",30
2025,"05","Sarrià-St. Gervasi","25","Sant Gervasi - la Bonanova","046","Híbrid",91
2025,"05","Sarrià-St. Gervasi","25","Sant Gervasi - la Bonanova","046","Altres",7
2025,"05","Sarrià-St. Gervasi","25","Sant Gervasi - la Bonanova","047","Combustió Interna-Gasolina",660
2025,"05","Sarrià-St. Gervasi","25","Sant Gervasi - la Bonanova","047","Combustió Interna-Gasoil",144
2025,"05","Sarrià-St. Gervasi","25","Sant Gervasi - la Bonanova","047","Elèctrica",18
2025,"05","Sarrià-St. Gervasi","25","Sant Gervasi - la Bonanova","047","Híbrid",68
2025,"05","Sarrià-St. Gervasi","25","Sant Gervasi - la Bonanova","047","Altres",3
2025,"05","Sarrià-St. Gervasi","25","Sant Gervasi - la Bonanova","047","No consta",2
2025,"05","Sarrià-St. Gervasi","25","Sant Gervasi - la Bonanova","048","Combustió Interna-Gasolina",698
2025,"05","Sarrià-St. Gervasi","25","Sant Gervasi - la Bonanova","048","Combustió Interna-Gasoil",146
2025,"05","Sarrià-St. Gervasi","25","Sant Gervasi - la Bonanova","048","Elèctrica",16
2025,"05","Sarrià-St. Gervasi","25","Sant Gervasi - la Bonanova","048","Híbrid",59
2025,"05","Sarrià-St. Gervasi","25","Sant Gervasi - la Bonanova","048","Altres",4
2025,"05","Sarrià-St. Gervasi","25","Sant Gervasi - la Bonanova","048","No consta",1
2025,"05","Sarrià-St. Gervasi","26","Sant Gervasi - Galvany","049","Combustió Interna-Gasolina",992
2025,"05","Sarrià-St. Gervasi","26","Sant Gervasi - Galvany","049","Combustió Interna-Gasoil",259
2025,"05","Sarrià-St. Gervasi","26","Sant Gervasi - Galvany","049","Elèctrica",36
2025,"05","Sarrià-St. Gervasi","26","Sant Gervasi - Galvany","049","Híbrid",106
2025,"05","Sarrià-St. Gervasi","26","Sant Gervasi - Galvany","049","Altres",10
2025,"05","Sarrià-St. Gervasi","26","Sant Gervasi - Galvany","049","No consta",4
2025,"05","Sarrià-St. Gervasi","26","Sant Gervasi - Galvany","050","Combustió Interna-Gasolina",841
2025,"05","Sarrià-St. Gervasi","26","Sant Gervasi - Galvany","050","Combustió Interna-Gasoil",247
2025,"05","Sarrià-St. Gervasi","26","Sant Gervasi - Galvany","050","Elèctrica",28
2025,"05","Sarrià-St. Gervasi","26","Sant Gervasi - Galvany","050","Híbrid",84
2025,"05","Sarrià-St. Gervasi","26","Sant Gervasi - Galvany","050","Altres",5
2025,"05","Sarrià-St. Gervasi","26","Sant Gervasi - Galvany","051","Combustió Interna-Gasolina",875
2025,"05","Sarrià-St. Gervasi","26","Sant Gervasi - Galvany","051","Combustió Interna-Gasoil",245
2025,"05","Sarrià-St. Gervasi","26","Sant Gervasi - Galvany","051","Elèctrica",30
2025,"05","Sarrià-St. Gervasi","26","Sant Gervasi - Galvany","051","Híbrid",79
2025,"05","Sarrià-St. Gervasi","26","Sant Gervasi - Galvany","051","Altres",13
2025,"05","Sarrià-St. Gervasi","26","Sant Gervasi - Galvany","051","No consta",3
2025,"05","Sarrià-St. Gervasi","26","Sant Gervasi - Galvany","052","Combustió Interna-Gasolina",771
2025,"05","Sarrià-St. Gervasi","26","Sant Gervasi - Galvany","052","Combustió Interna-Gasoil",172
2025,"05","Sarrià-St. Gervasi","26","Sant Gervasi - Galvany","052","Elèctrica",32
2025,"05","Sarrià-St. Gervasi","26","Sant Gervasi - Galvany","052","Híbrid",79
2025,"05","Sarrià-St. Gervasi","26","Sant Gervasi - Galvany","052","Altres",1
2025,"05","Sarrià-St. Gervasi","26","Sant Gervasi - Galvany","052","No consta",2
2025,"05","Sarrià-St. Gervasi","26","Sant Gervasi - Galvany","053","Combustió Interna-Gasolina",893
2025,"05","Sarrià-St. Gervasi","26","Sant Gervasi - Galvany","053","Combustió Interna-Gasoil",310
2025,"05","Sarrià-St. Gervasi","26","Sant Gervasi - Galvany","053","Elèctrica",68
2025,"05","Sarrià-St. Gervasi","26","Sant Gervasi - Galvany","053","Híbrid",123
2025,"05","Sarrià-St. Gervasi","26","Sant Gervasi - Galvany","053","Altres",6
2025,"05","Sarrià-St. Gervasi","26","Sant Gervasi - Galvany","054","Combustió Interna-Gasolina",715
2025,"05","Sarrià-St. Gervasi","26","Sant Gervasi - Galvany","054","Combustió Interna-Gasoil",170
2025,"05","Sarrià-St. Gervasi","26","Sant Gervasi - Galvany","054","Elèctrica",31
2025,"05","Sarrià-St. Gervasi","26","Sant Gervasi - Galvany","054","Híbrid",70
2025,"05","Sarrià-St. Gervasi","26","Sant Gervasi - Galvany","054","Altres",2
2025,"05","Sarrià-St. Gervasi","26","Sant Gervasi - Galvany","054","No consta",1
2025,"05","Sarrià-St. Gervasi","26","Sant Gervasi - Galvany","055","Combustió Interna-Gasolina",934
2025,"05","Sarrià-St. Gervasi","26","Sant Gervasi - Galvany","055","Combustió Interna-Gasoil",279
2025,"05","Sarrià-St. Gervasi","26","Sant Gervasi - Galvany","055","Elèctrica",184
2025,"05","Sarrià-St. Gervasi","26","Sant Gervasi - Galvany","055","Híbrid",122
2025,"05","Sarrià-St. Gervasi","26","Sant Gervasi - Galvany","055","Altres",9
2025,"05","Sarrià-St. Gervasi","26","Sant Gervasi - Galvany","055","No consta",1
2025,"05","Sarrià-St. Gervasi","26","Sant Gervasi - Galvany","056","Combustió Interna-Gasolina",643
2025,"05","Sarrià-St. Gervasi","26","Sant Gervasi - Galvany","056","Combustió Interna-Gasoil",123
2025,"05","Sarrià-St. Gervasi","26","Sant Gervasi - Galvany","056","Elèctrica",18
2025,"05","Sarrià-St. Gervasi","26","Sant Gervasi - Galvany","056","Híbrid",70
2025,"05","Sarrià-St. Gervasi","26","Sant Gervasi - Galvany","056","Altres",7
2025,"05","Sarrià-St. Gervasi","26","Sant Gervasi - Galvany","056","No consta",1
2025,"05","Sarrià-St. Gervasi","26","Sant Gervasi - Galvany","057","Combustió Interna-Gasolina",968
2025,"05","Sarrià-St. Gervasi","26","Sant Gervasi - Galvany","057","Combustió Interna-Gasoil",281
2025,"05","Sarrià-St. Gervasi","26","Sant Gervasi - Galvany","057","Elèctrica",42
2025,"05","Sarrià-St. Gervasi","26","Sant Gervasi - Galvany","057","Híbrid",127
2025,"05","Sarrià-St. Gervasi","26","Sant Gervasi - Galvany","057","Altres",18
2025,"05","Sarrià-St. Gervasi","26","Sant Gervasi - Galvany","057","No consta",4
2025,"05","Sarrià-St. Gervasi","26","Sant Gervasi - Galvany","058","Combustió Interna-Gasolina",889
2025,"05","Sarrià-St. Gervasi","26","Sant Gervasi - Galvany","058","Combustió Interna-Gasoil",213
2025,"05","Sarrià-St. Gervasi","26","Sant Gervasi - Galvany","058","Elèctrica",34
2025,"05","Sarrià-St. Gervasi","26","Sant Gervasi - Galvany","058","Híbrid",103
2025,"05","Sarrià-St. Gervasi","26","Sant Gervasi - Galvany","058","Altres",7
2025,"05","Sarrià-St. Gervasi","26","Sant Gervasi - Galvany","059","Combustió Interna-Gasolina",874
2025,"05","Sarrià-St. Gervasi","26","Sant Gervasi - Galvany","059","Combustió Interna-Gasoil",331
2025,"05","Sarrià-St. Gervasi","26","Sant Gervasi - Galvany","059","Elèctrica",45
2025,"05","Sarrià-St. Gervasi","26","Sant Gervasi - Galvany","059","Híbrid",126
2025,"05","Sarrià-St. Gervasi","26","Sant Gervasi - Galvany","059","Altres",34
2025,"05","Sarrià-St. Gervasi","26","Sant Gervasi - Galvany","059","No consta",2
2025,"05","Sarrià-St. Gervasi","26","Sant Gervasi - Galvany","060","Combustió Interna-Gasolina",606
2025,"05","Sarrià-St. Gervasi","26","Sant Gervasi - Galvany","060","Combustió Interna-Gasoil",154
2025,"05","Sarrià-St. Gervasi","26","Sant Gervasi - Galvany","060","Elèctrica",22
2025,"05","Sarrià-St. Gervasi","26","Sant Gervasi - Galvany","060","Híbrid",73
2025,"05","Sarrià-St. Gervasi","26","Sant Gervasi - Galvany","060","Altres",6
2025,"05","Sarrià-St. Gervasi","26","Sant Gervasi - Galvany","061","Combustió Interna-Gasolina",722
2025,"05","Sarrià-St. Gervasi","26","Sant Gervasi - Galvany","061","Combustió Interna-Gasoil",262
2025,"05","Sarrià-St. Gervasi","26","Sant Gervasi - Galvany","061","Elèctrica",54
2025,"05","Sarrià-St. Gervasi","26","Sant Gervasi - Galvany","061","Híbrid",73
2025,"05","Sarrià-St. Gervasi","26","Sant Gervasi - Galvany","061","Altres",24
2025,"05","Sarrià-St. Gervasi","26","Sant Gervasi - Galvany","062","Combustió Interna-Gasolina",684
2025,"05","Sarrià-St. Gervasi","26","Sant Gervasi - Galvany","062","Combustió Interna-Gasoil",177
2025,"05","Sarrià-St. Gervasi","26","Sant Gervasi - Galvany","062","Elèctrica",23
2025,"05","Sarrià-St. Gervasi","26","Sant Gervasi - Galvany","062","Híbrid",79
2025,"05","Sarrià-St. Gervasi","26","Sant Gervasi - Galvany","062","Altres",4
2025,"05","Sarrià-St. Gervasi","26","Sant Gervasi - Galvany","063","Combustió Interna-Gasolina",716
2025,"05","Sarrià-St. Gervasi","26","Sant Gervasi - Galvany","063","Combustió Interna-Gasoil",179
2025,"05","Sarrià-St. Gervasi","26","Sant Gervasi - Galvany","063","Elèctrica",23
2025,"05","Sarrià-St. Gervasi","26","Sant Gervasi - Galvany","063","Híbrid",74
2025,"05","Sarrià-St. Gervasi","26","Sant Gervasi - Galvany","063","Altres",4
2025,"05","Sarrià-St. Gervasi","26","Sant Gervasi - Galvany","063","No consta",2
2025,"05","Sarrià-St. Gervasi","26","Sant Gervasi - Galvany","064","Combustió Interna-Gasolina",670
2025,"05","Sarrià-St. Gervasi","26","Sant Gervasi - Galvany","064","Combustió Interna-Gasoil",154
2025,"05","Sarrià-St. Gervasi","26","Sant Gervasi - Galvany","064","Elèctrica",25
2025,"05","Sarrià-St. Gervasi","26","Sant Gervasi - Galvany","064","Híbrid",87
2025,"05","Sarrià-St. Gervasi","26","Sant Gervasi - Galvany","064","Altres",1
2025,"05","Sarrià-St. Gervasi","26","Sant Gervasi - Galvany","064","No consta",4
2025,"05","Sarrià-St. Gervasi","26","Sant Gervasi - Galvany","065","Combustió Interna-Gasolina",784
2025,"05","Sarrià-St. Gervasi","26","Sant Gervasi - Galvany","065","Combustió Interna-Gasoil",344
2025,"05","Sarrià-St. Gervasi","26","Sant Gervasi - Galvany","065","Elèctrica",124
2025,"05","Sarrià-St. Gervasi","26","Sant Gervasi - Galvany","065","Híbrid",129
2025,"05","Sarrià-St. Gervasi","26","Sant Gervasi - Galvany","065","Altres",14
2025,"05","Sarrià-St. Gervasi","26","Sant Gervasi - Galvany","066","Combustió Interna-Gasolina",634
2025,"05","Sarrià-St. Gervasi","26","Sant Gervasi - Galvany","066","Combustió Interna-Gasoil",187
2025,"05","Sarrià-St. Gervasi","26","Sant Gervasi - Galvany","066","Elèctrica",22
2025,"05","Sarrià-St. Gervasi","26","Sant Gervasi - Galvany","066","Híbrid",91
2025,"05","Sarrià-St. Gervasi","26","Sant Gervasi - Galvany","066","Altres",17
2025,"05","Sarrià-St. Gervasi","26","Sant Gervasi - Galvany","066","No consta",2
2025,"05","Sarrià-St. Gervasi","26","Sant Gervasi - Galvany","067","Combustió Interna-Gasolina",941
2025,"05","Sarrià-St. Gervasi","26","Sant Gervasi - Galvany","067","Combustió Interna-Gasoil",530
2025,"05","Sarrià-St. Gervasi","26","Sant Gervasi - Galvany","067","Elèctrica",64
2025,"05","Sarrià-St. Gervasi","26","Sant Gervasi - Galvany","067","Híbrid",269
2025,"05","Sarrià-St. Gervasi","26","Sant Gervasi - Galvany","067","Altres",31
2025,"05","Sarrià-St. Gervasi","26","Sant Gervasi - Galvany","067","No consta",2
2025,"05","Sarrià-St. Gervasi","26","Sant Gervasi - Galvany","068","Combustió Interna-Gasolina",905
2025,"05","Sarrià-St. Gervasi","26","Sant Gervasi - Galvany","068","Combustió Interna-Gasoil",351
2025,"05","Sarrià-St. Gervasi","26","Sant Gervasi - Galvany","068","Elèctrica",53
2025,"05","Sarrià-St. Gervasi","26","Sant Gervasi - Galvany","068","Híbrid",177
2025,"05","Sarrià-St. Gervasi","26","Sant Gervasi - Galvany","068","Altres",21
2025,"05","Sarrià-St. Gervasi","26","Sant Gervasi - Galvany","068","No consta",4
2025,"05","Sarrià-St. Gervasi","26","Sant Gervasi - Galvany","069","Combustió Interna-Gasolina",759
2025,"05","Sarrià-St. Gervasi","26","Sant Gervasi - Galvany","069","Combustió Interna-Gasoil",232
2025,"05","Sarrià-St. Gervasi","26","Sant Gervasi - Galvany","069","Elèctrica",15
2025,"05","Sarrià-St. Gervasi","26","Sant Gervasi - Galvany","069","Híbrid",83
2025,"05","Sarrià-St. Gervasi","26","Sant Gervasi - Galvany","069","Altres",7
2025,"05","Sarrià-St. Gervasi","26","Sant Gervasi - Galvany","069","No consta",1
2025,"05","Sarrià-St. Gervasi","26","Sant Gervasi - Galvany","070","Combustió Interna-Gasolina",633
2025,"05","Sarrià-St. Gervasi","26","Sant Gervasi - Galvany","070","Combustió Interna-Gasoil",132
2025,"05","Sarrià-St. Gervasi","26","Sant Gervasi - Galvany","070","Elèctrica",14
2025,"05","Sarrià-St. Gervasi","26","Sant Gervasi - Galvany","070","Híbrid",54
2025,"05","Sarrià-St. Gervasi","26","Sant Gervasi - Galvany","070","Altres",4
2025,"05","Sarrià-St. Gervasi","26","Sant Gervasi - Galvany","071","Combustió Interna-Gasolina",765
2025,"05","Sarrià-St. Gervasi","26","Sant Gervasi - Galvany","071","Combustió Interna-Gasoil",213
2025,"05","Sarrià-St. Gervasi","26","Sant Gervasi - Galvany","071","Elèctrica",18
2025,"05","Sarrià-St. Gervasi","26","Sant Gervasi - Galvany","071","Híbrid",119
2025,"05","Sarrià-St. Gervasi","26","Sant Gervasi - Galvany","071","Altres",11
2025,"05","Sarrià-St. Gervasi","26","Sant Gervasi - Galvany","072","Combustió Interna-Gasolina",733
2025,"05","Sarrià-St. Gervasi","26","Sant Gervasi - Galvany","072","Combustió Interna-Gasoil",177
2025,"05","Sarrià-St. Gervasi","26","Sant Gervasi - Galvany","072","Elèctrica",25
2025,"05","Sarrià-St. Gervasi","26","Sant Gervasi - Galvany","072","Híbrid",81
2025,"05","Sarrià-St. Gervasi","26","Sant Gervasi - Galvany","072","Altres",8
2025,"05","Sarrià-St. Gervasi","26","Sant Gervasi - Galvany","072","No consta",2
2025,"05","Sarrià-St. Gervasi","26","Sant Gervasi - Galvany","073","Combustió Interna-Gasolina",789
2025,"05","Sarrià-St. Gervasi","26","Sant Gervasi - Galvany","073","Combustió Interna-Gasoil",184
2025,"05","Sarrià-St. Gervasi","26","Sant Gervasi - Galvany","073","Elèctrica",19
2025,"05","Sarrià-St. Gervasi","26","Sant Gervasi - Galvany","073","Híbrid",92
2025,"05","Sarrià-St. Gervasi","26","Sant Gervasi - Galvany","073","Altres",1
2025,"05","Sarrià-St. Gervasi","26","Sant Gervasi - Galvany","074","Combustió Interna-Gasolina",754
2025,"05","Sarrià-St. Gervasi","26","Sant Gervasi - Galvany","074","Combustió Interna-Gasoil",195
2025,"05","Sarrià-St. Gervasi","26","Sant Gervasi - Galvany","074","Elèctrica",30
2025,"05","Sarrià-St. Gervasi","26","Sant Gervasi - Galvany","074","Híbrid",86
2025,"05","Sarrià-St. Gervasi","26","Sant Gervasi - Galvany","074","Altres",4
2025,"05","Sarrià-St. Gervasi","26","Sant Gervasi - Galvany","074","No consta",2
2025,"05","Sarrià-St. Gervasi","26","Sant Gervasi - Galvany","075","Combustió Interna-Gasolina",946
2025,"05","Sarrià-St. Gervasi","26","Sant Gervasi - Galvany","075","Combustió Interna-Gasoil",283
2025,"05","Sarrià-St. Gervasi","26","Sant Gervasi - Galvany","075","Elèctrica",15
2025,"05","Sarrià-St. Gervasi","26","Sant Gervasi - Galvany","075","Híbrid",114
2025,"05","Sarrià-St. Gervasi","26","Sant Gervasi - Galvany","075","Altres",9
2025,"05","Sarrià-St. Gervasi","26","Sant Gervasi - Galvany","075","No consta",1
2025,"05","Sarrià-St. Gervasi","26","Sant Gervasi - Galvany","076","Combustió Interna-Gasolina",699
2025,"05","Sarrià-St. Gervasi","26","Sant Gervasi - Galvany","076","Combustió Interna-Gasoil",179
2025,"05","Sarrià-St. Gervasi","26","Sant Gervasi - Galvany","076","Elèctrica",13
2025,"05","Sarrià-St. Gervasi","26","Sant Gervasi - Galvany","076","Híbrid",53
2025,"05","Sarrià-St. Gervasi","26","Sant Gervasi - Galvany","076","Altres",7
2025,"05","Sarrià-St. Gervasi","26","Sant Gervasi - Galvany","076","No consta",2
2025,"05","Sarrià-St. Gervasi","26","Sant Gervasi - Galvany","077","Combustió Interna-Gasolina",696
2025,"05","Sarrià-St. Gervasi","26","Sant Gervasi - Galvany","077","Combustió Interna-Gasoil",191
2025,"05","Sarrià-St. Gervasi","26","Sant Gervasi - Galvany","077","Elèctrica",20
2025,"05","Sarrià-St. Gervasi","26","Sant Gervasi - Galvany","077","Híbrid",117
2025,"05","Sarrià-St. Gervasi","26","Sant Gervasi - Galvany","077","Altres",6
2025,"05","Sarrià-St. Gervasi","26","Sant Gervasi - Galvany","077","No consta",1
2025,"05","Sarrià-St. Gervasi","26","Sant Gervasi - Galvany","078","Combustió Interna-Gasolina",965
2025,"05","Sarrià-St. Gervasi","26","Sant Gervasi - Galvany","078","Combustió Interna-Gasoil",207
2025,"05","Sarrià-St. Gervasi","26","Sant Gervasi - Galvany","078","Elèctrica",27
2025,"05","Sarrià-St. Gervasi","26","Sant Gervasi - Galvany","078","Híbrid",95
2025,"05","Sarrià-St. Gervasi","26","Sant Gervasi - Galvany","078","Altres",2
2025,"05","Sarrià-St. Gervasi","26","Sant Gervasi - Galvany","078","No consta",1
2025,"05","Sarrià-St. Gervasi","26","Sant Gervasi - Galvany","079","Combustió Interna-Gasolina",577
2025,"05","Sarrià-St. Gervasi","26","Sant Gervasi - Galvany","079","Combustió Interna-Gasoil",142
2025,"05","Sarrià-St. Gervasi","26","Sant Gervasi - Galvany","079","Elèctrica",7
2025,"05","Sarrià-St. Gervasi","26","Sant Gervasi - Galvany","079","Híbrid",45
2025,"05","Sarrià-St. Gervasi","26","Sant Gervasi - Galvany","079","Altres",2
2025,"05","Sarrià-St. Gervasi","27","el Putxet i el Farró","080","Combustió Interna-Gasolina",456
2025,"05","Sarrià-St. Gervasi","27","el Putxet i el Farró","080","Combustió Interna-Gasoil",145
2025,"05","Sarrià-St. Gervasi","27","el Putxet i el Farró","080","Elèctrica",19
2025,"05","Sarrià-St. Gervasi","27","el Putxet i el Farró","080","Híbrid",53
2025,"05","Sarrià-St. Gervasi","27","el Putxet i el Farró","080","Altres",8
2025,"05","Sarrià-St. Gervasi","27","el Putxet i el Farró","081","Combustió Interna-Gasolina",720
2025,"05","Sarrià-St. Gervasi","27","el Putxet i el Farró","081","Combustió Interna-Gasoil",147
2025,"05","Sarrià-St. Gervasi","27","el Putxet i el Farró","081","Elèctrica",13
2025,"05","Sarrià-St. Gervasi","27","el Putxet i el Farró","081","Híbrid",83
2025,"05","Sarrià-St. Gervasi","27","el Putxet i el Farró","081","Altres",4
2025,"05","Sarrià-St. Gervasi","27","el Putxet i el Farró","082","Combustió Interna-Gasolina",529
2025,"05","Sarrià-St. Gervasi","27","el Putxet i el Farró","082","Combustió Interna-Gasoil",187
2025,"05","Sarrià-St. Gervasi","27","el Putxet i el Farró","082","Elèctrica",16
2025,"05","Sarrià-St. Gervasi","27","el Putxet i el Farró","082","Híbrid",77
2025,"05","Sarrià-St. Gervasi","27","el Putxet i el Farró","082","Altres",3
2025,"05","Sarrià-St. Gervasi","27","el Putxet i el Farró","082","No consta",1
2025,"05","Sarrià-St. Gervasi","27","el Putxet i el Farró","083","Combustió Interna-Gasolina",487
2025,"05","Sarrià-St. Gervasi","27","el Putxet i el Farró","083","Combustió Interna-Gasoil",160
2025,"05","Sarrià-St. Gervasi","27","el Putxet i el Farró","083","Elèctrica",11
2025,"05","Sarrià-St. Gervasi","27","el Putxet i el Farró","083","Híbrid",57
2025,"05","Sarrià-St. Gervasi","27","el Putxet i el Farró","083","Altres",3
2025,"05","Sarrià-St. Gervasi","27","el Putxet i el Farró","084","Combustió Interna-Gasolina",529
2025,"05","Sarrià-St. Gervasi","27","el Putxet i el Farró","084","Combustió Interna-Gasoil",137
2025,"05","Sarrià-St. Gervasi","27","el Putxet i el Farró","084","Elèctrica",18
2025,"05","Sarrià-St. Gervasi","27","el Putxet i el Farró","084","Híbrid",56
2025,"05","Sarrià-St. Gervasi","27","el Putxet i el Farró","084","Altres",3
2025,"05","Sarrià-St. Gervasi","27","el Putxet i el Farró","085","Combustió Interna-Gasolina",474
2025,"05","Sarrià-St. Gervasi","27","el Putxet i el Farró","085","Combustió Interna-Gasoil",138
2025,"05","Sarrià-St. Gervasi","27","el Putxet i el Farró","085","Elèctrica",15
2025,"05","Sarrià-St. Gervasi","27","el Putxet i el Farró","085","Híbrid",55
2025,"05","Sarrià-St. Gervasi","27","el Putxet i el Farró","085","Altres",7
2025,"05","Sarrià-St. Gervasi","27","el Putxet i el Farró","086","Combustió Interna-Gasolina",478
2025,"05","Sarrià-St. Gervasi","27","el Putxet i el Farró","086","Combustió Interna-Gasoil",149
2025,"05","Sarrià-St. Gervasi","27","el Putxet i el Farró","086","Elèctrica",11
2025,"05","Sarrià-St. Gervasi","27","el Putxet i el Farró","086","Híbrid",56
2025,"05","Sarrià-St. Gervasi","27","el Putxet i el Farró","086","Altres",10
2025,"05","Sarrià-St. Gervasi","27","el Putxet i el Farró","086","No consta",1
2025,"05","Sarrià-St. Gervasi","27","el Putxet i el Farró","087","Combustió Interna-Gasolina",696
2025,"05","Sarrià-St. Gervasi","27","el Putxet i el Farró","087","Combustió Interna-Gasoil",152
2025,"05","Sarrià-St. Gervasi","27","el Putxet i el Farró","087","Elèctrica",13
2025,"05","Sarrià-St. Gervasi","27","el Putxet i el Farró","087","Híbrid",68
2025,"05","Sarrià-St. Gervasi","27","el Putxet i el Farró","087","Altres",5
2025,"05","Sarrià-St. Gervasi","27","el Putxet i el Farró","087","No consta",2
2025,"05","Sarrià-St. Gervasi","27","el Putxet i el Farró","088","Combustió Interna-Gasolina",729
2025,"05","Sarrià-St. Gervasi","27","el Putxet i el Farró","088","Combustió Interna-Gasoil",179
2025,"05","Sarrià-St. Gervasi","27","el Putxet i el Farró","088","Elèctrica",15
2025,"05","Sarrià-St. Gervasi","27","el Putxet i el Farró","088","Híbrid",82
2025,"05","Sarrià-St. Gervasi","27","el Putxet i el Farró","088","Altres",8
2025,"05","Sarrià-St. Gervasi","27","el Putxet i el Farró","088","No consta",2
2025,"05","Sarrià-St. Gervasi","27","el Putxet i el Farró","089","Combustió Interna-Gasolina",736
2025,"05","Sarrià-St. Gervasi","27","el Putxet i el Farró","089","Combustió Interna-Gasoil",184
2025,"05","Sarrià-St. Gervasi","27","el Putxet i el Farró","089","Elèctrica",15
2025,"05","Sarrià-St. Gervasi","27","el Putxet i el Farró","089","Híbrid",85
2025,"05","Sarrià-St. Gervasi","27","el Putxet i el Farró","089","Altres",6
2025,"05","Sarrià-St. Gervasi","27","el Putxet i el Farró","089","No consta",1
2025,"05","Sarrià-St. Gervasi","27","el Putxet i el Farró","090","Combustió Interna-Gasolina",812
2025,"05","Sarrià-St. Gervasi","27","el Putxet i el Farró","090","Combustió Interna-Gasoil",185
2025,"05","Sarrià-St. Gervasi","27","el Putxet i el Farró","090","Elèctrica",20
2025,"05","Sarrià-St. Gervasi","27","el Putxet i el Farró","090","Híbrid",85
2025,"05","Sarrià-St. Gervasi","27","el Putxet i el Farró","090","Altres",13
2025,"05","Sarrià-St. Gervasi","27","el Putxet i el Farró","090","No consta",1
2025,"05","Sarrià-St. Gervasi","27","el Putxet i el Farró","091","Combustió Interna-Gasolina",643
2025,"05","Sarrià-St. Gervasi","27","el Putxet i el Farró","091","Combustió Interna-Gasoil",158
2025,"05","Sarrià-St. Gervasi","27","el Putxet i el Farró","091","Elèctrica",11
2025,"05","Sarrià-St. Gervasi","27","el Putxet i el Farró","091","Híbrid",67
2025,"05","Sarrià-St. Gervasi","27","el Putxet i el Farró","091","Altres",643
2025,"05","Sarrià-St. Gervasi","27","el Putxet i el Farró","091","No consta",1
2025,"05","Sarrià-St. Gervasi","27","el Putxet i el Farró","092","Combustió Interna-Gasolina",726
2025,"05","Sarrià-St. Gervasi","27","el Putxet i el Farró","092","Combustió Interna-Gasoil",188
2025,"05","Sarrià-St. Gervasi","27","el Putxet i el Farró","092","Elèctrica",20
2025,"05","Sarrià-St. Gervasi","27","el Putxet i el Farró","092","Híbrid",82
2025,"05","Sarrià-St. Gervasi","27","el Putxet i el Farró","092","Altres",8
2025,"05","Sarrià-St. Gervasi","27","el Putxet i el Farró","093","Combustió Interna-Gasolina",603
2025,"05","Sarrià-St. Gervasi","27","el Putxet i el Farró","093","Combustió Interna-Gasoil",147
2025,"05","Sarrià-St. Gervasi","27","el Putxet i el Farró","093","Elèctrica",13
2025,"05","Sarrià-St. Gervasi","27","el Putxet i el Farró","093","Híbrid",56
2025,"05","Sarrià-St. Gervasi","27","el Putxet i el Farró","093","Altres",6
2025,"05","Sarrià-St. Gervasi","27","el Putxet i el Farró","093","No consta",1
2025,"05","Sarrià-St. Gervasi","27","el Putxet i el Farró","094","Combustió Interna-Gasolina",1302
2025,"05","Sarrià-St. Gervasi","27","el Putxet i el Farró","094","Combustió Interna-Gasoil",287
2025,"05","Sarrià-St. Gervasi","27","el Putxet i el Farró","094","Elèctrica",32
2025,"05","Sarrià-St. Gervasi","27","el Putxet i el Farró","094","Híbrid",130
2025,"05","Sarrià-St. Gervasi","27","el Putxet i el Farró","094","Altres",10
2025,"05","Sarrià-St. Gervasi","27","el Putxet i el Farró","094","No consta",2
2025,"05","Sarrià-St. Gervasi","27","el Putxet i el Farró","095","Combustió Interna-Gasolina",629
2025,"05","Sarrià-St. Gervasi","27","el Putxet i el Farró","095","Combustió Interna-Gasoil",165
2025,"05","Sarrià-St. Gervasi","27","el Putxet i el Farró","095","Elèctrica",11
2025,"05","Sarrià-St. Gervasi","27","el Putxet i el Farró","095","Híbrid",62
2025,"05","Sarrià-St. Gervasi","27","el Putxet i el Farró","095","Altres",3
2025,"05","Sarrià-St. Gervasi","27","el Putxet i el Farró","095","No consta",1
2025,"05","Sarrià-St. Gervasi","27","el Putxet i el Farró","096","Combustió Interna-Gasolina",403
2025,"05","Sarrià-St. Gervasi","27","el Putxet i el Farró","096","Combustió Interna-Gasoil",120
2025,"05","Sarrià-St. Gervasi","27","el Putxet i el Farró","096","Elèctrica",5
2025,"05","Sarrià-St. Gervasi","27","el Putxet i el Farró","096","Híbrid",44
2025,"05","Sarrià-St. Gervasi","27","el Putxet i el Farró","096","Altres",2
2025,"05","Sarrià-St. Gervasi","27","el Putxet i el Farró","097","Combustió Interna-Gasolina",880
2025,"05","Sarrià-St. Gervasi","27","el Putxet i el Farró","097","Combustió Interna-Gasoil",214
2025,"05","Sarrià-St. Gervasi","27","el Putxet i el Farró","097","Elèctrica",28
2025,"05","Sarrià-St. Gervasi","27","el Putxet i el Farró","097","Híbrid",82
2025,"05","Sarrià-St. Gervasi","27","el Putxet i el Farró","097","Altres",12
2025,"05","Sarrià-St. Gervasi","27","el Putxet i el Farró","097","No consta",2
2025,"05","Sarrià-St. Gervasi","27","el Putxet i el Farró","098","Combustió Interna-Gasolina",592
2025,"05","Sarrià-St. Gervasi","27","el Putxet i el Farró","098","Combustió Interna-Gasoil",159
2025,"05","Sarrià-St. Gervasi","27","el Putxet i el Farró","098","Elèctrica",11
2025,"05","Sarrià-St. Gervasi","27","el Putxet i el Farró","098","Híbrid",78
2025,"05","Sarrià-St. Gervasi","27","el Putxet i el Farró","098","Altres",7
2025,"06","Gràcia","28","Vallcarca i els Penitents","001","Combustió Interna-Gasolina",427
2025,"06","Gràcia","28","Vallcarca i els Penitents","001","Combustió Interna-Gasoil",120
2025,"06","Gràcia","28","Vallcarca i els Penitents","001","Elèctrica",10
2025,"06","Gràcia","28","Vallcarca i els Penitents","001","Híbrid",38
2025,"06","Gràcia","28","Vallcarca i els Penitents","001","Altres",6
2025,"06","Gràcia","28","Vallcarca i els Penitents","002","Combustió Interna-Gasolina",496
2025,"06","Gràcia","28","Vallcarca i els Penitents","002","Combustió Interna-Gasoil",166
2025,"06","Gràcia","28","Vallcarca i els Penitents","002","Elèctrica",9
2025,"06","Gràcia","28","Vallcarca i els Penitents","002","Híbrid",59
2025,"06","Gràcia","28","Vallcarca i els Penitents","002","Altres",11
2025,"06","Gràcia","28","Vallcarca i els Penitents","003","Combustió Interna-Gasolina",864
2025,"06","Gràcia","28","Vallcarca i els Penitents","003","Combustió Interna-Gasoil",270
2025,"06","Gràcia","28","Vallcarca i els Penitents","003","Elèctrica",22
2025,"06","Gràcia","28","Vallcarca i els Penitents","003","Híbrid",83
2025,"06","Gràcia","28","Vallcarca i els Penitents","003","Altres",19
2025,"06","Gràcia","28","Vallcarca i els Penitents","004","Combustió Interna-Gasolina",563
2025,"06","Gràcia","28","Vallcarca i els Penitents","004","Combustió Interna-Gasoil",186
2025,"06","Gràcia","28","Vallcarca i els Penitents","004","Elèctrica",13
2025,"06","Gràcia","28","Vallcarca i els Penitents","004","Híbrid",52
2025,"06","Gràcia","28","Vallcarca i els Penitents","004","Altres",5
2025,"06","Gràcia","28","Vallcarca i els Penitents","004","No consta",2
2025,"06","Gràcia","28","Vallcarca i els Penitents","006","Combustió Interna-Gasolina",454
2025,"06","Gràcia","28","Vallcarca i els Penitents","006","Combustió Interna-Gasoil",138
2025,"06","Gràcia","28","Vallcarca i els Penitents","006","Elèctrica",15
2025,"06","Gràcia","28","Vallcarca i els Penitents","006","Híbrid",59
2025,"06","Gràcia","28","Vallcarca i els Penitents","006","Altres",3
2025,"06","Gràcia","28","Vallcarca i els Penitents","007","Combustió Interna-Gasolina",692
2025,"06","Gràcia","28","Vallcarca i els Penitents","007","Combustió Interna-Gasoil",219
2025,"06","Gràcia","28","Vallcarca i els Penitents","007","Elèctrica",16
2025,"06","Gràcia","28","Vallcarca i els Penitents","007","Híbrid",101
2025,"06","Gràcia","28","Vallcarca i els Penitents","007","Altres",11
2025,"06","Gràcia","28","Vallcarca i els Penitents","007","No consta",2
2025,"06","Gràcia","28","Vallcarca i els Penitents","008","Combustió Interna-Gasolina",729
2025,"06","Gràcia","28","Vallcarca i els Penitents","008","Combustió Interna-Gasoil",206
2025,"06","Gràcia","28","Vallcarca i els Penitents","008","Elèctrica",12
2025,"06","Gràcia","28","Vallcarca i els Penitents","008","Híbrid",65
2025,"06","Gràcia","28","Vallcarca i els Penitents","008","Altres",6
2025,"06","Gràcia","28","Vallcarca i els Penitents","008","No consta",3
2025,"06","Gràcia","28","Vallcarca i els Penitents","009","Combustió Interna-Gasolina",670
2025,"06","Gràcia","28","Vallcarca i els Penitents","009","Combustió Interna-Gasoil",178
2025,"06","Gràcia","28","Vallcarca i els Penitents","009","Elèctrica",40
2025,"06","Gràcia","28","Vallcarca i els Penitents","009","Híbrid",97
2025,"06","Gràcia","28","Vallcarca i els Penitents","009","Altres",12
2025,"06","Gràcia","28","Vallcarca i els Penitents","010","Combustió Interna-Gasolina",389
2025,"06","Gràcia","28","Vallcarca i els Penitents","010","Combustió Interna-Gasoil",144
2025,"06","Gràcia","28","Vallcarca i els Penitents","010","Elèctrica",20
2025,"06","Gràcia","28","Vallcarca i els Penitents","010","Híbrid",49
2025,"06","Gràcia","28","Vallcarca i els Penitents","010","Altres",6
2025,"06","Gràcia","28","Vallcarca i els Penitents","010","No consta",1
2025,"06","Gràcia","28","Vallcarca i els Penitents","011","Combustió Interna-Gasolina",557
2025,"06","Gràcia","28","Vallcarca i els Penitents","011","Combustió Interna-Gasoil",174
2025,"06","Gràcia","28","Vallcarca i els Penitents","011","Elèctrica",19
2025,"06","Gràcia","28","Vallcarca i els Penitents","011","Híbrid",62
2025,"06","Gràcia","28","Vallcarca i els Penitents","011","Altres",7
2025,"06","Gràcia","28","Vallcarca i els Penitents","011","No consta",2
2025,"06","Gràcia","28","Vallcarca i els Penitents","012","Combustió Interna-Gasolina",479
2025,"06","Gràcia","28","Vallcarca i els Penitents","012","Combustió Interna-Gasoil",130
2025,"06","Gràcia","28","Vallcarca i els Penitents","012","Elèctrica",14
2025,"06","Gràcia","28","Vallcarca i els Penitents","012","Híbrid",45
2025,"06","Gràcia","28","Vallcarca i els Penitents","012","Altres",9
2025,"06","Gràcia","28","Vallcarca i els Penitents","012","No consta",2
2025,"06","Gràcia","29","el Coll","013","Combustió Interna-Gasolina",651
2025,"06","Gràcia","29","el Coll","013","Combustió Interna-Gasoil",203
2025,"06","Gràcia","29","el Coll","013","Elèctrica",20
2025,"06","Gràcia","29","el Coll","013","Híbrid",79
2025,"06","Gràcia","29","el Coll","013","Altres",8
2025,"06","Gràcia","29","el Coll","013","No consta",2
2025,"06","Gràcia","29","el Coll","014","Combustió Interna-Gasolina",418
2025,"06","Gràcia","29","el Coll","014","Combustió Interna-Gasoil",171
2025,"06","Gràcia","29","el Coll","014","Elèctrica",3
2025,"06","Gràcia","29","el Coll","014","Híbrid",47
2025,"06","Gràcia","29","el Coll","014","Altres",6
2025,"06","Gràcia","29","el Coll","015","Combustió Interna-Gasolina",622
2025,"06","Gràcia","29","el Coll","015","Combustió Interna-Gasoil",173
2025,"06","Gràcia","29","el Coll","015","Elèctrica",15
2025,"06","Gràcia","29","el Coll","015","Híbrid",39
2025,"06","Gràcia","29","el Coll","015","Altres",9
2025,"06","Gràcia","29","el Coll","016","Combustió Interna-Gasolina",495
2025,"06","Gràcia","29","el Coll","016","Combustió Interna-Gasoil",181
2025,"06","Gràcia","29","el Coll","016","Elèctrica",5
2025,"06","Gràcia","29","el Coll","016","Híbrid",47
2025,"06","Gràcia","29","el Coll","016","Altres",9
2025,"06","Gràcia","29","el Coll","016","No consta",1
2025,"06","Gràcia","29","el Coll","017","Combustió Interna-Gasolina",486
2025,"06","Gràcia","29","el Coll","017","Combustió Interna-Gasoil",159
2025,"06","Gràcia","29","el Coll","017","Elèctrica",9
2025,"06","Gràcia","29","el Coll","017","Híbrid",43
2025,"06","Gràcia","29","el Coll","017","Altres",10
2025,"06","Gràcia","30","la Salut","018","Combustió Interna-Gasolina",527
2025,"06","Gràcia","30","la Salut","018","Combustió Interna-Gasoil",151
2025,"06","Gràcia","30","la Salut","018","Elèctrica",8
2025,"06","Gràcia","30","la Salut","018","Híbrid",50
2025,"06","Gràcia","30","la Salut","018","Altres",3
2025,"06","Gràcia","30","la Salut","019","Combustió Interna-Gasolina",549
2025,"06","Gràcia","30","la Salut","019","Combustió Interna-Gasoil",173
2025,"06","Gràcia","30","la Salut","019","Elèctrica",20
2025,"06","Gràcia","30","la Salut","019","Híbrid",61
2025,"06","Gràcia","30","la Salut","019","Altres",7
2025,"06","Gràcia","30","la Salut","020","Combustió Interna-Gasolina",362
2025,"06","Gràcia","30","la Salut","020","Combustió Interna-Gasoil",115
2025,"06","Gràcia","30","la Salut","020","Elèctrica",11
2025,"06","Gràcia","30","la Salut","020","Híbrid",39
2025,"06","Gràcia","30","la Salut","020","Altres",8
2025,"06","Gràcia","30","la Salut","020","No consta",1
2025,"06","Gràcia","30","la Salut","021","Combustió Interna-Gasolina",445
2025,"06","Gràcia","30","la Salut","021","Combustió Interna-Gasoil",149
2025,"06","Gràcia","30","la Salut","021","Elèctrica",6
2025,"06","Gràcia","30","la Salut","021","Híbrid",56
2025,"06","Gràcia","30","la Salut","021","Altres",8
2025,"06","Gràcia","30","la Salut","021","No consta",1
2025,"06","Gràcia","30","la Salut","022","Combustió Interna-Gasolina",507
2025,"06","Gràcia","30","la Salut","022","Combustió Interna-Gasoil",167
2025,"06","Gràcia","30","la Salut","022","Elèctrica",10
2025,"06","Gràcia","30","la Salut","022","Híbrid",50
2025,"06","Gràcia","30","la Salut","022","Altres",10
2025,"06","Gràcia","30","la Salut","023","Combustió Interna-Gasolina",556
2025,"06","Gràcia","30","la Salut","023","Combustió Interna-Gasoil",173
2025,"06","Gràcia","30","la Salut","023","Elèctrica",9
2025,"06","Gràcia","30","la Salut","023","Híbrid",82
2025,"06","Gràcia","30","la Salut","023","Altres",11
2025,"06","Gràcia","30","la Salut","023","No consta",1
2025,"06","Gràcia","30","la Salut","024","Combustió Interna-Gasolina",646
2025,"06","Gràcia","30","la Salut","024","Combustió Interna-Gasoil",187
2025,"06","Gràcia","30","la Salut","024","Elèctrica",20
2025,"06","Gràcia","30","la Salut","024","Híbrid",104
2025,"06","Gràcia","30","la Salut","024","Altres",14
2025,"06","Gràcia","30","la Salut","025","Combustió Interna-Gasolina",490
2025,"06","Gràcia","30","la Salut","025","Combustió Interna-Gasoil",124
2025,"06","Gràcia","30","la Salut","025","Elèctrica",5
2025,"06","Gràcia","30","la Salut","025","Híbrid",52
2025,"06","Gràcia","30","la Salut","025","Altres",12
2025,"06","Gràcia","30","la Salut","026","Combustió Interna-Gasolina",312
2025,"06","Gràcia","30","la Salut","026","Combustió Interna-Gasoil",93
2025,"06","Gràcia","30","la Salut","026","Elèctrica",11
2025,"06","Gràcia","30","la Salut","026","Híbrid",39
2025,"06","Gràcia","30","la Salut","026","Altres",1
2025,"06","Gràcia","30","la Salut","026","No consta",1
2025,"06","Gràcia","30","la Salut","027","Combustió Interna-Gasolina",413
2025,"06","Gràcia","30","la Salut","027","Combustió Interna-Gasoil",123
2025,"06","Gràcia","30","la Salut","027","Elèctrica",8
2025,"06","Gràcia","30","la Salut","027","Híbrid",56
2025,"06","Gràcia","30","la Salut","027","Altres",7
2025,"06","Gràcia","31","la Vila de Gràcia","028","Combustió Interna-Gasolina",392
2025,"06","Gràcia","31","la Vila de Gràcia","028","Combustió Interna-Gasoil",119
2025,"06","Gràcia","31","la Vila de Gràcia","028","Elèctrica",13
2025,"06","Gràcia","31","la Vila de Gràcia","028","Híbrid",25
2025,"06","Gràcia","31","la Vila de Gràcia","028","Altres",6
2025,"06","Gràcia","31","la Vila de Gràcia","029","Combustió Interna-Gasolina",414
2025,"06","Gràcia","31","la Vila de Gràcia","029","Combustió Interna-Gasoil",125
2025,"06","Gràcia","31","la Vila de Gràcia","029","Elèctrica",9
2025,"06","Gràcia","31","la Vila de Gràcia","029","Híbrid",48
2025,"06","Gràcia","31","la Vila de Gràcia","029","Altres",7
2025,"06","Gràcia","31","la Vila de Gràcia","029","No consta",1
2025,"06","Gràcia","31","la Vila de Gràcia","030","Combustió Interna-Gasolina",416
2025,"06","Gràcia","31","la Vila de Gràcia","030","Combustió Interna-Gasoil",110
2025,"06","Gràcia","31","la Vila de Gràcia","030","Elèctrica",3
2025,"06","Gràcia","31","la Vila de Gràcia","030","Híbrid",46
2025,"06","Gràcia","31","la Vila de Gràcia","030","Altres",15
2025,"06","Gràcia","31","la Vila de Gràcia","031","Combustió Interna-Gasolina",300
2025,"06","Gràcia","31","la Vila de Gràcia","031","Combustió Interna-Gasoil",106
2025,"06","Gràcia","31","la Vila de Gràcia","031","Elèctrica",6
2025,"06","Gràcia","31","la Vila de Gràcia","031","Híbrid",24
2025,"06","Gràcia","31","la Vila de Gràcia","031","Altres",1
2025,"06","Gràcia","31","la Vila de Gràcia","031","No consta",1
2025,"06","Gràcia","31","la Vila de Gràcia","032","Combustió Interna-Gasolina",331
2025,"06","Gràcia","31","la Vila de Gràcia","032","Combustió Interna-Gasoil",129
2025,"06","Gràcia","31","la Vila de Gràcia","032","Elèctrica",5
2025,"06","Gràcia","31","la Vila de Gràcia","032","Híbrid",37
2025,"06","Gràcia","31","la Vila de Gràcia","032","Altres",11
2025,"06","Gràcia","31","la Vila de Gràcia","032","No consta",1
2025,"06","Gràcia","31","la Vila de Gràcia","033","Combustió Interna-Gasolina",397
2025,"06","Gràcia","31","la Vila de Gràcia","033","Combustió Interna-Gasoil",132
2025,"06","Gràcia","31","la Vila de Gràcia","033","Elèctrica",11
2025,"06","Gràcia","31","la Vila de Gràcia","033","Híbrid",35
2025,"06","Gràcia","31","la Vila de Gràcia","033","Altres",10
2025,"06","Gràcia","31","la Vila de Gràcia","034","Combustió Interna-Gasolina",322
2025,"06","Gràcia","31","la Vila de Gràcia","034","Combustió Interna-Gasoil",101
2025,"06","Gràcia","31","la Vila de Gràcia","034","Elèctrica",6
2025,"06","Gràcia","31","la Vila de Gràcia","034","Híbrid",27
2025,"06","Gràcia","31","la Vila de Gràcia","034","Altres",2
2025,"06","Gràcia","31","la Vila de Gràcia","034","No consta",3
2025,"06","Gràcia","31","la Vila de Gràcia","035","Combustió Interna-Gasolina",321
2025,"06","Gràcia","31","la Vila de Gràcia","035","Combustió Interna-Gasoil",101
2025,"06","Gràcia","31","la Vila de Gràcia","035","Elèctrica",6
2025,"06","Gràcia","31","la Vila de Gràcia","035","Híbrid",42
2025,"06","Gràcia","31","la Vila de Gràcia","035","Altres",8
2025,"06","Gràcia","31","la Vila de Gràcia","035","No consta",1
2025,"06","Gràcia","31","la Vila de Gràcia","036","Combustió Interna-Gasolina",512
2025,"06","Gràcia","31","la Vila de Gràcia","036","Combustió Interna-Gasoil",272
2025,"06","Gràcia","31","la Vila de Gràcia","036","Elèctrica",40
2025,"06","Gràcia","31","la Vila de Gràcia","036","Híbrid",50
2025,"06","Gràcia","31","la Vila de Gràcia","036","Altres",16
2025,"06","Gràcia","31","la Vila de Gràcia","037","Combustió Interna-Gasolina",375
2025,"06","Gràcia","31","la Vila de Gràcia","037","Combustió Interna-Gasoil",130
2025,"06","Gràcia","31","la Vila de Gràcia","037","Elèctrica",9
2025,"06","Gràcia","31","la Vila de Gràcia","037","Híbrid",34
2025,"06","Gràcia","31","la Vila de Gràcia","037","Altres",9
2025,"06","Gràcia","31","la Vila de Gràcia","037","No consta",1
2025,"06","Gràcia","31","la Vila de Gràcia","038","Combustió Interna-Gasolina",390
2025,"06","Gràcia","31","la Vila de Gràcia","038","Combustió Interna-Gasoil",128
2025,"06","Gràcia","31","la Vila de Gràcia","038","Elèctrica",9
2025,"06","Gràcia","31","la Vila de Gràcia","038","Híbrid",47
2025,"06","Gràcia","31","la Vila de Gràcia","038","Altres",6
2025,"06","Gràcia","31","la Vila de Gràcia","039","Combustió Interna-Gasolina",427
2025,"06","Gràcia","31","la Vila de Gràcia","039","Combustió Interna-Gasoil",111
2025,"06","Gràcia","31","la Vila de Gràcia","039","Elèctrica",6
2025,"06","Gràcia","31","la Vila de Gràcia","039","Híbrid",31
2025,"06","Gràcia","31","la Vila de Gràcia","039","Altres",4
2025,"06","Gràcia","31","la Vila de Gràcia","040","Combustió Interna-Gasolina",503
2025,"06","Gràcia","31","la Vila de Gràcia","040","Combustió Interna-Gasoil",156
2025,"06","Gràcia","31","la Vila de Gràcia","040","Elèctrica",9
2025,"06","Gràcia","31","la Vila de Gràcia","040","Híbrid",54
2025,"06","Gràcia","31","la Vila de Gràcia","040","Altres",11
2025,"06","Gràcia","31","la Vila de Gràcia","041","Combustió Interna-Gasolina",506
2025,"06","Gràcia","31","la Vila de Gràcia","041","Combustió Interna-Gasoil",126
2025,"06","Gràcia","31","la Vila de Gràcia","041","Elèctrica",17
2025,"06","Gràcia","31","la Vila de Gràcia","041","Híbrid",63
2025,"06","Gràcia","31","la Vila de Gràcia","041","Altres",8
2025,"06","Gràcia","31","la Vila de Gràcia","041","No consta",3
2025,"06","Gràcia","31","la Vila de Gràcia","042","Combustió Interna-Gasolina",528
2025,"06","Gràcia","31","la Vila de Gràcia","042","Combustió Interna-Gasoil",193
2025,"06","Gràcia","31","la Vila de Gràcia","042","Elèctrica",13
2025,"06","Gràcia","31","la Vila de Gràcia","042","Híbrid",66
2025,"06","Gràcia","31","la Vila de Gràcia","042","Altres",12
2025,"06","Gràcia","31","la Vila de Gràcia","043","Combustió Interna-Gasolina",412
2025,"06","Gràcia","31","la Vila de Gràcia","043","Combustió Interna-Gasoil",116
2025,"06","Gràcia","31","la Vila de Gràcia","043","Elèctrica",22
2025,"06","Gràcia","31","la Vila de Gràcia","043","Híbrid",61
2025,"06","Gràcia","31","la Vila de Gràcia","043","Altres",7
2025,"06","Gràcia","31","la Vila de Gràcia","043","No consta",1
2025,"06","Gràcia","31","la Vila de Gràcia","044","Combustió Interna-Gasolina",810
2025,"06","Gràcia","31","la Vila de Gràcia","044","Combustió Interna-Gasoil",369
2025,"06","Gràcia","31","la Vila de Gràcia","044","Elèctrica",36
2025,"06","Gràcia","31","la Vila de Gràcia","044","Híbrid",121
2025,"06","Gràcia","31","la Vila de Gràcia","044","Altres",26
2025,"06","Gràcia","31","la Vila de Gràcia","044","No consta",4
2025,"06","Gràcia","31","la Vila de Gràcia","045","Combustió Interna-Gasolina",437
2025,"06","Gràcia","31","la Vila de Gràcia","045","Combustió Interna-Gasoil",180
2025,"06","Gràcia","31","la Vila de Gràcia","045","Elèctrica",19
2025,"06","Gràcia","31","la Vila de Gràcia","045","Híbrid",47
2025,"06","Gràcia","31","la Vila de Gràcia","045","Altres",17
2025,"06","Gràcia","31","la Vila de Gràcia","045","No consta",2
2025,"06","Gràcia","31","la Vila de Gràcia","046","Combustió Interna-Gasolina",247
2025,"06","Gràcia","31","la Vila de Gràcia","046","Combustió Interna-Gasoil",93
2025,"06","Gràcia","31","la Vila de Gràcia","046","Elèctrica",8
2025,"06","Gràcia","31","la Vila de Gràcia","046","Híbrid",37
2025,"06","Gràcia","31","la Vila de Gràcia","046","Altres",3
2025,"06","Gràcia","31","la Vila de Gràcia","047","Combustió Interna-Gasolina",285
2025,"06","Gràcia","31","la Vila de Gràcia","047","Combustió Interna-Gasoil",101
2025,"06","Gràcia","31","la Vila de Gràcia","047","Elèctrica",10
2025,"06","Gràcia","31","la Vila de Gràcia","047","Híbrid",29
2025,"06","Gràcia","31","la Vila de Gràcia","047","Altres",4
2025,"06","Gràcia","31","la Vila de Gràcia","048","Combustió Interna-Gasolina",389
2025,"06","Gràcia","31","la Vila de Gràcia","048","Combustió Interna-Gasoil",161
2025,"06","Gràcia","31","la Vila de Gràcia","048","Elèctrica",11
2025,"06","Gràcia","31","la Vila de Gràcia","048","Híbrid",40
2025,"06","Gràcia","31","la Vila de Gràcia","048","Altres",5
2025,"06","Gràcia","31","la Vila de Gràcia","049","Combustió Interna-Gasolina",269
2025,"06","Gràcia","31","la Vila de Gràcia","049","Combustió Interna-Gasoil",79
2025,"06","Gràcia","31","la Vila de Gràcia","049","Elèctrica",4
2025,"06","Gràcia","31","la Vila de Gràcia","049","Híbrid",40
2025,"06","Gràcia","31","la Vila de Gràcia","049","Altres",3
2025,"06","Gràcia","31","la Vila de Gràcia","049","No consta",1
2025,"06","Gràcia","31","la Vila de Gràcia","050","Combustió Interna-Gasolina",306
2025,"06","Gràcia","31","la Vila de Gràcia","050","Combustió Interna-Gasoil",100
2025,"06","Gràcia","31","la Vila de Gràcia","050","Elèctrica",9
2025,"06","Gràcia","31","la Vila de Gràcia","050","Híbrid",27
2025,"06","Gràcia","31","la Vila de Gràcia","050","Altres",14
2025,"06","Gràcia","31","la Vila de Gràcia","050","No consta",1
2025,"06","Gràcia","31","la Vila de Gràcia","051","Combustió Interna-Gasolina",295
2025,"06","Gràcia","31","la Vila de Gràcia","051","Combustió Interna-Gasoil",87
2025,"06","Gràcia","31","la Vila de Gràcia","051","Elèctrica",12
2025,"06","Gràcia","31","la Vila de Gràcia","051","Híbrid",29
2025,"06","Gràcia","31","la Vila de Gràcia","051","Altres",2
2025,"06","Gràcia","31","la Vila de Gràcia","051","No consta",2
2025,"06","Gràcia","31","la Vila de Gràcia","052","Combustió Interna-Gasolina",420
2025,"06","Gràcia","31","la Vila de Gràcia","052","Combustió Interna-Gasoil",151
2025,"06","Gràcia","31","la Vila de Gràcia","052","Elèctrica",6
2025,"06","Gràcia","31","la Vila de Gràcia","052","Híbrid",43
2025,"06","Gràcia","31","la Vila de Gràcia","052","Altres",6
2025,"06","Gràcia","31","la Vila de Gràcia","053","Combustió Interna-Gasolina",410
2025,"06","Gràcia","31","la Vila de Gràcia","053","Combustió Interna-Gasoil",119
2025,"06","Gràcia","31","la Vila de Gràcia","053","Elèctrica",9
2025,"06","Gràcia","31","la Vila de Gràcia","053","Híbrid",35
2025,"06","Gràcia","31","la Vila de Gràcia","053","Altres",6
2025,"06","Gràcia","31","la Vila de Gràcia","054","Combustió Interna-Gasolina",408
2025,"06","Gràcia","31","la Vila de Gràcia","054","Combustió Interna-Gasoil",149
2025,"06","Gràcia","31","la Vila de Gràcia","054","Elèctrica",6
2025,"06","Gràcia","31","la Vila de Gràcia","054","Híbrid",33
2025,"06","Gràcia","31","la Vila de Gràcia","054","Altres",4
2025,"06","Gràcia","31","la Vila de Gràcia","055","Combustió Interna-Gasolina",320
2025,"06","Gràcia","31","la Vila de Gràcia","055","Combustió Interna-Gasoil",79
2025,"06","Gràcia","31","la Vila de Gràcia","055","Elèctrica",13
2025,"06","Gràcia","31","la Vila de Gràcia","055","Híbrid",41
2025,"06","Gràcia","31","la Vila de Gràcia","055","Altres",7
2025,"06","Gràcia","31","la Vila de Gràcia","055","No consta",1
2025,"06","Gràcia","31","la Vila de Gràcia","056","Combustió Interna-Gasolina",369
2025,"06","Gràcia","31","la Vila de Gràcia","056","Combustió Interna-Gasoil",155
2025,"06","Gràcia","31","la Vila de Gràcia","056","Elèctrica",6
2025,"06","Gràcia","31","la Vila de Gràcia","056","Híbrid",35
2025,"06","Gràcia","31","la Vila de Gràcia","056","Altres",5
2025,"06","Gràcia","31","la Vila de Gràcia","057","Combustió Interna-Gasolina",382
2025,"06","Gràcia","31","la Vila de Gràcia","057","Combustió Interna-Gasoil",135
2025,"06","Gràcia","31","la Vila de Gràcia","057","Elèctrica",13
2025,"06","Gràcia","31","la Vila de Gràcia","057","Híbrid",39
2025,"06","Gràcia","31","la Vila de Gràcia","057","Altres",5
2025,"06","Gràcia","31","la Vila de Gràcia","058","Combustió Interna-Gasolina",488
2025,"06","Gràcia","31","la Vila de Gràcia","058","Combustió Interna-Gasoil",184
2025,"06","Gràcia","31","la Vila de Gràcia","058","Elèctrica",9
2025,"06","Gràcia","31","la Vila de Gràcia","058","Híbrid",51
2025,"06","Gràcia","31","la Vila de Gràcia","058","Altres",9
2025,"06","Gràcia","31","la Vila de Gràcia","059","Combustió Interna-Gasolina",376
2025,"06","Gràcia","31","la Vila de Gràcia","059","Combustió Interna-Gasoil",156
2025,"06","Gràcia","31","la Vila de Gràcia","059","Elèctrica",7
2025,"06","Gràcia","31","la Vila de Gràcia","059","Híbrid",53
2025,"06","Gràcia","31","la Vila de Gràcia","059","Altres",7
2025,"06","Gràcia","31","la Vila de Gràcia","060","Combustió Interna-Gasolina",656
2025,"06","Gràcia","31","la Vila de Gràcia","060","Combustió Interna-Gasoil",219
2025,"06","Gràcia","31","la Vila de Gràcia","060","Elèctrica",7
2025,"06","Gràcia","31","la Vila de Gràcia","060","Híbrid",52
2025,"06","Gràcia","31","la Vila de Gràcia","060","Altres",9
2025,"06","Gràcia","31","la Vila de Gràcia","060","No consta",1
2025,"06","Gràcia","31","la Vila de Gràcia","061","Combustió Interna-Gasolina",404
2025,"06","Gràcia","31","la Vila de Gràcia","061","Combustió Interna-Gasoil",119
2025,"06","Gràcia","31","la Vila de Gràcia","061","Elèctrica",4
2025,"06","Gràcia","31","la Vila de Gràcia","061","Híbrid",37
2025,"06","Gràcia","31","la Vila de Gràcia","061","Altres",7
2025,"06","Gràcia","31","la Vila de Gràcia","062","Combustió Interna-Gasolina",372
2025,"06","Gràcia","31","la Vila de Gràcia","062","Combustió Interna-Gasoil",110
2025,"06","Gràcia","31","la Vila de Gràcia","062","Elèctrica",5
2025,"06","Gràcia","31","la Vila de Gràcia","062","Híbrid",28
2025,"06","Gràcia","31","la Vila de Gràcia","062","Altres",7
2025,"06","Gràcia","31","la Vila de Gràcia","063","Combustió Interna-Gasolina",414
2025,"06","Gràcia","31","la Vila de Gràcia","063","Combustió Interna-Gasoil",126
2025,"06","Gràcia","31","la Vila de Gràcia","063","Elèctrica",5
2025,"06","Gràcia","31","la Vila de Gràcia","063","Híbrid",45
2025,"06","Gràcia","31","la Vila de Gràcia","063","Altres",4
2025,"06","Gràcia","32","el Camp d'en Grassot i Gràcia Nova","064","Combustió Interna-Gasolina",589
2025,"06","Gràcia","32","el Camp d'en Grassot i Gràcia Nova","064","Combustió Interna-Gasoil",170
2025,"06","Gràcia","32","el Camp d'en Grassot i Gràcia Nova","064","Elèctrica",10
2025,"06","Gràcia","32","el Camp d'en Grassot i Gràcia Nova","064","Híbrid",55
2025,"06","Gràcia","32","el Camp d'en Grassot i Gràcia Nova","064","Altres",11
2025,"06","Gràcia","32","el Camp d'en Grassot i Gràcia Nova","064","No consta",2
2025,"06","Gràcia","32","el Camp d'en Grassot i Gràcia Nova","065","Combustió Interna-Gasolina",348
2025,"06","Gràcia","32","el Camp d'en Grassot i Gràcia Nova","065","Combustió Interna-Gasoil",113
2025,"06","Gràcia","32","el Camp d'en Grassot i Gràcia Nova","065","Elèctrica",5
2025,"06","Gràcia","32","el Camp d'en Grassot i Gràcia Nova","065","Híbrid",49
2025,"06","Gràcia","32","el Camp d'en Grassot i Gràcia Nova","065","Altres",5
2025,"06","Gràcia","32","el Camp d'en Grassot i Gràcia Nova","065","No consta",1
2025,"06","Gràcia","32","el Camp d'en Grassot i Gràcia Nova","066","Combustió Interna-Gasolina",303
2025,"06","Gràcia","32","el Camp d'en Grassot i Gràcia Nova","066","Combustió Interna-Gasoil",86
2025,"06","Gràcia","32","el Camp d'en Grassot i Gràcia Nova","066","Elèctrica",2
2025,"06","Gràcia","32","el Camp d'en Grassot i Gràcia Nova","066","Híbrid",39
2025,"06","Gràcia","32","el Camp d'en Grassot i Gràcia Nova","066","Altres",6
2025,"06","Gràcia","32","el Camp d'en Grassot i Gràcia Nova","067","Combustió Interna-Gasolina",546
2025,"06","Gràcia","32","el Camp d'en Grassot i Gràcia Nova","067","Combustió Interna-Gasoil",162
2025,"06","Gràcia","32","el Camp d'en Grassot i Gràcia Nova","067","Elèctrica",10
2025,"06","Gràcia","32","el Camp d'en Grassot i Gràcia Nova","067","Híbrid",51
2025,"06","Gràcia","32","el Camp d'en Grassot i Gràcia Nova","067","Altres",11
2025,"06","Gràcia","32","el Camp d'en Grassot i Gràcia Nova","068","Combustió Interna-Gasolina",482
2025,"06","Gràcia","32","el Camp d'en Grassot i Gràcia Nova","068","Combustió Interna-Gasoil",164
2025,"06","Gràcia","32","el Camp d'en Grassot i Gràcia Nova","068","Elèctrica",8
2025,"06","Gràcia","32","el Camp d'en Grassot i Gràcia Nova","068","Híbrid",53
2025,"06","Gràcia","32","el Camp d'en Grassot i Gràcia Nova","068","Altres",9
2025,"06","Gràcia","32","el Camp d'en Grassot i Gràcia Nova","069","Combustió Interna-Gasolina",306
2025,"06","Gràcia","32","el Camp d'en Grassot i Gràcia Nova","069","Combustió Interna-Gasoil",89
2025,"06","Gràcia","32","el Camp d'en Grassot i Gràcia Nova","069","Elèctrica",4
2025,"06","Gràcia","32","el Camp d'en Grassot i Gràcia Nova","069","Híbrid",52
2025,"06","Gràcia","32","el Camp d'en Grassot i Gràcia Nova","069","Altres",2
2025,"06","Gràcia","32","el Camp d'en Grassot i Gràcia Nova","070","Combustió Interna-Gasolina",560
2025,"06","Gràcia","32","el Camp d'en Grassot i Gràcia Nova","070","Combustió Interna-Gasoil",164
2025,"06","Gràcia","32","el Camp d'en Grassot i Gràcia Nova","070","Elèctrica",8
2025,"06","Gràcia","32","el Camp d'en Grassot i Gràcia Nova","070","Híbrid",55
2025,"06","Gràcia","32","el Camp d'en Grassot i Gràcia Nova","070","Altres",4
2025,"06","Gràcia","32","el Camp d'en Grassot i Gràcia Nova","071","Combustió Interna-Gasolina",365
2025,"06","Gràcia","32","el Camp d'en Grassot i Gràcia Nova","071","Combustió Interna-Gasoil",130
2025,"06","Gràcia","32","el Camp d'en Grassot i Gràcia Nova","071","Elèctrica",5
2025,"06","Gràcia","32","el Camp d'en Grassot i Gràcia Nova","071","Híbrid",46
2025,"06","Gràcia","32","el Camp d'en Grassot i Gràcia Nova","071","Altres",2
2025,"06","Gràcia","32","el Camp d'en Grassot i Gràcia Nova","072","Combustió Interna-Gasolina",468
2025,"06","Gràcia","32","el Camp d'en Grassot i Gràcia Nova","072","Combustió Interna-Gasoil",190
2025,"06","Gràcia","32","el Camp d'en Grassot i Gràcia Nova","072","Elèctrica",11
2025,"06","Gràcia","32","el Camp d'en Grassot i Gràcia Nova","072","Híbrid",81
2025,"06","Gràcia","32","el Camp d'en Grassot i Gràcia Nova","072","Altres",7
2025,"06","Gràcia","32","el Camp d'en Grassot i Gràcia Nova","073","Combustió Interna-Gasolina",478
2025,"06","Gràcia","32","el Camp d'en Grassot i Gràcia Nova","073","Combustió Interna-Gasoil",137
2025,"06","Gràcia","32","el Camp d'en Grassot i Gràcia Nova","073","Elèctrica",4
2025,"06","Gràcia","32","el Camp d'en Grassot i Gràcia Nova","073","Híbrid",70
2025,"06","Gràcia","32","el Camp d'en Grassot i Gràcia Nova","073","Altres",11
2025,"06","Gràcia","32","el Camp d'en Grassot i Gràcia Nova","073","No consta",2
2025,"06","Gràcia","32","el Camp d'en Grassot i Gràcia Nova","074","Combustió Interna-Gasolina",332
2025,"06","Gràcia","32","el Camp d'en Grassot i Gràcia Nova","074","Combustió Interna-Gasoil",100
2025,"06","Gràcia","32","el Camp d'en Grassot i Gràcia Nova","074","Elèctrica",4
2025,"06","Gràcia","32","el Camp d'en Grassot i Gràcia Nova","074","Híbrid",35
2025,"06","Gràcia","32","el Camp d'en Grassot i Gràcia Nova","074","Altres",7
2025,"06","Gràcia","32","el Camp d'en Grassot i Gràcia Nova","075","Combustió Interna-Gasolina",373
2025,"06","Gràcia","32","el Camp d'en Grassot i Gràcia Nova","075","Combustió Interna-Gasoil",153
2025,"06","Gràcia","32","el Camp d'en Grassot i Gràcia Nova","075","Elèctrica",7
2025,"06","Gràcia","32","el Camp d'en Grassot i Gràcia Nova","075","Híbrid",70
2025,"06","Gràcia","32","el Camp d'en Grassot i Gràcia Nova","075","Altres",8
2025,"06","Gràcia","32","el Camp d'en Grassot i Gràcia Nova","076","Combustió Interna-Gasolina",444
2025,"06","Gràcia","32","el Camp d'en Grassot i Gràcia Nova","076","Combustió Interna-Gasoil",143
2025,"06","Gràcia","32","el Camp d'en Grassot i Gràcia Nova","076","Elèctrica",10
2025,"06","Gràcia","32","el Camp d'en Grassot i Gràcia Nova","076","Híbrid",48
2025,"06","Gràcia","32","el Camp d'en Grassot i Gràcia Nova","076","Altres",4
2025,"06","Gràcia","32","el Camp d'en Grassot i Gràcia Nova","077","Combustió Interna-Gasolina",343
2025,"06","Gràcia","32","el Camp d'en Grassot i Gràcia Nova","077","Combustió Interna-Gasoil",129
2025,"06","Gràcia","32","el Camp d'en Grassot i Gràcia Nova","077","Elèctrica",7
2025,"06","Gràcia","32","el Camp d'en Grassot i Gràcia Nova","077","Híbrid",28
2025,"06","Gràcia","32","el Camp d'en Grassot i Gràcia Nova","077","Altres",10
2025,"06","Gràcia","32","el Camp d'en Grassot i Gràcia Nova","078","Combustió Interna-Gasolina",406
2025,"06","Gràcia","32","el Camp d'en Grassot i Gràcia Nova","078","Combustió Interna-Gasoil",124
2025,"06","Gràcia","32","el Camp d'en Grassot i Gràcia Nova","078","Elèctrica",4
2025,"06","Gràcia","32","el Camp d'en Grassot i Gràcia Nova","078","Híbrid",38
2025,"06","Gràcia","32","el Camp d'en Grassot i Gràcia Nova","078","Altres",5
2025,"06","Gràcia","32","el Camp d'en Grassot i Gràcia Nova","079","Combustió Interna-Gasolina",377
2025,"06","Gràcia","32","el Camp d'en Grassot i Gràcia Nova","079","Combustió Interna-Gasoil",120
2025,"06","Gràcia","32","el Camp d'en Grassot i Gràcia Nova","079","Elèctrica",7
2025,"06","Gràcia","32","el Camp d'en Grassot i Gràcia Nova","079","Híbrid",37
2025,"06","Gràcia","32","el Camp d'en Grassot i Gràcia Nova","079","Altres",9
2025,"06","Gràcia","32","el Camp d'en Grassot i Gràcia Nova","079","No consta",1
2025,"06","Gràcia","32","el Camp d'en Grassot i Gràcia Nova","080","Combustió Interna-Gasolina",356
2025,"06","Gràcia","32","el Camp d'en Grassot i Gràcia Nova","080","Combustió Interna-Gasoil",132
2025,"06","Gràcia","32","el Camp d'en Grassot i Gràcia Nova","080","Elèctrica",4
2025,"06","Gràcia","32","el Camp d'en Grassot i Gràcia Nova","080","Híbrid",39
2025,"06","Gràcia","32","el Camp d'en Grassot i Gràcia Nova","080","Altres",6
2025,"06","Gràcia","32","el Camp d'en Grassot i Gràcia Nova","081","Combustió Interna-Gasolina",377
2025,"06","Gràcia","32","el Camp d'en Grassot i Gràcia Nova","081","Combustió Interna-Gasoil",132
2025,"06","Gràcia","32","el Camp d'en Grassot i Gràcia Nova","081","Elèctrica",11
2025,"06","Gràcia","32","el Camp d'en Grassot i Gràcia Nova","081","Híbrid",52
2025,"06","Gràcia","32","el Camp d'en Grassot i Gràcia Nova","081","Altres",5
2025,"06","Gràcia","32","el Camp d'en Grassot i Gràcia Nova","082","Combustió Interna-Gasolina",580
2025,"06","Gràcia","32","el Camp d'en Grassot i Gràcia Nova","082","Combustió Interna-Gasoil",178
2025,"06","Gràcia","32","el Camp d'en Grassot i Gràcia Nova","082","Elèctrica",15
2025,"06","Gràcia","32","el Camp d'en Grassot i Gràcia Nova","082","Híbrid",56
2025,"06","Gràcia","32","el Camp d'en Grassot i Gràcia Nova","082","Altres",9
2025,"06","Gràcia","32","el Camp d'en Grassot i Gràcia Nova","082","No consta",1
2025,"06","Gràcia","32","el Camp d'en Grassot i Gràcia Nova","083","Combustió Interna-Gasolina",546
2025,"06","Gràcia","32","el Camp d'en Grassot i Gràcia Nova","083","Combustió Interna-Gasoil",183
2025,"06","Gràcia","32","el Camp d'en Grassot i Gràcia Nova","083","Elèctrica",4
2025,"06","Gràcia","32","el Camp d'en Grassot i Gràcia Nova","083","Híbrid",82
2025,"06","Gràcia","32","el Camp d'en Grassot i Gràcia Nova","083","Altres",14
2025,"06","Gràcia","32","el Camp d'en Grassot i Gràcia Nova","084","Combustió Interna-Gasolina",488
2025,"06","Gràcia","32","el Camp d'en Grassot i Gràcia Nova","084","Combustió Interna-Gasoil",150
2025,"06","Gràcia","32","el Camp d'en Grassot i Gràcia Nova","084","Elèctrica",9
2025,"06","Gràcia","32","el Camp d'en Grassot i Gràcia Nova","084","Híbrid",50
2025,"06","Gràcia","32","el Camp d'en Grassot i Gràcia Nova","084","Altres",5
2025,"06","Gràcia","32","el Camp d'en Grassot i Gràcia Nova","085","Combustió Interna-Gasolina",449
2025,"06","Gràcia","32","el Camp d'en Grassot i Gràcia Nova","085","Combustió Interna-Gasoil",119
2025,"06","Gràcia","32","el Camp d'en Grassot i Gràcia Nova","085","Elèctrica",7
2025,"06","Gràcia","32","el Camp d'en Grassot i Gràcia Nova","085","Híbrid",63
2025,"06","Gràcia","32","el Camp d'en Grassot i Gràcia Nova","085","Altres",6
2025,"06","Gràcia","32","el Camp d'en Grassot i Gràcia Nova","086","Combustió Interna-Gasolina",360
2025,"06","Gràcia","32","el Camp d'en Grassot i Gràcia Nova","086","Combustió Interna-Gasoil",112
2025,"06","Gràcia","32","el Camp d'en Grassot i Gràcia Nova","086","Elèctrica",10
2025,"06","Gràcia","32","el Camp d'en Grassot i Gràcia Nova","086","Híbrid",55
2025,"06","Gràcia","32","el Camp d'en Grassot i Gràcia Nova","086","Altres",9
2025,"06","Gràcia","32","el Camp d'en Grassot i Gràcia Nova","087","Combustió Interna-Gasolina",689
2025,"06","Gràcia","32","el Camp d'en Grassot i Gràcia Nova","087","Combustió Interna-Gasoil",221
2025,"06","Gràcia","32","el Camp d'en Grassot i Gràcia Nova","087","Elèctrica",15
2025,"06","Gràcia","32","el Camp d'en Grassot i Gràcia Nova","087","Híbrid",91
2025,"06","Gràcia","32","el Camp d'en Grassot i Gràcia Nova","087","Altres",8
2025,"06","Gràcia","32","el Camp d'en Grassot i Gràcia Nova","088","Combustió Interna-Gasolina",433
2025,"06","Gràcia","32","el Camp d'en Grassot i Gràcia Nova","088","Combustió Interna-Gasoil",117
2025,"06","Gràcia","32","el Camp d'en Grassot i Gràcia Nova","088","Elèctrica",4
2025,"06","Gràcia","32","el Camp d'en Grassot i Gràcia Nova","088","Híbrid",56
2025,"06","Gràcia","32","el Camp d'en Grassot i Gràcia Nova","088","Altres",7
2025,"06","Gràcia","32","el Camp d'en Grassot i Gràcia Nova","088","No consta",1
2025,"07","Horta-Guinardó","33","el Baix Guinardó","001","Combustió Interna-Gasolina",477
2025,"07","Horta-Guinardó","33","el Baix Guinardó","001","Combustió Interna-Gasoil",166
2025,"07","Horta-Guinardó","33","el Baix Guinardó","001","Elèctrica",6
2025,"07","Horta-Guinardó","33","el Baix Guinardó","001","Híbrid",66
2025,"07","Horta-Guinardó","33","el Baix Guinardó","001","Altres",9
2025,"07","Horta-Guinardó","33","el Baix Guinardó","002","Combustió Interna-Gasolina",336
2025,"07","Horta-Guinardó","33","el Baix Guinardó","002","Combustió Interna-Gasoil",92
2025,"07","Horta-Guinardó","33","el Baix Guinardó","002","Elèctrica",4
2025,"07","Horta-Guinardó","33","el Baix Guinardó","002","Híbrid",29
2025,"07","Horta-Guinardó","33","el Baix Guinardó","002","Altres",3
2025,"07","Horta-Guinardó","33","el Baix Guinardó","003","Combustió Interna-Gasolina",370
2025,"07","Horta-Guinardó","33","el Baix Guinardó","003","Combustió Interna-Gasoil",125
2025,"07","Horta-Guinardó","33","el Baix Guinardó","003","Elèctrica",3
2025,"07","Horta-Guinardó","33","el Baix Guinardó","003","Híbrid",54
2025,"07","Horta-Guinardó","33","el Baix Guinardó","003","Altres",4
2025,"07","Horta-Guinardó","33","el Baix Guinardó","004","Combustió Interna-Gasolina",446
2025,"07","Horta-Guinardó","33","el Baix Guinardó","004","Combustió Interna-Gasoil",134
2025,"07","Horta-Guinardó","33","el Baix Guinardó","004","Elèctrica",4
2025,"07","Horta-Guinardó","33","el Baix Guinardó","004","Híbrid",50
2025,"07","Horta-Guinardó","33","el Baix Guinardó","004","Altres",13
2025,"07","Horta-Guinardó","33","el Baix Guinardó","004","No consta",4
2025,"07","Horta-Guinardó","33","el Baix Guinardó","005","Combustió Interna-Gasolina",363
2025,"07","Horta-Guinardó","33","el Baix Guinardó","005","Combustió Interna-Gasoil",133
2025,"07","Horta-Guinardó","33","el Baix Guinardó","005","Elèctrica",6
2025,"07","Horta-Guinardó","33","el Baix Guinardó","005","Híbrid",46
2025,"07","Horta-Guinardó","33","el Baix Guinardó","005","Altres",7
2025,"07","Horta-Guinardó","33","el Baix Guinardó","005","No consta",1
2025,"07","Horta-Guinardó","33","el Baix Guinardó","006","Combustió Interna-Gasolina",330
2025,"07","Horta-Guinardó","33","el Baix Guinardó","006","Combustió Interna-Gasoil",121
2025,"07","Horta-Guinardó","33","el Baix Guinardó","006","Elèctrica",6
2025,"07","Horta-Guinardó","33","el Baix Guinardó","006","Híbrid",36
2025,"07","Horta-Guinardó","33","el Baix Guinardó","006","Altres",3
2025,"07","Horta-Guinardó","33","el Baix Guinardó","006","No consta",1
2025,"07","Horta-Guinardó","33","el Baix Guinardó","007","Combustió Interna-Gasolina",338
2025,"07","Horta-Guinardó","33","el Baix Guinardó","007","Combustió Interna-Gasoil",109
2025,"07","Horta-Guinardó","33","el Baix Guinardó","007","Elèctrica",5
2025,"07","Horta-Guinardó","33","el Baix Guinardó","007","Híbrid",39
2025,"07","Horta-Guinardó","33","el Baix Guinardó","007","Altres",8
2025,"07","Horta-Guinardó","33","el Baix Guinardó","007","No consta",1
2025,"07","Horta-Guinardó","33","el Baix Guinardó","008","Combustió Interna-Gasolina",442
2025,"07","Horta-Guinardó","33","el Baix Guinardó","008","Combustió Interna-Gasoil",162
2025,"07","Horta-Guinardó","33","el Baix Guinardó","008","Elèctrica",11
2025,"07","Horta-Guinardó","33","el Baix Guinardó","008","Híbrid",64
2025,"07","Horta-Guinardó","33","el Baix Guinardó","008","Altres",9
2025,"07","Horta-Guinardó","33","el Baix Guinardó","009","Combustió Interna-Gasolina",342
2025,"07","Horta-Guinardó","33","el Baix Guinardó","009","Combustió Interna-Gasoil",104
2025,"07","Horta-Guinardó","33","el Baix Guinardó","009","Elèctrica",10
2025,"07","Horta-Guinardó","33","el Baix Guinardó","009","Híbrid",42
2025,"07","Horta-Guinardó","33","el Baix Guinardó","009","Altres",7
2025,"07","Horta-Guinardó","33","el Baix Guinardó","010","Combustió Interna-Gasolina",375
2025,"07","Horta-Guinardó","33","el Baix Guinardó","010","Combustió Interna-Gasoil",136
2025,"07","Horta-Guinardó","33","el Baix Guinardó","010","Elèctrica",4
2025,"07","Horta-Guinardó","33","el Baix Guinardó","010","Híbrid",40
2025,"07","Horta-Guinardó","33","el Baix Guinardó","010","Altres",5
2025,"07","Horta-Guinardó","33","el Baix Guinardó","010","No consta",1
2025,"07","Horta-Guinardó","33","el Baix Guinardó","011","Combustió Interna-Gasolina",328
2025,"07","Horta-Guinardó","33","el Baix Guinardó","011","Combustió Interna-Gasoil",100
2025,"07","Horta-Guinardó","33","el Baix Guinardó","011","Elèctrica",3
2025,"07","Horta-Guinardó","33","el Baix Guinardó","011","Híbrid",31
2025,"07","Horta-Guinardó","33","el Baix Guinardó","011","Altres",3
2025,"07","Horta-Guinardó","33","el Baix Guinardó","012","Combustió Interna-Gasolina",442
2025,"07","Horta-Guinardó","33","el Baix Guinardó","012","Combustió Interna-Gasoil",164
2025,"07","Horta-Guinardó","33","el Baix Guinardó","012","Elèctrica",7
2025,"07","Horta-Guinardó","33","el Baix Guinardó","012","Híbrid",61
2025,"07","Horta-Guinardó","33","el Baix Guinardó","012","Altres",9
2025,"07","Horta-Guinardó","33","el Baix Guinardó","013","Combustió Interna-Gasolina",454
2025,"07","Horta-Guinardó","33","el Baix Guinardó","013","Combustió Interna-Gasoil",136
2025,"07","Horta-Guinardó","33","el Baix Guinardó","013","Elèctrica",8
2025,"07","Horta-Guinardó","33","el Baix Guinardó","013","Híbrid",54
2025,"07","Horta-Guinardó","33","el Baix Guinardó","013","Altres",8
2025,"07","Horta-Guinardó","33","el Baix Guinardó","013","No consta",1
2025,"07","Horta-Guinardó","33","el Baix Guinardó","014","Combustió Interna-Gasolina",276
2025,"07","Horta-Guinardó","33","el Baix Guinardó","014","Combustió Interna-Gasoil",96
2025,"07","Horta-Guinardó","33","el Baix Guinardó","014","Elèctrica",3
2025,"07","Horta-Guinardó","33","el Baix Guinardó","014","Híbrid",21
2025,"07","Horta-Guinardó","33","el Baix Guinardó","014","Altres",2
2025,"07","Horta-Guinardó","33","el Baix Guinardó","015","Combustió Interna-Gasolina",486
2025,"07","Horta-Guinardó","33","el Baix Guinardó","015","Combustió Interna-Gasoil",170
2025,"07","Horta-Guinardó","33","el Baix Guinardó","015","Elèctrica",3
2025,"07","Horta-Guinardó","33","el Baix Guinardó","015","Híbrid",52
2025,"07","Horta-Guinardó","33","el Baix Guinardó","015","Altres",12
2025,"07","Horta-Guinardó","33","el Baix Guinardó","016","Combustió Interna-Gasolina",526
2025,"07","Horta-Guinardó","33","el Baix Guinardó","016","Combustió Interna-Gasoil",173
2025,"07","Horta-Guinardó","33","el Baix Guinardó","016","Elèctrica",11
2025,"07","Horta-Guinardó","33","el Baix Guinardó","016","Híbrid",76
2025,"07","Horta-Guinardó","33","el Baix Guinardó","016","Altres",11
2025,"07","Horta-Guinardó","33","el Baix Guinardó","016","No consta",1
2025,"07","Horta-Guinardó","33","el Baix Guinardó","017","Combustió Interna-Gasolina",505
2025,"07","Horta-Guinardó","33","el Baix Guinardó","017","Combustió Interna-Gasoil",170
2025,"07","Horta-Guinardó","33","el Baix Guinardó","017","Elèctrica",13
2025,"07","Horta-Guinardó","33","el Baix Guinardó","017","Híbrid",32
2025,"07","Horta-Guinardó","33","el Baix Guinardó","017","Altres",9
2025,"07","Horta-Guinardó","33","el Baix Guinardó","018","Combustió Interna-Gasolina",466
2025,"07","Horta-Guinardó","33","el Baix Guinardó","018","Combustió Interna-Gasoil",152
2025,"07","Horta-Guinardó","33","el Baix Guinardó","018","Elèctrica",5
2025,"07","Horta-Guinardó","33","el Baix Guinardó","018","Híbrid",57
2025,"07","Horta-Guinardó","33","el Baix Guinardó","018","Altres",7
2025,"07","Horta-Guinardó","33","el Baix Guinardó","018","No consta",1
2025,"07","Horta-Guinardó","33","el Baix Guinardó","019","Combustió Interna-Gasolina",507
2025,"07","Horta-Guinardó","33","el Baix Guinardó","019","Combustió Interna-Gasoil",181
2025,"07","Horta-Guinardó","33","el Baix Guinardó","019","Elèctrica",12
2025,"07","Horta-Guinardó","33","el Baix Guinardó","019","Híbrid",65
2025,"07","Horta-Guinardó","33","el Baix Guinardó","019","Altres",6
2025,"07","Horta-Guinardó","33","el Baix Guinardó","019","No consta",1
2025,"07","Horta-Guinardó","34","Can Baró","020","Combustió Interna-Gasolina",537
2025,"07","Horta-Guinardó","34","Can Baró","020","Combustió Interna-Gasoil",185
2025,"07","Horta-Guinardó","34","Can Baró","020","Elèctrica",10
2025,"07","Horta-Guinardó","34","Can Baró","020","Híbrid",81
2025,"07","Horta-Guinardó","34","Can Baró","020","Altres",5
2025,"07","Horta-Guinardó","34","Can Baró","020","No consta",1
2025,"07","Horta-Guinardó","34","Can Baró","021","Combustió Interna-Gasolina",432
2025,"07","Horta-Guinardó","34","Can Baró","021","Combustió Interna-Gasoil",204
2025,"07","Horta-Guinardó","34","Can Baró","021","Elèctrica",10
2025,"07","Horta-Guinardó","34","Can Baró","021","Híbrid",48
2025,"07","Horta-Guinardó","34","Can Baró","021","Altres",12
2025,"07","Horta-Guinardó","34","Can Baró","021","No consta",1
2025,"07","Horta-Guinardó","34","Can Baró","022","Combustió Interna-Gasolina",456
2025,"07","Horta-Guinardó","34","Can Baró","022","Combustió Interna-Gasoil",117
2025,"07","Horta-Guinardó","34","Can Baró","022","Elèctrica",5
2025,"07","Horta-Guinardó","34","Can Baró","022","Híbrid",30
2025,"07","Horta-Guinardó","34","Can Baró","022","Altres",11
2025,"07","Horta-Guinardó","34","Can Baró","022","No consta",1
2025,"07","Horta-Guinardó","34","Can Baró","023","Combustió Interna-Gasolina",523
2025,"07","Horta-Guinardó","34","Can Baró","023","Combustió Interna-Gasoil",173
2025,"07","Horta-Guinardó","34","Can Baró","023","Elèctrica",10
2025,"07","Horta-Guinardó","34","Can Baró","023","Híbrid",47
2025,"07","Horta-Guinardó","34","Can Baró","023","Altres",13
2025,"07","Horta-Guinardó","34","Can Baró","023","No consta",1
2025,"07","Horta-Guinardó","34","Can Baró","024","Combustió Interna-Gasolina",554
2025,"07","Horta-Guinardó","34","Can Baró","024","Combustió Interna-Gasoil",148
2025,"07","Horta-Guinardó","34","Can Baró","024","Elèctrica",8
2025,"07","Horta-Guinardó","34","Can Baró","024","Híbrid",42
2025,"07","Horta-Guinardó","34","Can Baró","024","Altres",10
2025,"07","Horta-Guinardó","34","Can Baró","024","No consta",3
2025,"07","Horta-Guinardó","34","Can Baró","025","Combustió Interna-Gasolina",546
2025,"07","Horta-Guinardó","34","Can Baró","025","Combustió Interna-Gasoil",172
2025,"07","Horta-Guinardó","34","Can Baró","025","Elèctrica",5
2025,"07","Horta-Guinardó","34","Can Baró","025","Híbrid",40
2025,"07","Horta-Guinardó","34","Can Baró","025","Altres",10
2025,"07","Horta-Guinardó","34","Can Baró","025","No consta",1
2025,"07","Horta-Guinardó","34","Can Baró","026","Combustió Interna-Gasolina",413
2025,"07","Horta-Guinardó","34","Can Baró","026","Combustió Interna-Gasoil",125
2025,"07","Horta-Guinardó","34","Can Baró","026","Elèctrica",5
2025,"07","Horta-Guinardó","34","Can Baró","026","Híbrid",36
2025,"07","Horta-Guinardó","34","Can Baró","026","Altres",11
2025,"07","Horta-Guinardó","35","el Guinardó","027","Combustió Interna-Gasolina",681
2025,"07","Horta-Guinardó","35","el Guinardó","027","Combustió Interna-Gasoil",262
2025,"07","Horta-Guinardó","35","el Guinardó","027","Elèctrica",5
2025,"07","Horta-Guinardó","35","el Guinardó","027","Híbrid",65
2025,"07","Horta-Guinardó","35","el Guinardó","027","Altres",13
2025,"07","Horta-Guinardó","35","el Guinardó","027","No consta",1
2025,"07","Horta-Guinardó","35","el Guinardó","028","Combustió Interna-Gasolina",538
2025,"07","Horta-Guinardó","35","el Guinardó","028","Combustió Interna-Gasoil",182
2025,"07","Horta-Guinardó","35","el Guinardó","028","Elèctrica",6
2025,"07","Horta-Guinardó","35","el Guinardó","028","Híbrid",57
2025,"07","Horta-Guinardó","35","el Guinardó","028","Altres",10
2025,"07","Horta-Guinardó","35","el Guinardó","029","Combustió Interna-Gasolina",428
2025,"07","Horta-Guinardó","35","el Guinardó","029","Combustió Interna-Gasoil",116
2025,"07","Horta-Guinardó","35","el Guinardó","029","Elèctrica",9
2025,"07","Horta-Guinardó","35","el Guinardó","029","Híbrid",56
2025,"07","Horta-Guinardó","35","el Guinardó","029","Altres",9
2025,"07","Horta-Guinardó","35","el Guinardó","030","Combustió Interna-Gasolina",412
2025,"07","Horta-Guinardó","35","el Guinardó","030","Combustió Interna-Gasoil",150
2025,"07","Horta-Guinardó","35","el Guinardó","030","Elèctrica",9
2025,"07","Horta-Guinardó","35","el Guinardó","030","Híbrid",39
2025,"07","Horta-Guinardó","35","el Guinardó","030","Altres",11
2025,"07","Horta-Guinardó","35","el Guinardó","030","No consta",1
2025,"07","Horta-Guinardó","35","el Guinardó","031","Combustió Interna-Gasolina",456
2025,"07","Horta-Guinardó","35","el Guinardó","031","Combustió Interna-Gasoil",174
2025,"07","Horta-Guinardó","35","el Guinardó","031","Elèctrica",7
2025,"07","Horta-Guinardó","35","el Guinardó","031","Híbrid",55
2025,"07","Horta-Guinardó","35","el Guinardó","031","Altres",15
2025,"07","Horta-Guinardó","35","el Guinardó","032","Combustió Interna-Gasolina",433
2025,"07","Horta-Guinardó","35","el Guinardó","032","Combustió Interna-Gasoil",125
2025,"07","Horta-Guinardó","35","el Guinardó","032","Elèctrica",3
2025,"07","Horta-Guinardó","35","el Guinardó","032","Híbrid",64
2025,"07","Horta-Guinardó","35","el Guinardó","032","Altres",18
2025,"07","Horta-Guinardó","35","el Guinardó","033","Combustió Interna-Gasolina",487
2025,"07","Horta-Guinardó","35","el Guinardó","033","Combustió Interna-Gasoil",153
2025,"07","Horta-Guinardó","35","el Guinardó","033","Elèctrica",17
2025,"07","Horta-Guinardó","35","el Guinardó","033","Híbrid",56
2025,"07","Horta-Guinardó","35","el Guinardó","033","Altres",10
2025,"07","Horta-Guinardó","35","el Guinardó","034","Combustió Interna-Gasolina",493
2025,"07","Horta-Guinardó","35","el Guinardó","034","Combustió Interna-Gasoil",196
2025,"07","Horta-Guinardó","35","el Guinardó","034","Elèctrica",16
2025,"07","Horta-Guinardó","35","el Guinardó","034","Híbrid",106
2025,"07","Horta-Guinardó","35","el Guinardó","034","Altres",19
2025,"07","Horta-Guinardó","35","el Guinardó","035","Combustió Interna-Gasolina",562
2025,"07","Horta-Guinardó","35","el Guinardó","035","Combustió Interna-Gasoil",198
2025,"07","Horta-Guinardó","35","el Guinardó","035","Elèctrica",14
2025,"07","Horta-Guinardó","35","el Guinardó","035","Híbrid",80
2025,"07","Horta-Guinardó","35","el Guinardó","035","Altres",13
2025,"07","Horta-Guinardó","35","el Guinardó","036","Combustió Interna-Gasolina",482
2025,"07","Horta-Guinardó","35","el Guinardó","036","Combustió Interna-Gasoil",170
2025,"07","Horta-Guinardó","35","el Guinardó","036","Elèctrica",6
2025,"07","Horta-Guinardó","35","el Guinardó","036","Híbrid",52
2025,"07","Horta-Guinardó","35","el Guinardó","036","Altres",4
2025,"07","Horta-Guinardó","35","el Guinardó","037","Combustió Interna-Gasolina",438
2025,"07","Horta-Guinardó","35","el Guinardó","037","Combustió Interna-Gasoil",194
2025,"07","Horta-Guinardó","35","el Guinardó","037","Elèctrica",2
2025,"07","Horta-Guinardó","35","el Guinardó","037","Híbrid",55
2025,"07","Horta-Guinardó","35","el Guinardó","037","Altres",13
2025,"07","Horta-Guinardó","35","el Guinardó","037","No consta",1
2025,"07","Horta-Guinardó","35","el Guinardó","038","Combustió Interna-Gasolina",415
2025,"07","Horta-Guinardó","35","el Guinardó","038","Combustió Interna-Gasoil",385
2025,"07","Horta-Guinardó","35","el Guinardó","038","Elèctrica",69
2025,"07","Horta-Guinardó","35","el Guinardó","038","Híbrid",51
2025,"07","Horta-Guinardó","35","el Guinardó","038","Altres",41
2025,"07","Horta-Guinardó","35","el Guinardó","039","Combustió Interna-Gasolina",468
2025,"07","Horta-Guinardó","35","el Guinardó","039","Combustió Interna-Gasoil",212
2025,"07","Horta-Guinardó","35","el Guinardó","039","Elèctrica",7
2025,"07","Horta-Guinardó","35","el Guinardó","039","Híbrid",45
2025,"07","Horta-Guinardó","35","el Guinardó","039","Altres",10
2025,"07","Horta-Guinardó","35","el Guinardó","040","Combustió Interna-Gasolina",440
2025,"07","Horta-Guinardó","35","el Guinardó","040","Combustió Interna-Gasoil",148
2025,"07","Horta-Guinardó","35","el Guinardó","040","Elèctrica",7
2025,"07","Horta-Guinardó","35","el Guinardó","040","Híbrid",36
2025,"07","Horta-Guinardó","35","el Guinardó","040","Altres",14
2025,"07","Horta-Guinardó","35","el Guinardó","041","Combustió Interna-Gasolina",350
2025,"07","Horta-Guinardó","35","el Guinardó","041","Combustió Interna-Gasoil",103
2025,"07","Horta-Guinardó","35","el Guinardó","041","Elèctrica",13
2025,"07","Horta-Guinardó","35","el Guinardó","041","Híbrid",48
2025,"07","Horta-Guinardó","35","el Guinardó","041","Altres",5
2025,"07","Horta-Guinardó","35","el Guinardó","041","No consta",1
2025,"07","Horta-Guinardó","35","el Guinardó","042","Combustió Interna-Gasolina",456
2025,"07","Horta-Guinardó","35","el Guinardó","042","Combustió Interna-Gasoil",208
2025,"07","Horta-Guinardó","35","el Guinardó","042","Elèctrica",9
2025,"07","Horta-Guinardó","35","el Guinardó","042","Híbrid",67
2025,"07","Horta-Guinardó","35","el Guinardó","042","Altres",13
2025,"07","Horta-Guinardó","35","el Guinardó","043","Combustió Interna-Gasolina",378
2025,"07","Horta-Guinardó","35","el Guinardó","043","Combustió Interna-Gasoil",152
2025,"07","Horta-Guinardó","35","el Guinardó","043","Elèctrica",11
2025,"07","Horta-Guinardó","35","el Guinardó","043","Híbrid",62
2025,"07","Horta-Guinardó","35","el Guinardó","043","Altres",9
2025,"07","Horta-Guinardó","35","el Guinardó","043","No consta",2
2025,"07","Horta-Guinardó","35","el Guinardó","044","Combustió Interna-Gasolina",362
2025,"07","Horta-Guinardó","35","el Guinardó","044","Combustió Interna-Gasoil",137
2025,"07","Horta-Guinardó","35","el Guinardó","044","Elèctrica",9
2025,"07","Horta-Guinardó","35","el Guinardó","044","Híbrid",50
2025,"07","Horta-Guinardó","35","el Guinardó","044","Altres",9
2025,"07","Horta-Guinardó","35","el Guinardó","044","No consta",2
2025,"07","Horta-Guinardó","35","el Guinardó","045","Combustió Interna-Gasolina",430
2025,"07","Horta-Guinardó","35","el Guinardó","045","Combustió Interna-Gasoil",167
2025,"07","Horta-Guinardó","35","el Guinardó","045","Elèctrica",2
2025,"07","Horta-Guinardó","35","el Guinardó","045","Híbrid",47
2025,"07","Horta-Guinardó","35","el Guinardó","045","Altres",13
2025,"07","Horta-Guinardó","35","el Guinardó","045","No consta",1
2025,"07","Horta-Guinardó","35","el Guinardó","046","Combustió Interna-Gasolina",376
2025,"07","Horta-Guinardó","35","el Guinardó","046","Combustió Interna-Gasoil",150
2025,"07","Horta-Guinardó","35","el Guinardó","046","Elèctrica",5
2025,"07","Horta-Guinardó","35","el Guinardó","046","Híbrid",37
2025,"07","Horta-Guinardó","35","el Guinardó","046","Altres",8
2025,"07","Horta-Guinardó","35","el Guinardó","046","No consta",1
2025,"07","Horta-Guinardó","35","el Guinardó","047","Combustió Interna-Gasolina",413
2025,"07","Horta-Guinardó","35","el Guinardó","047","Combustió Interna-Gasoil",141
2025,"07","Horta-Guinardó","35","el Guinardó","047","Elèctrica",3
2025,"07","Horta-Guinardó","35","el Guinardó","047","Híbrid",43
2025,"07","Horta-Guinardó","35","el Guinardó","047","Altres",8
2025,"07","Horta-Guinardó","35","el Guinardó","048","Combustió Interna-Gasolina",346
2025,"07","Horta-Guinardó","35","el Guinardó","048","Combustió Interna-Gasoil",139
2025,"07","Horta-Guinardó","35","el Guinardó","048","Elèctrica",6
2025,"07","Horta-Guinardó","35","el Guinardó","048","Híbrid",37
2025,"07","Horta-Guinardó","35","el Guinardó","048","Altres",12
2025,"07","Horta-Guinardó","35","el Guinardó","049","Combustió Interna-Gasolina",369
2025,"07","Horta-Guinardó","35","el Guinardó","049","Combustió Interna-Gasoil",139
2025,"07","Horta-Guinardó","35","el Guinardó","049","Elèctrica",1
2025,"07","Horta-Guinardó","35","el Guinardó","049","Híbrid",53
2025,"07","Horta-Guinardó","35","el Guinardó","049","Altres",11
2025,"07","Horta-Guinardó","35","el Guinardó","050","Combustió Interna-Gasolina",391
2025,"07","Horta-Guinardó","35","el Guinardó","050","Combustió Interna-Gasoil",132
2025,"07","Horta-Guinardó","35","el Guinardó","050","Elèctrica",4
2025,"07","Horta-Guinardó","35","el Guinardó","050","Híbrid",44
2025,"07","Horta-Guinardó","35","el Guinardó","050","Altres",9
2025,"07","Horta-Guinardó","35","el Guinardó","050","No consta",1
2025,"07","Horta-Guinardó","35","el Guinardó","051","Combustió Interna-Gasolina",549
2025,"07","Horta-Guinardó","35","el Guinardó","051","Combustió Interna-Gasoil",225
2025,"07","Horta-Guinardó","35","el Guinardó","051","Elèctrica",12
2025,"07","Horta-Guinardó","35","el Guinardó","051","Híbrid",52
2025,"07","Horta-Guinardó","35","el Guinardó","051","Altres",10
2025,"07","Horta-Guinardó","36","la Font d'en Fargues","052","Combustió Interna-Gasolina",514
2025,"07","Horta-Guinardó","36","la Font d'en Fargues","052","Combustió Interna-Gasoil",169
2025,"07","Horta-Guinardó","36","la Font d'en Fargues","052","Elèctrica",13
2025,"07","Horta-Guinardó","36","la Font d'en Fargues","052","Híbrid",50
2025,"07","Horta-Guinardó","36","la Font d'en Fargues","052","Altres",13
2025,"07","Horta-Guinardó","36","la Font d'en Fargues","053","Combustió Interna-Gasolina",619
2025,"07","Horta-Guinardó","36","la Font d'en Fargues","053","Combustió Interna-Gasoil",204
2025,"07","Horta-Guinardó","36","la Font d'en Fargues","053","Elèctrica",12
2025,"07","Horta-Guinardó","36","la Font d'en Fargues","053","Híbrid",56
2025,"07","Horta-Guinardó","36","la Font d'en Fargues","053","Altres",10
2025,"07","Horta-Guinardó","36","la Font d'en Fargues","054","Combustió Interna-Gasolina",737
2025,"07","Horta-Guinardó","36","la Font d'en Fargues","054","Combustió Interna-Gasoil",240
2025,"07","Horta-Guinardó","36","la Font d'en Fargues","054","Elèctrica",20
2025,"07","Horta-Guinardó","36","la Font d'en Fargues","054","Híbrid",92
2025,"07","Horta-Guinardó","36","la Font d'en Fargues","054","Altres",12
2025,"07","Horta-Guinardó","36","la Font d'en Fargues","054","No consta",3
2025,"07","Horta-Guinardó","36","la Font d'en Fargues","055","Combustió Interna-Gasolina",476
2025,"07","Horta-Guinardó","36","la Font d'en Fargues","055","Combustió Interna-Gasoil",157
2025,"07","Horta-Guinardó","36","la Font d'en Fargues","055","Elèctrica",17
2025,"07","Horta-Guinardó","36","la Font d'en Fargues","055","Híbrid",63
2025,"07","Horta-Guinardó","36","la Font d'en Fargues","055","Altres",10
2025,"07","Horta-Guinardó","36","la Font d'en Fargues","055","No consta",1
2025,"07","Horta-Guinardó","36","la Font d'en Fargues","056","Combustió Interna-Gasolina",530
2025,"07","Horta-Guinardó","36","la Font d'en Fargues","056","Combustió Interna-Gasoil",165
2025,"07","Horta-Guinardó","36","la Font d'en Fargues","056","Elèctrica",18
2025,"07","Horta-Guinardó","36","la Font d'en Fargues","056","Híbrid",55
2025,"07","Horta-Guinardó","36","la Font d'en Fargues","056","Altres",8
2025,"07","Horta-Guinardó","36","la Font d'en Fargues","057","Combustió Interna-Gasolina",572
2025,"07","Horta-Guinardó","36","la Font d'en Fargues","057","Combustió Interna-Gasoil",217
2025,"07","Horta-Guinardó","36","la Font d'en Fargues","057","Elèctrica",11
2025,"07","Horta-Guinardó","36","la Font d'en Fargues","057","Híbrid",69
2025,"07","Horta-Guinardó","36","la Font d'en Fargues","057","Altres",6
2025,"07","Horta-Guinardó","36","la Font d'en Fargues","058","Combustió Interna-Gasolina",547
2025,"07","Horta-Guinardó","36","la Font d'en Fargues","058","Combustió Interna-Gasoil",188
2025,"07","Horta-Guinardó","36","la Font d'en Fargues","058","Elèctrica",4
2025,"07","Horta-Guinardó","36","la Font d'en Fargues","058","Híbrid",61
2025,"07","Horta-Guinardó","36","la Font d'en Fargues","058","Altres",18
2025,"07","Horta-Guinardó","37","el Carmel","059","Combustió Interna-Gasolina",510
2025,"07","Horta-Guinardó","37","el Carmel","059","Combustió Interna-Gasoil",151
2025,"07","Horta-Guinardó","37","el Carmel","059","Elèctrica",5
2025,"07","Horta-Guinardó","37","el Carmel","059","Híbrid",33
2025,"07","Horta-Guinardó","37","el Carmel","059","Altres",11
2025,"07","Horta-Guinardó","37","el Carmel","059","No consta",1
2025,"07","Horta-Guinardó","37","el Carmel","060","Combustió Interna-Gasolina",755
2025,"07","Horta-Guinardó","37","el Carmel","060","Combustió Interna-Gasoil",262
2025,"07","Horta-Guinardó","37","el Carmel","060","Elèctrica",12
2025,"07","Horta-Guinardó","37","el Carmel","060","Híbrid",54
2025,"07","Horta-Guinardó","37","el Carmel","060","Altres",19
2025,"07","Horta-Guinardó","37","el Carmel","061","Combustió Interna-Gasolina",472
2025,"07","Horta-Guinardó","37","el Carmel","061","Combustió Interna-Gasoil",183
2025,"07","Horta-Guinardó","37","el Carmel","061","Elèctrica",6
2025,"07","Horta-Guinardó","37","el Carmel","061","Híbrid",38
2025,"07","Horta-Guinardó","37","el Carmel","061","Altres",10
2025,"07","Horta-Guinardó","37","el Carmel","062","Combustió Interna-Gasolina",419
2025,"07","Horta-Guinardó","37","el Carmel","062","Combustió Interna-Gasoil",145
2025,"07","Horta-Guinardó","37","el Carmel","062","Elèctrica",7
2025,"07","Horta-Guinardó","37","el Carmel","062","Híbrid",39
2025,"07","Horta-Guinardó","37","el Carmel","062","Altres",15
2025,"07","Horta-Guinardó","37","el Carmel","062","No consta",1
2025,"07","Horta-Guinardó","37","el Carmel","063","Combustió Interna-Gasolina",497
2025,"07","Horta-Guinardó","37","el Carmel","063","Combustió Interna-Gasoil",176
2025,"07","Horta-Guinardó","37","el Carmel","063","Elèctrica",4
2025,"07","Horta-Guinardó","37","el Carmel","063","Híbrid",28
2025,"07","Horta-Guinardó","37","el Carmel","063","Altres",9
2025,"07","Horta-Guinardó","37","el Carmel","064","Combustió Interna-Gasolina",559
2025,"07","Horta-Guinardó","37","el Carmel","064","Combustió Interna-Gasoil",176
2025,"07","Horta-Guinardó","37","el Carmel","064","Elèctrica",7
2025,"07","Horta-Guinardó","37","el Carmel","064","Híbrid",40
2025,"07","Horta-Guinardó","37","el Carmel","064","Altres",9
2025,"07","Horta-Guinardó","37","el Carmel","064","No consta",2
2025,"07","Horta-Guinardó","37","el Carmel","065","Combustió Interna-Gasolina",503
2025,"07","Horta-Guinardó","37","el Carmel","065","Combustió Interna-Gasoil",179
2025,"07","Horta-Guinardó","37","el Carmel","065","Elèctrica",3
2025,"07","Horta-Guinardó","37","el Carmel","065","Híbrid",36
2025,"07","Horta-Guinardó","37","el Carmel","065","Altres",8
2025,"07","Horta-Guinardó","37","el Carmel","066","Combustió Interna-Gasolina",505
2025,"07","Horta-Guinardó","37","el Carmel","066","Combustió Interna-Gasoil",215
2025,"07","Horta-Guinardó","37","el Carmel","066","Elèctrica",2
2025,"07","Horta-Guinardó","37","el Carmel","066","Híbrid",41
2025,"07","Horta-Guinardó","37","el Carmel","066","Altres",14
2025,"07","Horta-Guinardó","37","el Carmel","067","Combustió Interna-Gasolina",508
2025,"07","Horta-Guinardó","37","el Carmel","067","Combustió Interna-Gasoil",157
2025,"07","Horta-Guinardó","37","el Carmel","067","Elèctrica",3
2025,"07","Horta-Guinardó","37","el Carmel","067","Híbrid",45
2025,"07","Horta-Guinardó","37","el Carmel","067","Altres",9
2025,"07","Horta-Guinardó","37","el Carmel","067","No consta",2
2025,"07","Horta-Guinardó","37","el Carmel","068","Combustió Interna-Gasolina",358
2025,"07","Horta-Guinardó","37","el Carmel","068","Combustió Interna-Gasoil",144
2025,"07","Horta-Guinardó","37","el Carmel","068","Elèctrica",5
2025,"07","Horta-Guinardó","37","el Carmel","068","Híbrid",29
2025,"07","Horta-Guinardó","37","el Carmel","068","Altres",2
2025,"07","Horta-Guinardó","37","el Carmel","069","Combustió Interna-Gasolina",430
2025,"07","Horta-Guinardó","37","el Carmel","069","Combustió Interna-Gasoil",162
2025,"07","Horta-Guinardó","37","el Carmel","069","Elèctrica",3
2025,"07","Horta-Guinardó","37","el Carmel","069","Híbrid",25
2025,"07","Horta-Guinardó","37","el Carmel","069","Altres",9
2025,"07","Horta-Guinardó","37","el Carmel","070","Combustió Interna-Gasolina",399
2025,"07","Horta-Guinardó","37","el Carmel","070","Combustió Interna-Gasoil",162
2025,"07","Horta-Guinardó","37","el Carmel","070","Elèctrica",5
2025,"07","Horta-Guinardó","37","el Carmel","070","Híbrid",32
2025,"07","Horta-Guinardó","37","el Carmel","070","Altres",5
2025,"07","Horta-Guinardó","37","el Carmel","070","No consta",1
2025,"07","Horta-Guinardó","37","el Carmel","071","Combustió Interna-Gasolina",381
2025,"07","Horta-Guinardó","37","el Carmel","071","Combustió Interna-Gasoil",163
2025,"07","Horta-Guinardó","37","el Carmel","071","Elèctrica",2
2025,"07","Horta-Guinardó","37","el Carmel","071","Híbrid",42
2025,"07","Horta-Guinardó","37","el Carmel","071","Altres",13
2025,"07","Horta-Guinardó","37","el Carmel","072","Combustió Interna-Gasolina",465
2025,"07","Horta-Guinardó","37","el Carmel","072","Combustió Interna-Gasoil",177
2025,"07","Horta-Guinardó","37","el Carmel","072","Elèctrica",6
2025,"07","Horta-Guinardó","37","el Carmel","072","Híbrid",48
2025,"07","Horta-Guinardó","37","el Carmel","072","Altres",17
2025,"07","Horta-Guinardó","37","el Carmel","073","Combustió Interna-Gasolina",307
2025,"07","Horta-Guinardó","37","el Carmel","073","Combustió Interna-Gasoil",133
2025,"07","Horta-Guinardó","37","el Carmel","073","Elèctrica",3
2025,"07","Horta-Guinardó","37","el Carmel","073","Híbrid",23
2025,"07","Horta-Guinardó","37","el Carmel","073","Altres",6
2025,"07","Horta-Guinardó","37","el Carmel","074","Combustió Interna-Gasolina",483
2025,"07","Horta-Guinardó","37","el Carmel","074","Combustió Interna-Gasoil",197
2025,"07","Horta-Guinardó","37","el Carmel","074","Elèctrica",5
2025,"07","Horta-Guinardó","37","el Carmel","074","Híbrid",51
2025,"07","Horta-Guinardó","37","el Carmel","074","Altres",10
2025,"07","Horta-Guinardó","37","el Carmel","075","Combustió Interna-Gasolina",348
2025,"07","Horta-Guinardó","37","el Carmel","075","Combustió Interna-Gasoil",132
2025,"07","Horta-Guinardó","37","el Carmel","075","Elèctrica",7
2025,"07","Horta-Guinardó","37","el Carmel","075","Híbrid",29
2025,"07","Horta-Guinardó","37","el Carmel","075","Altres",5
2025,"07","Horta-Guinardó","37","el Carmel","076","Combustió Interna-Gasolina",380
2025,"07","Horta-Guinardó","37","el Carmel","076","Combustió Interna-Gasoil",164
2025,"07","Horta-Guinardó","37","el Carmel","076","Elèctrica",9
2025,"07","Horta-Guinardó","37","el Carmel","076","Híbrid",31
2025,"07","Horta-Guinardó","37","el Carmel","076","Altres",15
2025,"07","Horta-Guinardó","37","el Carmel","077","Combustió Interna-Gasolina",405
2025,"07","Horta-Guinardó","37","el Carmel","077","Combustió Interna-Gasoil",153
2025,"07","Horta-Guinardó","37","el Carmel","077","Elèctrica",8
2025,"07","Horta-Guinardó","37","el Carmel","077","Híbrid",26
2025,"07","Horta-Guinardó","37","el Carmel","077","Altres",11
2025,"07","Horta-Guinardó","37","el Carmel","078","Combustió Interna-Gasolina",442
2025,"07","Horta-Guinardó","37","el Carmel","078","Combustió Interna-Gasoil",203
2025,"07","Horta-Guinardó","37","el Carmel","078","Elèctrica",2
2025,"07","Horta-Guinardó","37","el Carmel","078","Híbrid",33
2025,"07","Horta-Guinardó","37","el Carmel","078","Altres",7
2025,"07","Horta-Guinardó","37","el Carmel","078","No consta",2
2025,"07","Horta-Guinardó","37","el Carmel","079","Combustió Interna-Gasolina",427
2025,"07","Horta-Guinardó","37","el Carmel","079","Combustió Interna-Gasoil",181
2025,"07","Horta-Guinardó","37","el Carmel","079","Elèctrica",2
2025,"07","Horta-Guinardó","37","el Carmel","079","Híbrid",26
2025,"07","Horta-Guinardó","37","el Carmel","079","Altres",7
2025,"07","Horta-Guinardó","37","el Carmel","079","No consta",1
2025,"07","Horta-Guinardó","37","el Carmel","080","Combustió Interna-Gasolina",501
2025,"07","Horta-Guinardó","37","el Carmel","080","Combustió Interna-Gasoil",203
2025,"07","Horta-Guinardó","37","el Carmel","080","Elèctrica",7
2025,"07","Horta-Guinardó","37","el Carmel","080","Híbrid",50
2025,"07","Horta-Guinardó","37","el Carmel","080","Altres",8
2025,"07","Horta-Guinardó","38","la Teixonera","081","Combustió Interna-Gasolina",689
2025,"07","Horta-Guinardó","38","la Teixonera","081","Combustió Interna-Gasoil",263
2025,"07","Horta-Guinardó","38","la Teixonera","081","Elèctrica",15
2025,"07","Horta-Guinardó","38","la Teixonera","081","Híbrid",67
2025,"07","Horta-Guinardó","38","la Teixonera","081","Altres",16
2025,"07","Horta-Guinardó","38","la Teixonera","082","Combustió Interna-Gasolina",403
2025,"07","Horta-Guinardó","38","la Teixonera","082","Combustió Interna-Gasoil",151
2025,"07","Horta-Guinardó","38","la Teixonera","082","Elèctrica",2
2025,"07","Horta-Guinardó","38","la Teixonera","082","Híbrid",33
2025,"07","Horta-Guinardó","38","la Teixonera","082","Altres",18
2025,"07","Horta-Guinardó","38","la Teixonera","083","Combustió Interna-Gasolina",429
2025,"07","Horta-Guinardó","38","la Teixonera","083","Combustió Interna-Gasoil",162
2025,"07","Horta-Guinardó","38","la Teixonera","083","Elèctrica",4
2025,"07","Horta-Guinardó","38","la Teixonera","083","Híbrid",28
2025,"07","Horta-Guinardó","38","la Teixonera","083","Altres",8
2025,"07","Horta-Guinardó","38","la Teixonera","084","Combustió Interna-Gasolina",506
2025,"07","Horta-Guinardó","38","la Teixonera","084","Combustió Interna-Gasoil",160
2025,"07","Horta-Guinardó","38","la Teixonera","084","Elèctrica",6
2025,"07","Horta-Guinardó","38","la Teixonera","084","Híbrid",39
2025,"07","Horta-Guinardó","38","la Teixonera","084","Altres",15
2025,"07","Horta-Guinardó","38","la Teixonera","085","Combustió Interna-Gasolina",416
2025,"07","Horta-Guinardó","38","la Teixonera","085","Combustió Interna-Gasoil",163
2025,"07","Horta-Guinardó","38","la Teixonera","085","Elèctrica",6
2025,"07","Horta-Guinardó","38","la Teixonera","085","Híbrid",50
2025,"07","Horta-Guinardó","38","la Teixonera","085","Altres",12
2025,"07","Horta-Guinardó","38","la Teixonera","086","Combustió Interna-Gasolina",485
2025,"07","Horta-Guinardó","38","la Teixonera","086","Combustió Interna-Gasoil",193
2025,"07","Horta-Guinardó","38","la Teixonera","086","Elèctrica",5
2025,"07","Horta-Guinardó","38","la Teixonera","086","Híbrid",52
2025,"07","Horta-Guinardó","38","la Teixonera","086","Altres",14
2025,"07","Horta-Guinardó","38","la Teixonera","087","Combustió Interna-Gasolina",511
2025,"07","Horta-Guinardó","38","la Teixonera","087","Combustió Interna-Gasoil",216
2025,"07","Horta-Guinardó","38","la Teixonera","087","Elèctrica",7
2025,"07","Horta-Guinardó","38","la Teixonera","087","Híbrid",57
2025,"07","Horta-Guinardó","38","la Teixonera","087","Altres",12
2025,"07","Horta-Guinardó","38","la Teixonera","088","Combustió Interna-Gasolina",501
2025,"07","Horta-Guinardó","38","la Teixonera","088","Combustió Interna-Gasoil",204
2025,"07","Horta-Guinardó","38","la Teixonera","088","Elèctrica",15
2025,"07","Horta-Guinardó","38","la Teixonera","088","Híbrid",58
2025,"07","Horta-Guinardó","38","la Teixonera","088","Altres",14
2025,"07","Horta-Guinardó","38","la Teixonera","088","No consta",1
2025,"07","Horta-Guinardó","39","Sant Genís dels Agudells","089","Combustió Interna-Gasolina",437
2025,"07","Horta-Guinardó","39","Sant Genís dels Agudells","089","Combustió Interna-Gasoil",178
2025,"07","Horta-Guinardó","39","Sant Genís dels Agudells","089","Elèctrica",10
2025,"07","Horta-Guinardó","39","Sant Genís dels Agudells","089","Híbrid",55
2025,"07","Horta-Guinardó","39","Sant Genís dels Agudells","089","Altres",9
2025,"07","Horta-Guinardó","39","Sant Genís dels Agudells","089","No consta",1
2025,"07","Horta-Guinardó","39","Sant Genís dels Agudells","090","Combustió Interna-Gasolina",608
2025,"07","Horta-Guinardó","39","Sant Genís dels Agudells","090","Combustió Interna-Gasoil",206
2025,"07","Horta-Guinardó","39","Sant Genís dels Agudells","090","Elèctrica",12
2025,"07","Horta-Guinardó","39","Sant Genís dels Agudells","090","Híbrid",70
2025,"07","Horta-Guinardó","39","Sant Genís dels Agudells","090","Altres",13
2025,"07","Horta-Guinardó","39","Sant Genís dels Agudells","091","Combustió Interna-Gasolina",420
2025,"07","Horta-Guinardó","39","Sant Genís dels Agudells","091","Combustió Interna-Gasoil",156
2025,"07","Horta-Guinardó","39","Sant Genís dels Agudells","091","Elèctrica",11
2025,"07","Horta-Guinardó","39","Sant Genís dels Agudells","091","Híbrid",56
2025,"07","Horta-Guinardó","39","Sant Genís dels Agudells","091","Altres",16
2025,"07","Horta-Guinardó","39","Sant Genís dels Agudells","092","Combustió Interna-Gasolina",372
2025,"07","Horta-Guinardó","39","Sant Genís dels Agudells","092","Combustió Interna-Gasoil",150
2025,"07","Horta-Guinardó","39","Sant Genís dels Agudells","092","Elèctrica",3
2025,"07","Horta-Guinardó","39","Sant Genís dels Agudells","092","Híbrid",26
2025,"07","Horta-Guinardó","39","Sant Genís dels Agudells","092","Altres",8
2025,"07","Horta-Guinardó","39","Sant Genís dels Agudells","093","Combustió Interna-Gasolina",485
2025,"07","Horta-Guinardó","39","Sant Genís dels Agudells","093","Combustió Interna-Gasoil",192
2025,"07","Horta-Guinardó","39","Sant Genís dels Agudells","093","Elèctrica",5
2025,"07","Horta-Guinardó","39","Sant Genís dels Agudells","093","Híbrid",54
2025,"07","Horta-Guinardó","39","Sant Genís dels Agudells","093","Altres",13
2025,"07","Horta-Guinardó","40","Montbau","094","Combustió Interna-Gasolina",347
2025,"07","Horta-Guinardó","40","Montbau","094","Combustió Interna-Gasoil",164
2025,"07","Horta-Guinardó","40","Montbau","094","Elèctrica",4
2025,"07","Horta-Guinardó","40","Montbau","094","Híbrid",34
2025,"07","Horta-Guinardó","40","Montbau","094","Altres",11
2025,"07","Horta-Guinardó","40","Montbau","095","Combustió Interna-Gasolina",522
2025,"07","Horta-Guinardó","40","Montbau","095","Combustió Interna-Gasoil",224
2025,"07","Horta-Guinardó","40","Montbau","095","Elèctrica",8
2025,"07","Horta-Guinardó","40","Montbau","095","Híbrid",59
2025,"07","Horta-Guinardó","40","Montbau","095","Altres",19
2025,"07","Horta-Guinardó","40","Montbau","096","Combustió Interna-Gasolina",410
2025,"07","Horta-Guinardó","40","Montbau","096","Combustió Interna-Gasoil",156
2025,"07","Horta-Guinardó","40","Montbau","096","Elèctrica",2
2025,"07","Horta-Guinardó","40","Montbau","096","Híbrid",55
2025,"07","Horta-Guinardó","40","Montbau","096","Altres",10
2025,"07","Horta-Guinardó","40","Montbau","096","No consta",1
2025,"07","Horta-Guinardó","40","Montbau","097","Combustió Interna-Gasolina",254
2025,"07","Horta-Guinardó","40","Montbau","097","Combustió Interna-Gasoil",87
2025,"07","Horta-Guinardó","40","Montbau","097","Elèctrica",5
2025,"07","Horta-Guinardó","40","Montbau","097","Híbrid",30
2025,"07","Horta-Guinardó","40","Montbau","097","Altres",10
2025,"07","Horta-Guinardó","41","la Vall d'Hebron","098","Combustió Interna-Gasolina",691
2025,"07","Horta-Guinardó","41","la Vall d'Hebron","098","Combustió Interna-Gasoil",292
2025,"07","Horta-Guinardó","41","la Vall d'Hebron","098","Elèctrica",20
2025,"07","Horta-Guinardó","41","la Vall d'Hebron","098","Híbrid",121
2025,"07","Horta-Guinardó","41","la Vall d'Hebron","098","Altres",14
2025,"07","Horta-Guinardó","41","la Vall d'Hebron","099","Combustió Interna-Gasolina",390
2025,"07","Horta-Guinardó","41","la Vall d'Hebron","099","Combustió Interna-Gasoil",140
2025,"07","Horta-Guinardó","41","la Vall d'Hebron","099","Elèctrica",3
2025,"07","Horta-Guinardó","41","la Vall d'Hebron","099","Híbrid",60
2025,"07","Horta-Guinardó","41","la Vall d'Hebron","099","Altres",7
2025,"07","Horta-Guinardó","41","la Vall d'Hebron","100","Combustió Interna-Gasolina",318
2025,"07","Horta-Guinardó","41","la Vall d'Hebron","100","Combustió Interna-Gasoil",188
2025,"07","Horta-Guinardó","41","la Vall d'Hebron","100","Elèctrica",1
2025,"07","Horta-Guinardó","41","la Vall d'Hebron","100","Híbrid",45
2025,"07","Horta-Guinardó","41","la Vall d'Hebron","100","Altres",12
2025,"07","Horta-Guinardó","41","la Vall d'Hebron","100","No consta",2
2025,"07","Horta-Guinardó","41","la Vall d'Hebron","101","Combustió Interna-Gasolina",414
2025,"07","Horta-Guinardó","41","la Vall d'Hebron","101","Combustió Interna-Gasoil",219
2025,"07","Horta-Guinardó","41","la Vall d'Hebron","101","Elèctrica",8
2025,"07","Horta-Guinardó","41","la Vall d'Hebron","101","Híbrid",48
2025,"07","Horta-Guinardó","41","la Vall d'Hebron","101","Altres",8
2025,"07","Horta-Guinardó","41","la Vall d'Hebron","101","No consta",1
2025,"07","Horta-Guinardó","42","la Clota","102","Combustió Interna-Gasolina",292
2025,"07","Horta-Guinardó","42","la Clota","102","Combustió Interna-Gasoil",153
2025,"07","Horta-Guinardó","42","la Clota","102","Elèctrica",19
2025,"07","Horta-Guinardó","42","la Clota","102","Híbrid",34
2025,"07","Horta-Guinardó","42","la Clota","102","Altres",9
2025,"07","Horta-Guinardó","43","Horta","103","Combustió Interna-Gasolina",534
2025,"07","Horta-Guinardó","43","Horta","103","Combustió Interna-Gasoil",214
2025,"07","Horta-Guinardó","43","Horta","103","Elèctrica",8
2025,"07","Horta-Guinardó","43","Horta","103","Híbrid",49
2025,"07","Horta-Guinardó","43","Horta","103","Altres",15
2025,"07","Horta-Guinardó","43","Horta","104","Combustió Interna-Gasolina",551
2025,"07","Horta-Guinardó","43","Horta","104","Combustió Interna-Gasoil",233
2025,"07","Horta-Guinardó","43","Horta","104","Elèctrica",3
2025,"07","Horta-Guinardó","43","Horta","104","Híbrid",46
2025,"07","Horta-Guinardó","43","Horta","104","Altres",12
2025,"07","Horta-Guinardó","43","Horta","105","Combustió Interna-Gasolina",393
2025,"07","Horta-Guinardó","43","Horta","105","Combustió Interna-Gasoil",132
2025,"07","Horta-Guinardó","43","Horta","105","Elèctrica",5
2025,"07","Horta-Guinardó","43","Horta","105","Híbrid",52
2025,"07","Horta-Guinardó","43","Horta","105","Altres",8
2025,"07","Horta-Guinardó","43","Horta","106","Combustió Interna-Gasolina",348
2025,"07","Horta-Guinardó","43","Horta","106","Combustió Interna-Gasoil",134
2025,"07","Horta-Guinardó","43","Horta","106","Elèctrica",5
2025,"07","Horta-Guinardó","43","Horta","106","Híbrid",58
2025,"07","Horta-Guinardó","43","Horta","106","Altres",12
2025,"07","Horta-Guinardó","43","Horta","107","Combustió Interna-Gasolina",442
2025,"07","Horta-Guinardó","43","Horta","107","Combustió Interna-Gasoil",141
2025,"07","Horta-Guinardó","43","Horta","107","Elèctrica",6
2025,"07","Horta-Guinardó","43","Horta","107","Híbrid",60
2025,"07","Horta-Guinardó","43","Horta","107","Altres",5
2025,"07","Horta-Guinardó","43","Horta","108","Combustió Interna-Gasolina",448
2025,"07","Horta-Guinardó","43","Horta","108","Combustió Interna-Gasoil",146
2025,"07","Horta-Guinardó","43","Horta","108","Elèctrica",5
2025,"07","Horta-Guinardó","43","Horta","108","Híbrid",49
2025,"07","Horta-Guinardó","43","Horta","108","Altres",6
2025,"07","Horta-Guinardó","43","Horta","109","Combustió Interna-Gasolina",473
2025,"07","Horta-Guinardó","43","Horta","109","Combustió Interna-Gasoil",216
2025,"07","Horta-Guinardó","43","Horta","109","Elèctrica",6
2025,"07","Horta-Guinardó","43","Horta","109","Híbrid",56
2025,"07","Horta-Guinardó","43","Horta","109","Altres",15
2025,"07","Horta-Guinardó","43","Horta","110","Combustió Interna-Gasolina",335
2025,"07","Horta-Guinardó","43","Horta","110","Combustió Interna-Gasoil",129
2025,"07","Horta-Guinardó","43","Horta","110","Elèctrica",4
2025,"07","Horta-Guinardó","43","Horta","110","Híbrid",39
2025,"07","Horta-Guinardó","43","Horta","110","Altres",4
2025,"07","Horta-Guinardó","43","Horta","110","No consta",1
2025,"07","Horta-Guinardó","43","Horta","111","Combustió Interna-Gasolina",335
2025,"07","Horta-Guinardó","43","Horta","111","Combustió Interna-Gasoil",109
2025,"07","Horta-Guinardó","43","Horta","111","Elèctrica",5
2025,"07","Horta-Guinardó","43","Horta","111","Híbrid",47
2025,"07","Horta-Guinardó","43","Horta","111","Altres",6
2025,"07","Horta-Guinardó","43","Horta","112","Combustió Interna-Gasolina",380
2025,"07","Horta-Guinardó","43","Horta","112","Combustió Interna-Gasoil",164
2025,"07","Horta-Guinardó","43","Horta","112","Elèctrica",9
2025,"07","Horta-Guinardó","43","Horta","112","Híbrid",47
2025,"07","Horta-Guinardó","43","Horta","112","Altres",15
2025,"07","Horta-Guinardó","43","Horta","113","Combustió Interna-Gasolina",357
2025,"07","Horta-Guinardó","43","Horta","113","Combustió Interna-Gasoil",160
2025,"07","Horta-Guinardó","43","Horta","113","Elèctrica",6
2025,"07","Horta-Guinardó","43","Horta","113","Híbrid",34
2025,"07","Horta-Guinardó","43","Horta","113","Altres",10
2025,"07","Horta-Guinardó","43","Horta","114","Combustió Interna-Gasolina",376
2025,"07","Horta-Guinardó","43","Horta","114","Combustió Interna-Gasoil",160
2025,"07","Horta-Guinardó","43","Horta","114","Elèctrica",2
2025,"07","Horta-Guinardó","43","Horta","114","Híbrid",51
2025,"07","Horta-Guinardó","43","Horta","114","Altres",9
2025,"07","Horta-Guinardó","43","Horta","115","Combustió Interna-Gasolina",429
2025,"07","Horta-Guinardó","43","Horta","115","Combustió Interna-Gasoil",140
2025,"07","Horta-Guinardó","43","Horta","115","Elèctrica",6
2025,"07","Horta-Guinardó","43","Horta","115","Híbrid",44
2025,"07","Horta-Guinardó","43","Horta","115","Altres",11
2025,"07","Horta-Guinardó","43","Horta","116","Combustió Interna-Gasolina",482
2025,"07","Horta-Guinardó","43","Horta","116","Combustió Interna-Gasoil",145
2025,"07","Horta-Guinardó","43","Horta","116","Elèctrica",4
2025,"07","Horta-Guinardó","43","Horta","116","Híbrid",49
2025,"07","Horta-Guinardó","43","Horta","116","Altres",8
2025,"07","Horta-Guinardó","43","Horta","117","Combustió Interna-Gasolina",432
2025,"07","Horta-Guinardó","43","Horta","117","Combustió Interna-Gasoil",211
2025,"07","Horta-Guinardó","43","Horta","117","Elèctrica",5
2025,"07","Horta-Guinardó","43","Horta","117","Híbrid",48
2025,"07","Horta-Guinardó","43","Horta","117","Altres",10
2025,"07","Horta-Guinardó","43","Horta","118","Combustió Interna-Gasolina",407
2025,"07","Horta-Guinardó","43","Horta","118","Combustió Interna-Gasoil",152
2025,"07","Horta-Guinardó","43","Horta","118","Elèctrica",8
2025,"07","Horta-Guinardó","43","Horta","118","Híbrid",35
2025,"07","Horta-Guinardó","43","Horta","118","Altres",6
2025,"07","Horta-Guinardó","43","Horta","118","No consta",1
2025,"07","Horta-Guinardó","43","Horta","119","Combustió Interna-Gasolina",394
2025,"07","Horta-Guinardó","43","Horta","119","Combustió Interna-Gasoil",151
2025,"07","Horta-Guinardó","43","Horta","119","Elèctrica",3
2025,"07","Horta-Guinardó","43","Horta","119","Híbrid",30
2025,"07","Horta-Guinardó","43","Horta","119","Altres",9
2025,"07","Horta-Guinardó","43","Horta","120","Combustió Interna-Gasolina",399
2025,"07","Horta-Guinardó","43","Horta","120","Combustió Interna-Gasoil",136
2025,"07","Horta-Guinardó","43","Horta","120","Elèctrica",3
2025,"07","Horta-Guinardó","43","Horta","120","Híbrid",36
2025,"07","Horta-Guinardó","43","Horta","120","Altres",13
2025,"07","Horta-Guinardó","43","Horta","120","No consta",1
2025,"07","Horta-Guinardó","43","Horta","121","Combustió Interna-Gasolina",286
2025,"07","Horta-Guinardó","43","Horta","121","Combustió Interna-Gasoil",110
2025,"07","Horta-Guinardó","43","Horta","121","Elèctrica",5
2025,"07","Horta-Guinardó","43","Horta","121","Híbrid",34
2025,"07","Horta-Guinardó","43","Horta","121","Altres",9
2025,"07","Horta-Guinardó","43","Horta","121","No consta",1
2025,"07","Horta-Guinardó","43","Horta","122","Combustió Interna-Gasolina",421
2025,"07","Horta-Guinardó","43","Horta","122","Combustió Interna-Gasoil",140
2025,"07","Horta-Guinardó","43","Horta","122","Elèctrica",2
2025,"07","Horta-Guinardó","43","Horta","122","Híbrid",45
2025,"07","Horta-Guinardó","43","Horta","122","Altres",8
2025,"07","Horta-Guinardó","43","Horta","123","Combustió Interna-Gasolina",445
2025,"07","Horta-Guinardó","43","Horta","123","Combustió Interna-Gasoil",181
2025,"07","Horta-Guinardó","43","Horta","123","Elèctrica",4
2025,"07","Horta-Guinardó","43","Horta","123","Híbrid",63
2025,"07","Horta-Guinardó","43","Horta","123","Altres",9
2025,"07","Horta-Guinardó","43","Horta","123","No consta",1
2025,"08","Nou Barris","44","Vilapicina i la Torre Llobeta","001","Combustió Interna-Gasolina",347
2025,"08","Nou Barris","44","Vilapicina i la Torre Llobeta","001","Combustió Interna-Gasoil",147
2025,"08","Nou Barris","44","Vilapicina i la Torre Llobeta","001","Elèctrica",2
2025,"08","Nou Barris","44","Vilapicina i la Torre Llobeta","001","Híbrid",36
2025,"08","Nou Barris","44","Vilapicina i la Torre Llobeta","001","Altres",6
2025,"08","Nou Barris","44","Vilapicina i la Torre Llobeta","002","Combustió Interna-Gasolina",382
2025,"08","Nou Barris","44","Vilapicina i la Torre Llobeta","002","Combustió Interna-Gasoil",129
2025,"08","Nou Barris","44","Vilapicina i la Torre Llobeta","002","Elèctrica",7
2025,"08","Nou Barris","44","Vilapicina i la Torre Llobeta","002","Híbrid",58
2025,"08","Nou Barris","44","Vilapicina i la Torre Llobeta","002","Altres",13
2025,"08","Nou Barris","44","Vilapicina i la Torre Llobeta","002","No consta",2
2025,"08","Nou Barris","44","Vilapicina i la Torre Llobeta","003","Combustió Interna-Gasolina",379
2025,"08","Nou Barris","44","Vilapicina i la Torre Llobeta","003","Combustió Interna-Gasoil",172
2025,"08","Nou Barris","44","Vilapicina i la Torre Llobeta","003","Elèctrica",2
2025,"08","Nou Barris","44","Vilapicina i la Torre Llobeta","003","Híbrid",38
2025,"08","Nou Barris","44","Vilapicina i la Torre Llobeta","003","Altres",6
2025,"08","Nou Barris","44","Vilapicina i la Torre Llobeta","004","Combustió Interna-Gasolina",424
2025,"08","Nou Barris","44","Vilapicina i la Torre Llobeta","004","Combustió Interna-Gasoil",197
2025,"08","Nou Barris","44","Vilapicina i la Torre Llobeta","004","Elèctrica",3
2025,"08","Nou Barris","44","Vilapicina i la Torre Llobeta","004","Híbrid",39
2025,"08","Nou Barris","44","Vilapicina i la Torre Llobeta","004","Altres",14
2025,"08","Nou Barris","44","Vilapicina i la Torre Llobeta","004","No consta",4
2025,"08","Nou Barris","44","Vilapicina i la Torre Llobeta","005","Combustió Interna-Gasolina",307
2025,"08","Nou Barris","44","Vilapicina i la Torre Llobeta","005","Combustió Interna-Gasoil",147
2025,"08","Nou Barris","44","Vilapicina i la Torre Llobeta","005","Elèctrica",4
2025,"08","Nou Barris","44","Vilapicina i la Torre Llobeta","005","Híbrid",43
2025,"08","Nou Barris","44","Vilapicina i la Torre Llobeta","005","Altres",8
2025,"08","Nou Barris","44","Vilapicina i la Torre Llobeta","006","Combustió Interna-Gasolina",507
2025,"08","Nou Barris","44","Vilapicina i la Torre Llobeta","006","Combustió Interna-Gasoil",202
2025,"08","Nou Barris","44","Vilapicina i la Torre Llobeta","006","Elèctrica",9
2025,"08","Nou Barris","44","Vilapicina i la Torre Llobeta","006","Híbrid",58
2025,"08","Nou Barris","44","Vilapicina i la Torre Llobeta","006","Altres",15
2025,"08","Nou Barris","44","Vilapicina i la Torre Llobeta","007","Combustió Interna-Gasolina",327
2025,"08","Nou Barris","44","Vilapicina i la Torre Llobeta","007","Combustió Interna-Gasoil",158
2025,"08","Nou Barris","44","Vilapicina i la Torre Llobeta","007","Elèctrica",4
2025,"08","Nou Barris","44","Vilapicina i la Torre Llobeta","007","Híbrid",43
2025,"08","Nou Barris","44","Vilapicina i la Torre Llobeta","007","Altres",17
2025,"08","Nou Barris","44","Vilapicina i la Torre Llobeta","008","Combustió Interna-Gasolina",478
2025,"08","Nou Barris","44","Vilapicina i la Torre Llobeta","008","Combustió Interna-Gasoil",194
2025,"08","Nou Barris","44","Vilapicina i la Torre Llobeta","008","Elèctrica",6
2025,"08","Nou Barris","44","Vilapicina i la Torre Llobeta","008","Híbrid",44
2025,"08","Nou Barris","44","Vilapicina i la Torre Llobeta","008","Altres",12
2025,"08","Nou Barris","44","Vilapicina i la Torre Llobeta","009","Combustió Interna-Gasolina",449
2025,"08","Nou Barris","44","Vilapicina i la Torre Llobeta","009","Combustió Interna-Gasoil",178
2025,"08","Nou Barris","44","Vilapicina i la Torre Llobeta","009","Elèctrica",4
2025,"08","Nou Barris","44","Vilapicina i la Torre Llobeta","009","Híbrid",47
2025,"08","Nou Barris","44","Vilapicina i la Torre Llobeta","009","Altres",11
2025,"08","Nou Barris","44","Vilapicina i la Torre Llobeta","010","Combustió Interna-Gasolina",339
2025,"08","Nou Barris","44","Vilapicina i la Torre Llobeta","010","Combustió Interna-Gasoil",207
2025,"08","Nou Barris","44","Vilapicina i la Torre Llobeta","010","Elèctrica",9
2025,"08","Nou Barris","44","Vilapicina i la Torre Llobeta","010","Híbrid",35
2025,"08","Nou Barris","44","Vilapicina i la Torre Llobeta","010","Altres",13
2025,"08","Nou Barris","44","Vilapicina i la Torre Llobeta","011","Combustió Interna-Gasolina",303
2025,"08","Nou Barris","44","Vilapicina i la Torre Llobeta","011","Combustió Interna-Gasoil",115
2025,"08","Nou Barris","44","Vilapicina i la Torre Llobeta","011","Elèctrica",4
2025,"08","Nou Barris","44","Vilapicina i la Torre Llobeta","011","Híbrid",41
2025,"08","Nou Barris","44","Vilapicina i la Torre Llobeta","011","Altres",11
2025,"08","Nou Barris","44","Vilapicina i la Torre Llobeta","012","Combustió Interna-Gasolina",325
2025,"08","Nou Barris","44","Vilapicina i la Torre Llobeta","012","Combustió Interna-Gasoil",143
2025,"08","Nou Barris","44","Vilapicina i la Torre Llobeta","012","Elèctrica",4
2025,"08","Nou Barris","44","Vilapicina i la Torre Llobeta","012","Híbrid",45
2025,"08","Nou Barris","44","Vilapicina i la Torre Llobeta","012","Altres",4
2025,"08","Nou Barris","44","Vilapicina i la Torre Llobeta","013","Combustió Interna-Gasolina",279
2025,"08","Nou Barris","44","Vilapicina i la Torre Llobeta","013","Combustió Interna-Gasoil",134
2025,"08","Nou Barris","44","Vilapicina i la Torre Llobeta","013","Elèctrica",3
2025,"08","Nou Barris","44","Vilapicina i la Torre Llobeta","013","Híbrid",49
2025,"08","Nou Barris","44","Vilapicina i la Torre Llobeta","013","Altres",4
2025,"08","Nou Barris","44","Vilapicina i la Torre Llobeta","013","No consta",1
2025,"08","Nou Barris","44","Vilapicina i la Torre Llobeta","014","Combustió Interna-Gasolina",319
2025,"08","Nou Barris","44","Vilapicina i la Torre Llobeta","014","Combustió Interna-Gasoil",122
2025,"08","Nou Barris","44","Vilapicina i la Torre Llobeta","014","Elèctrica",3
2025,"08","Nou Barris","44","Vilapicina i la Torre Llobeta","014","Híbrid",24
2025,"08","Nou Barris","44","Vilapicina i la Torre Llobeta","014","Altres",2
2025,"08","Nou Barris","44","Vilapicina i la Torre Llobeta","015","Combustió Interna-Gasolina",323
2025,"08","Nou Barris","44","Vilapicina i la Torre Llobeta","015","Combustió Interna-Gasoil",140
2025,"08","Nou Barris","44","Vilapicina i la Torre Llobeta","015","Elèctrica",1
2025,"08","Nou Barris","44","Vilapicina i la Torre Llobeta","015","Híbrid",33
2025,"08","Nou Barris","44","Vilapicina i la Torre Llobeta","015","Altres",4
2025,"08","Nou Barris","44","Vilapicina i la Torre Llobeta","016","Combustió Interna-Gasolina",278
2025,"08","Nou Barris","44","Vilapicina i la Torre Llobeta","016","Combustió Interna-Gasoil",145
2025,"08","Nou Barris","44","Vilapicina i la Torre Llobeta","016","Elèctrica",5
2025,"08","Nou Barris","44","Vilapicina i la Torre Llobeta","016","Híbrid",28
2025,"08","Nou Barris","44","Vilapicina i la Torre Llobeta","016","Altres",12
2025,"08","Nou Barris","44","Vilapicina i la Torre Llobeta","016","No consta",2
2025,"08","Nou Barris","44","Vilapicina i la Torre Llobeta","017","Combustió Interna-Gasolina",405
2025,"08","Nou Barris","44","Vilapicina i la Torre Llobeta","017","Combustió Interna-Gasoil",171
2025,"08","Nou Barris","44","Vilapicina i la Torre Llobeta","017","Elèctrica",5
2025,"08","Nou Barris","44","Vilapicina i la Torre Llobeta","017","Híbrid",45
2025,"08","Nou Barris","44","Vilapicina i la Torre Llobeta","017","Altres",20
2025,"08","Nou Barris","44","Vilapicina i la Torre Llobeta","017","No consta",1
2025,"08","Nou Barris","44","Vilapicina i la Torre Llobeta","018","Combustió Interna-Gasolina",334
2025,"08","Nou Barris","44","Vilapicina i la Torre Llobeta","018","Combustió Interna-Gasoil",148
2025,"08","Nou Barris","44","Vilapicina i la Torre Llobeta","018","Elèctrica",3
2025,"08","Nou Barris","44","Vilapicina i la Torre Llobeta","018","Híbrid",54
2025,"08","Nou Barris","44","Vilapicina i la Torre Llobeta","018","Altres",13
2025,"08","Nou Barris","44","Vilapicina i la Torre Llobeta","019","Combustió Interna-Gasolina",425
2025,"08","Nou Barris","44","Vilapicina i la Torre Llobeta","019","Combustió Interna-Gasoil",201
2025,"08","Nou Barris","44","Vilapicina i la Torre Llobeta","019","Elèctrica",5
2025,"08","Nou Barris","44","Vilapicina i la Torre Llobeta","019","Híbrid",67
2025,"08","Nou Barris","44","Vilapicina i la Torre Llobeta","019","Altres",13
2025,"08","Nou Barris","44","Vilapicina i la Torre Llobeta","019","No consta",1
2025,"08","Nou Barris","45","Porta","020","Combustió Interna-Gasolina",368
2025,"08","Nou Barris","45","Porta","020","Combustió Interna-Gasoil",142
2025,"08","Nou Barris","45","Porta","020","Elèctrica",2
2025,"08","Nou Barris","45","Porta","020","Híbrid",38
2025,"08","Nou Barris","45","Porta","020","Altres",13
2025,"08","Nou Barris","45","Porta","020","No consta",1
2025,"08","Nou Barris","45","Porta","021","Combustió Interna-Gasolina",379
2025,"08","Nou Barris","45","Porta","021","Combustió Interna-Gasoil",187
2025,"08","Nou Barris","45","Porta","021","Elèctrica",4
2025,"08","Nou Barris","45","Porta","021","Híbrid",42
2025,"08","Nou Barris","45","Porta","021","Altres",14
2025,"08","Nou Barris","45","Porta","021","No consta",1
2025,"08","Nou Barris","45","Porta","022","Combustió Interna-Gasolina",363
2025,"08","Nou Barris","45","Porta","022","Combustió Interna-Gasoil",159
2025,"08","Nou Barris","45","Porta","022","Elèctrica",3
2025,"08","Nou Barris","45","Porta","022","Híbrid",40
2025,"08","Nou Barris","45","Porta","022","Altres",9
2025,"08","Nou Barris","45","Porta","022","No consta",1
2025,"08","Nou Barris","45","Porta","023","Combustió Interna-Gasolina",372
2025,"08","Nou Barris","45","Porta","023","Combustió Interna-Gasoil",167
2025,"08","Nou Barris","45","Porta","023","Elèctrica",12
2025,"08","Nou Barris","45","Porta","023","Híbrid",47
2025,"08","Nou Barris","45","Porta","023","Altres",10
2025,"08","Nou Barris","45","Porta","024","Combustió Interna-Gasolina",338
2025,"08","Nou Barris","45","Porta","024","Combustió Interna-Gasoil",147
2025,"08","Nou Barris","45","Porta","024","Elèctrica",3
2025,"08","Nou Barris","45","Porta","024","Híbrid",52
2025,"08","Nou Barris","45","Porta","024","Altres",6
2025,"08","Nou Barris","45","Porta","024","No consta",1
2025,"08","Nou Barris","45","Porta","025","Combustió Interna-Gasolina",291
2025,"08","Nou Barris","45","Porta","025","Combustió Interna-Gasoil",143
2025,"08","Nou Barris","45","Porta","025","Híbrid",31
2025,"08","Nou Barris","45","Porta","025","Altres",16
2025,"08","Nou Barris","45","Porta","026","Combustió Interna-Gasolina",319
2025,"08","Nou Barris","45","Porta","026","Combustió Interna-Gasoil",144
2025,"08","Nou Barris","45","Porta","026","Elèctrica",6
2025,"08","Nou Barris","45","Porta","026","Híbrid",45
2025,"08","Nou Barris","45","Porta","026","Altres",9
2025,"08","Nou Barris","45","Porta","027","Combustió Interna-Gasolina",399
2025,"08","Nou Barris","45","Porta","027","Combustió Interna-Gasoil",160
2025,"08","Nou Barris","45","Porta","027","Elèctrica",9
2025,"08","Nou Barris","45","Porta","027","Híbrid",47
2025,"08","Nou Barris","45","Porta","027","Altres",13
2025,"08","Nou Barris","45","Porta","028","Combustió Interna-Gasolina",260
2025,"08","Nou Barris","45","Porta","028","Combustió Interna-Gasoil",148
2025,"08","Nou Barris","45","Porta","028","Elèctrica",2
2025,"08","Nou Barris","45","Porta","028","Híbrid",45
2025,"08","Nou Barris","45","Porta","028","Altres",16
2025,"08","Nou Barris","45","Porta","029","Combustió Interna-Gasolina",427
2025,"08","Nou Barris","45","Porta","029","Combustió Interna-Gasoil",238
2025,"08","Nou Barris","45","Porta","029","Elèctrica",6
2025,"08","Nou Barris","45","Porta","029","Híbrid",42
2025,"08","Nou Barris","45","Porta","029","Altres",11
2025,"08","Nou Barris","45","Porta","029","No consta",1
2025,"08","Nou Barris","45","Porta","030","Combustió Interna-Gasolina",352
2025,"08","Nou Barris","45","Porta","030","Combustió Interna-Gasoil",207
2025,"08","Nou Barris","45","Porta","030","Elèctrica",4
2025,"08","Nou Barris","45","Porta","030","Híbrid",38
2025,"08","Nou Barris","45","Porta","030","Altres",5
2025,"08","Nou Barris","45","Porta","030","No consta",1
2025,"08","Nou Barris","45","Porta","031","Combustió Interna-Gasolina",386
2025,"08","Nou Barris","45","Porta","031","Combustió Interna-Gasoil",148
2025,"08","Nou Barris","45","Porta","031","Elèctrica",2
2025,"08","Nou Barris","45","Porta","031","Híbrid",41
2025,"08","Nou Barris","45","Porta","031","Altres",14
2025,"08","Nou Barris","45","Porta","032","Combustió Interna-Gasolina",367
2025,"08","Nou Barris","45","Porta","032","Combustió Interna-Gasoil",176
2025,"08","Nou Barris","45","Porta","032","Elèctrica",3
2025,"08","Nou Barris","45","Porta","032","Híbrid",46
2025,"08","Nou Barris","45","Porta","032","Altres",11
2025,"08","Nou Barris","45","Porta","033","Combustió Interna-Gasolina",324
2025,"08","Nou Barris","45","Porta","033","Combustió Interna-Gasoil",165
2025,"08","Nou Barris","45","Porta","033","Híbrid",34
2025,"08","Nou Barris","45","Porta","033","Altres",7
2025,"08","Nou Barris","45","Porta","034","Combustió Interna-Gasolina",225
2025,"08","Nou Barris","45","Porta","034","Combustió Interna-Gasoil",103
2025,"08","Nou Barris","45","Porta","034","Elèctrica",1
2025,"08","Nou Barris","45","Porta","034","Híbrid",31
2025,"08","Nou Barris","45","Porta","034","Altres",5
2025,"08","Nou Barris","45","Porta","035","Combustió Interna-Gasolina",453
2025,"08","Nou Barris","45","Porta","035","Combustió Interna-Gasoil",193
2025,"08","Nou Barris","45","Porta","035","Elèctrica",2
2025,"08","Nou Barris","45","Porta","035","Híbrid",48
2025,"08","Nou Barris","45","Porta","035","Altres",9
2025,"08","Nou Barris","45","Porta","036","Combustió Interna-Gasolina",340
2025,"08","Nou Barris","45","Porta","036","Combustió Interna-Gasoil",159
2025,"08","Nou Barris","45","Porta","036","Elèctrica",3
2025,"08","Nou Barris","45","Porta","036","Híbrid",44
2025,"08","Nou Barris","45","Porta","036","Altres",14
2025,"08","Nou Barris","45","Porta","037","Combustió Interna-Gasolina",368
2025,"08","Nou Barris","45","Porta","037","Combustió Interna-Gasoil",189
2025,"08","Nou Barris","45","Porta","037","Elèctrica",5
2025,"08","Nou Barris","45","Porta","037","Híbrid",38
2025,"08","Nou Barris","45","Porta","037","Altres",21
2025,"08","Nou Barris","45","Porta","037","No consta",1
2025,"08","Nou Barris","46","el Turó de la Peira","038","Combustió Interna-Gasolina",375
2025,"08","Nou Barris","46","el Turó de la Peira","038","Combustió Interna-Gasoil",167
2025,"08","Nou Barris","46","el Turó de la Peira","038","Elèctrica",5
2025,"08","Nou Barris","46","el Turó de la Peira","038","Híbrid",44
2025,"08","Nou Barris","46","el Turó de la Peira","038","Altres",7
2025,"08","Nou Barris","46","el Turó de la Peira","038","No consta",3
2025,"08","Nou Barris","46","el Turó de la Peira","039","Combustió Interna-Gasolina",417
2025,"08","Nou Barris","46","el Turó de la Peira","039","Combustió Interna-Gasoil",180
2025,"08","Nou Barris","46","el Turó de la Peira","039","Elèctrica",4
2025,"08","Nou Barris","46","el Turó de la Peira","039","Híbrid",50
2025,"08","Nou Barris","46","el Turó de la Peira","039","Altres",9
2025,"08","Nou Barris","46","el Turó de la Peira","039","No consta",1
2025,"08","Nou Barris","46","el Turó de la Peira","040","Combustió Interna-Gasolina",461
2025,"08","Nou Barris","46","el Turó de la Peira","040","Combustió Interna-Gasoil",202
2025,"08","Nou Barris","46","el Turó de la Peira","040","Elèctrica",3
2025,"08","Nou Barris","46","el Turó de la Peira","040","Híbrid",49
2025,"08","Nou Barris","46","el Turó de la Peira","040","Altres",8
2025,"08","Nou Barris","46","el Turó de la Peira","041","Combustió Interna-Gasolina",542
2025,"08","Nou Barris","46","el Turó de la Peira","041","Combustió Interna-Gasoil",226
2025,"08","Nou Barris","46","el Turó de la Peira","041","Elèctrica",3
2025,"08","Nou Barris","46","el Turó de la Peira","041","Híbrid",40
2025,"08","Nou Barris","46","el Turó de la Peira","041","Altres",4
2025,"08","Nou Barris","46","el Turó de la Peira","041","No consta",1
2025,"08","Nou Barris","46","el Turó de la Peira","042","Combustió Interna-Gasolina",319
2025,"08","Nou Barris","46","el Turó de la Peira","042","Combustió Interna-Gasoil",138
2025,"08","Nou Barris","46","el Turó de la Peira","042","Híbrid",34
2025,"08","Nou Barris","46","el Turó de la Peira","042","Altres",5
2025,"08","Nou Barris","46","el Turó de la Peira","043","Combustió Interna-Gasolina",268
2025,"08","Nou Barris","46","el Turó de la Peira","043","Combustió Interna-Gasoil",114
2025,"08","Nou Barris","46","el Turó de la Peira","043","Elèctrica",3
2025,"08","Nou Barris","46","el Turó de la Peira","043","Híbrid",24
2025,"08","Nou Barris","46","el Turó de la Peira","043","Altres",8
2025,"08","Nou Barris","46","el Turó de la Peira","043","No consta",1
2025,"08","Nou Barris","46","el Turó de la Peira","044","Combustió Interna-Gasolina",300
2025,"08","Nou Barris","46","el Turó de la Peira","044","Combustió Interna-Gasoil",132
2025,"08","Nou Barris","46","el Turó de la Peira","044","Elèctrica",3
2025,"08","Nou Barris","46","el Turó de la Peira","044","Híbrid",19
2025,"08","Nou Barris","46","el Turó de la Peira","044","Altres",10
2025,"08","Nou Barris","46","el Turó de la Peira","044","No consta",1
2025,"08","Nou Barris","46","el Turó de la Peira","045","Combustió Interna-Gasolina",358
2025,"08","Nou Barris","46","el Turó de la Peira","045","Combustió Interna-Gasoil",165
2025,"08","Nou Barris","46","el Turó de la Peira","045","Elèctrica",2
2025,"08","Nou Barris","46","el Turó de la Peira","045","Híbrid",37
2025,"08","Nou Barris","46","el Turó de la Peira","045","Altres",5
2025,"08","Nou Barris","46","el Turó de la Peira","046","Combustió Interna-Gasolina",373
2025,"08","Nou Barris","46","el Turó de la Peira","046","Combustió Interna-Gasoil",138
2025,"08","Nou Barris","46","el Turó de la Peira","046","Elèctrica",6
2025,"08","Nou Barris","46","el Turó de la Peira","046","Híbrid",41
2025,"08","Nou Barris","46","el Turó de la Peira","046","Altres",7
2025,"08","Nou Barris","46","el Turó de la Peira","047","Combustió Interna-Gasolina",340
2025,"08","Nou Barris","46","el Turó de la Peira","047","Combustió Interna-Gasoil",137
2025,"08","Nou Barris","46","el Turó de la Peira","047","Elèctrica",6
2025,"08","Nou Barris","46","el Turó de la Peira","047","Híbrid",38
2025,"08","Nou Barris","46","el Turó de la Peira","047","Altres",5
2025,"08","Nou Barris","47","Can Peguera","048","Combustió Interna-Gasolina",267
2025,"08","Nou Barris","47","Can Peguera","048","Combustió Interna-Gasoil",109
2025,"08","Nou Barris","47","Can Peguera","048","Híbrid",15
2025,"08","Nou Barris","47","Can Peguera","048","Altres",7
2025,"08","Nou Barris","47","Can Peguera","049","Combustió Interna-Gasolina",346
2025,"08","Nou Barris","47","Can Peguera","049","Combustió Interna-Gasoil",148
2025,"08","Nou Barris","47","Can Peguera","049","Elèctrica",4
2025,"08","Nou Barris","47","Can Peguera","049","Híbrid",45
2025,"08","Nou Barris","47","Can Peguera","049","Altres",11
2025,"08","Nou Barris","47","Can Peguera","049","No consta",1
2025,"08","Nou Barris","48","la Guineueta","050","Combustió Interna-Gasolina",373
2025,"08","Nou Barris","48","la Guineueta","050","Combustió Interna-Gasoil",175
2025,"08","Nou Barris","48","la Guineueta","050","Elèctrica",6
2025,"08","Nou Barris","48","la Guineueta","050","Híbrid",54
2025,"08","Nou Barris","48","la Guineueta","050","Altres",7
2025,"08","Nou Barris","48","la Guineueta","050","No consta",2
2025,"08","Nou Barris","48","la Guineueta","051","Combustió Interna-Gasolina",392
2025,"08","Nou Barris","48","la Guineueta","051","Combustió Interna-Gasoil",198
2025,"08","Nou Barris","48","la Guineueta","051","Elèctrica",12
2025,"08","Nou Barris","48","la Guineueta","051","Híbrid",78
2025,"08","Nou Barris","48","la Guineueta","051","Altres",14
2025,"08","Nou Barris","48","la Guineueta","052","Combustió Interna-Gasolina",268
2025,"08","Nou Barris","48","la Guineueta","052","Combustió Interna-Gasoil",134
2025,"08","Nou Barris","48","la Guineueta","052","Elèctrica",4
2025,"08","Nou Barris","48","la Guineueta","052","Híbrid",34
2025,"08","Nou Barris","48","la Guineueta","052","Altres",4
2025,"08","Nou Barris","48","la Guineueta","052","No consta",1
2025,"08","Nou Barris","48","la Guineueta","053","Combustió Interna-Gasolina",352
2025,"08","Nou Barris","48","la Guineueta","053","Combustió Interna-Gasoil",156
2025,"08","Nou Barris","48","la Guineueta","053","Elèctrica",3
2025,"08","Nou Barris","48","la Guineueta","053","Híbrid",64
2025,"08","Nou Barris","48","la Guineueta","053","Altres",6
2025,"08","Nou Barris","48","la Guineueta","054","Combustió Interna-Gasolina",489
2025,"08","Nou Barris","48","la Guineueta","054","Combustió Interna-Gasoil",205
2025,"08","Nou Barris","48","la Guineueta","054","Elèctrica",4
2025,"08","Nou Barris","48","la Guineueta","054","Híbrid",51
2025,"08","Nou Barris","48","la Guineueta","054","Altres",15
2025,"08","Nou Barris","48","la Guineueta","054","No consta",1
2025,"08","Nou Barris","48","la Guineueta","055","Combustió Interna-Gasolina",561
2025,"08","Nou Barris","48","la Guineueta","055","Combustió Interna-Gasoil",293
2025,"08","Nou Barris","48","la Guineueta","055","Elèctrica",9
2025,"08","Nou Barris","48","la Guineueta","055","Híbrid",96
2025,"08","Nou Barris","48","la Guineueta","055","Altres",10
2025,"08","Nou Barris","48","la Guineueta","056","Combustió Interna-Gasolina",404
2025,"08","Nou Barris","48","la Guineueta","056","Combustió Interna-Gasoil",184
2025,"08","Nou Barris","48","la Guineueta","056","Elèctrica",1
2025,"08","Nou Barris","48","la Guineueta","056","Híbrid",53
2025,"08","Nou Barris","48","la Guineueta","056","Altres",12
2025,"08","Nou Barris","48","la Guineueta","057","Combustió Interna-Gasolina",318
2025,"08","Nou Barris","48","la Guineueta","057","Combustió Interna-Gasoil",183
2025,"08","Nou Barris","48","la Guineueta","057","Elèctrica",5
2025,"08","Nou Barris","48","la Guineueta","057","Híbrid",41
2025,"08","Nou Barris","48","la Guineueta","057","Altres",13
2025,"08","Nou Barris","48","la Guineueta","057","No consta",2
2025,"08","Nou Barris","48","la Guineueta","058","Combustió Interna-Gasolina",404
2025,"08","Nou Barris","48","la Guineueta","058","Combustió Interna-Gasoil",196
2025,"08","Nou Barris","48","la Guineueta","058","Elèctrica",5
2025,"08","Nou Barris","48","la Guineueta","058","Híbrid",48
2025,"08","Nou Barris","48","la Guineueta","058","Altres",11
2025,"08","Nou Barris","48","la Guineueta","058","No consta",3
2025,"08","Nou Barris","48","la Guineueta","059","Combustió Interna-Gasolina",301
2025,"08","Nou Barris","48","la Guineueta","059","Combustió Interna-Gasoil",127
2025,"08","Nou Barris","48","la Guineueta","059","Elèctrica",3
2025,"08","Nou Barris","48","la Guineueta","059","Híbrid",23
2025,"08","Nou Barris","48","la Guineueta","059","Altres",5
2025,"08","Nou Barris","48","la Guineueta","215","Combustió Interna-Gasolina",387
2025,"08","Nou Barris","48","la Guineueta","215","Combustió Interna-Gasoil",139
2025,"08","Nou Barris","48","la Guineueta","215","Elèctrica",3
2025,"08","Nou Barris","48","la Guineueta","215","Híbrid",43
2025,"08","Nou Barris","48","la Guineueta","215","Altres",12
2025,"08","Nou Barris","49","Canyelles","060","Combustió Interna-Gasolina",394
2025,"08","Nou Barris","49","Canyelles","060","Combustió Interna-Gasoil",228
2025,"08","Nou Barris","49","Canyelles","060","Elèctrica",2
2025,"08","Nou Barris","49","Canyelles","060","Híbrid",43
2025,"08","Nou Barris","49","Canyelles","060","Altres",10
2025,"08","Nou Barris","49","Canyelles","061","Combustió Interna-Gasolina",543
2025,"08","Nou Barris","49","Canyelles","061","Combustió Interna-Gasoil",259
2025,"08","Nou Barris","49","Canyelles","061","Elèctrica",4
2025,"08","Nou Barris","49","Canyelles","061","Híbrid",46
2025,"08","Nou Barris","49","Canyelles","061","Altres",15
2025,"08","Nou Barris","49","Canyelles","061","No consta",1
2025,"08","Nou Barris","49","Canyelles","062","Combustió Interna-Gasolina",395
2025,"08","Nou Barris","49","Canyelles","062","Combustió Interna-Gasoil",199
2025,"08","Nou Barris","49","Canyelles","062","Elèctrica",4
2025,"08","Nou Barris","49","Canyelles","062","Híbrid",43
2025,"08","Nou Barris","49","Canyelles","062","Altres",10
2025,"08","Nou Barris","49","Canyelles","063","Combustió Interna-Gasolina",347
2025,"08","Nou Barris","49","Canyelles","063","Combustió Interna-Gasoil",183
2025,"08","Nou Barris","49","Canyelles","063","Elèctrica",3
2025,"08","Nou Barris","49","Canyelles","063","Híbrid",42
2025,"08","Nou Barris","49","Canyelles","063","Altres",9
2025,"08","Nou Barris","49","Canyelles","063","No consta",1
2025,"08","Nou Barris","49","Canyelles","064","Combustió Interna-Gasolina",565
2025,"08","Nou Barris","49","Canyelles","064","Combustió Interna-Gasoil",262
2025,"08","Nou Barris","49","Canyelles","064","Elèctrica",3
2025,"08","Nou Barris","49","Canyelles","064","Híbrid",62
2025,"08","Nou Barris","49","Canyelles","064","Altres",28
2025,"08","Nou Barris","49","Canyelles","064","No consta",1
2025,"08","Nou Barris","50","les Roquetes","065","Combustió Interna-Gasolina",510
2025,"08","Nou Barris","50","les Roquetes","065","Combustió Interna-Gasoil",241
2025,"08","Nou Barris","50","les Roquetes","065","Elèctrica",10
2025,"08","Nou Barris","50","les Roquetes","065","Híbrid",33
2025,"08","Nou Barris","50","les Roquetes","065","Altres",11
2025,"08","Nou Barris","50","les Roquetes","065","No consta",2
2025,"08","Nou Barris","50","les Roquetes","066","Combustió Interna-Gasolina",431
2025,"08","Nou Barris","50","les Roquetes","066","Combustió Interna-Gasoil",272
2025,"08","Nou Barris","50","les Roquetes","066","Elèctrica",3
2025,"08","Nou Barris","50","les Roquetes","066","Híbrid",24
2025,"08","Nou Barris","50","les Roquetes","066","Altres",10
2025,"08","Nou Barris","50","les Roquetes","067","Combustió Interna-Gasolina",489
2025,"08","Nou Barris","50","les Roquetes","067","Combustió Interna-Gasoil",253
2025,"08","Nou Barris","50","les Roquetes","067","Elèctrica",7
2025,"08","Nou Barris","50","les Roquetes","067","Híbrid",42
2025,"08","Nou Barris","50","les Roquetes","067","Altres",17
2025,"08","Nou Barris","50","les Roquetes","068","Combustió Interna-Gasolina",418
2025,"08","Nou Barris","50","les Roquetes","068","Combustió Interna-Gasoil",231
2025,"08","Nou Barris","50","les Roquetes","068","Elèctrica",12
2025,"08","Nou Barris","50","les Roquetes","068","Híbrid",33
2025,"08","Nou Barris","50","les Roquetes","068","Altres",10
2025,"08","Nou Barris","50","les Roquetes","068","No consta",3
2025,"08","Nou Barris","50","les Roquetes","069","Combustió Interna-Gasolina",351
2025,"08","Nou Barris","50","les Roquetes","069","Combustió Interna-Gasoil",222
2025,"08","Nou Barris","50","les Roquetes","069","Elèctrica",4
2025,"08","Nou Barris","50","les Roquetes","069","Híbrid",30
2025,"08","Nou Barris","50","les Roquetes","069","Altres",15
2025,"08","Nou Barris","50","les Roquetes","069","No consta",2
2025,"08","Nou Barris","50","les Roquetes","070","Combustió Interna-Gasolina",355
2025,"08","Nou Barris","50","les Roquetes","070","Combustió Interna-Gasoil",214
2025,"08","Nou Barris","50","les Roquetes","070","Elèctrica",3
2025,"08","Nou Barris","50","les Roquetes","070","Híbrid",27
2025,"08","Nou Barris","50","les Roquetes","070","Altres",10
2025,"08","Nou Barris","50","les Roquetes","071","Combustió Interna-Gasolina",414
2025,"08","Nou Barris","50","les Roquetes","071","Combustió Interna-Gasoil",289
2025,"08","Nou Barris","50","les Roquetes","071","Elèctrica",5
2025,"08","Nou Barris","50","les Roquetes","071","Híbrid",38
2025,"08","Nou Barris","50","les Roquetes","071","Altres",29
2025,"08","Nou Barris","50","les Roquetes","071","No consta",1
2025,"08","Nou Barris","50","les Roquetes","072","Combustió Interna-Gasolina",310
2025,"08","Nou Barris","50","les Roquetes","072","Combustió Interna-Gasoil",181
2025,"08","Nou Barris","50","les Roquetes","072","Elèctrica",4
2025,"08","Nou Barris","50","les Roquetes","072","Híbrid",37
2025,"08","Nou Barris","50","les Roquetes","072","Altres",8
2025,"08","Nou Barris","50","les Roquetes","073","Combustió Interna-Gasolina",399
2025,"08","Nou Barris","50","les Roquetes","073","Combustió Interna-Gasoil",254
2025,"08","Nou Barris","50","les Roquetes","073","Híbrid",21
2025,"08","Nou Barris","50","les Roquetes","073","Altres",12
2025,"08","Nou Barris","50","les Roquetes","074","Combustió Interna-Gasolina",355
2025,"08","Nou Barris","50","les Roquetes","074","Combustió Interna-Gasoil",228
2025,"08","Nou Barris","50","les Roquetes","074","Elèctrica",2
2025,"08","Nou Barris","50","les Roquetes","074","Híbrid",29
2025,"08","Nou Barris","50","les Roquetes","074","Altres",22
2025,"08","Nou Barris","51","Verdun","075","Combustió Interna-Gasolina",425
2025,"08","Nou Barris","51","Verdun","075","Combustió Interna-Gasoil",257
2025,"08","Nou Barris","51","Verdun","075","Elèctrica",2
2025,"08","Nou Barris","51","Verdun","075","Híbrid",49
2025,"08","Nou Barris","51","Verdun","075","Altres",23
2025,"08","Nou Barris","51","Verdun","075","No consta",1
2025,"08","Nou Barris","51","Verdun","076","Combustió Interna-Gasolina",374
2025,"08","Nou Barris","51","Verdun","076","Combustió Interna-Gasoil",218
2025,"08","Nou Barris","51","Verdun","076","Elèctrica",1
2025,"08","Nou Barris","51","Verdun","076","Híbrid",41
2025,"08","Nou Barris","51","Verdun","076","Altres",11
2025,"08","Nou Barris","51","Verdun","077","Combustió Interna-Gasolina",331
2025,"08","Nou Barris","51","Verdun","077","Combustió Interna-Gasoil",208
2025,"08","Nou Barris","51","Verdun","077","Elèctrica",6
2025,"08","Nou Barris","51","Verdun","077","Híbrid",30
2025,"08","Nou Barris","51","Verdun","077","Altres",11
2025,"08","Nou Barris","51","Verdun","078","Combustió Interna-Gasolina",348
2025,"08","Nou Barris","51","Verdun","078","Combustió Interna-Gasoil",161
2025,"08","Nou Barris","51","Verdun","078","Elèctrica",1
2025,"08","Nou Barris","51","Verdun","078","Híbrid",28
2025,"08","Nou Barris","51","Verdun","078","Altres",16
2025,"08","Nou Barris","51","Verdun","078","No consta",1
2025,"08","Nou Barris","51","Verdun","079","Combustió Interna-Gasolina",366
2025,"08","Nou Barris","51","Verdun","079","Combustió Interna-Gasoil",198
2025,"08","Nou Barris","51","Verdun","079","Elèctrica",2
2025,"08","Nou Barris","51","Verdun","079","Híbrid",40
2025,"08","Nou Barris","51","Verdun","079","Altres",12
2025,"08","Nou Barris","51","Verdun","079","No consta",1
2025,"08","Nou Barris","51","Verdun","080","Combustió Interna-Gasolina",422
2025,"08","Nou Barris","51","Verdun","080","Combustió Interna-Gasoil",150
2025,"08","Nou Barris","51","Verdun","080","Elèctrica",1
2025,"08","Nou Barris","51","Verdun","080","Híbrid",44
2025,"08","Nou Barris","51","Verdun","080","Altres",11
2025,"08","Nou Barris","51","Verdun","081","Combustió Interna-Gasolina",330
2025,"08","Nou Barris","51","Verdun","081","Combustió Interna-Gasoil",168
2025,"08","Nou Barris","51","Verdun","081","Elèctrica",6
2025,"08","Nou Barris","51","Verdun","081","Híbrid",37
2025,"08","Nou Barris","51","Verdun","081","Altres",13
2025,"08","Nou Barris","51","Verdun","082","Combustió Interna-Gasolina",397
2025,"08","Nou Barris","51","Verdun","082","Combustió Interna-Gasoil",218
2025,"08","Nou Barris","51","Verdun","082","Elèctrica",3
2025,"08","Nou Barris","51","Verdun","082","Híbrid",44
2025,"08","Nou Barris","51","Verdun","082","Altres",6
2025,"08","Nou Barris","52","la Prosperitat","083","Combustió Interna-Gasolina",305
2025,"08","Nou Barris","52","la Prosperitat","083","Combustió Interna-Gasoil",134
2025,"08","Nou Barris","52","la Prosperitat","083","Elèctrica",1
2025,"08","Nou Barris","52","la Prosperitat","083","Híbrid",30
2025,"08","Nou Barris","52","la Prosperitat","083","Altres",41
2025,"08","Nou Barris","52","la Prosperitat","084","Combustió Interna-Gasolina",301
2025,"08","Nou Barris","52","la Prosperitat","084","Combustió Interna-Gasoil",145
2025,"08","Nou Barris","52","la Prosperitat","084","Elèctrica",2
2025,"08","Nou Barris","52","la Prosperitat","084","Híbrid",27
2025,"08","Nou Barris","52","la Prosperitat","084","Altres",7
2025,"08","Nou Barris","52","la Prosperitat","084","No consta",2
2025,"08","Nou Barris","52","la Prosperitat","085","Combustió Interna-Gasolina",398
2025,"08","Nou Barris","52","la Prosperitat","085","Combustió Interna-Gasoil",208
2025,"08","Nou Barris","52","la Prosperitat","085","Elèctrica",4
2025,"08","Nou Barris","52","la Prosperitat","085","Híbrid",46
2025,"08","Nou Barris","52","la Prosperitat","085","Altres",11
2025,"08","Nou Barris","52","la Prosperitat","086","Combustió Interna-Gasolina",442
2025,"08","Nou Barris","52","la Prosperitat","086","Combustió Interna-Gasoil",193
2025,"08","Nou Barris","52","la Prosperitat","086","Elèctrica",5
2025,"08","Nou Barris","52","la Prosperitat","086","Híbrid",43
2025,"08","Nou Barris","52","la Prosperitat","086","Altres",15
2025,"08","Nou Barris","52","la Prosperitat","086","No consta",1
2025,"08","Nou Barris","52","la Prosperitat","087","Combustió Interna-Gasolina",285
2025,"08","Nou Barris","52","la Prosperitat","087","Combustió Interna-Gasoil",151
2025,"08","Nou Barris","52","la Prosperitat","087","Elèctrica",4
2025,"08","Nou Barris","52","la Prosperitat","087","Híbrid",43
2025,"08","Nou Barris","52","la Prosperitat","087","Altres",10
2025,"08","Nou Barris","52","la Prosperitat","088","Combustió Interna-Gasolina",306
2025,"08","Nou Barris","52","la Prosperitat","088","Combustió Interna-Gasoil",148
2025,"08","Nou Barris","52","la Prosperitat","088","Elèctrica",5
2025,"08","Nou Barris","52","la Prosperitat","088","Híbrid",32
2025,"08","Nou Barris","52","la Prosperitat","088","Altres",9
2025,"08","Nou Barris","52","la Prosperitat","089","Combustió Interna-Gasolina",300
2025,"08","Nou Barris","52","la Prosperitat","089","Combustió Interna-Gasoil",152
2025,"08","Nou Barris","52","la Prosperitat","089","Elèctrica",2
2025,"08","Nou Barris","52","la Prosperitat","089","Híbrid",26
2025,"08","Nou Barris","52","la Prosperitat","089","Altres",10
2025,"08","Nou Barris","52","la Prosperitat","090","Combustió Interna-Gasolina",354
2025,"08","Nou Barris","52","la Prosperitat","090","Combustió Interna-Gasoil",170
2025,"08","Nou Barris","52","la Prosperitat","090","Elèctrica",6
2025,"08","Nou Barris","52","la Prosperitat","090","Híbrid",31
2025,"08","Nou Barris","52","la Prosperitat","090","Altres",15
2025,"08","Nou Barris","52","la Prosperitat","090","No consta",1
2025,"08","Nou Barris","52","la Prosperitat","091","Combustió Interna-Gasolina",359
2025,"08","Nou Barris","52","la Prosperitat","091","Combustió Interna-Gasoil",158
2025,"08","Nou Barris","52","la Prosperitat","091","Elèctrica",2
2025,"08","Nou Barris","52","la Prosperitat","091","Híbrid",38
2025,"08","Nou Barris","52","la Prosperitat","091","Altres",9
2025,"08","Nou Barris","52","la Prosperitat","092","Combustió Interna-Gasolina",271
2025,"08","Nou Barris","52","la Prosperitat","092","Combustió Interna-Gasoil",156
2025,"08","Nou Barris","52","la Prosperitat","092","Híbrid",36
2025,"08","Nou Barris","52","la Prosperitat","092","Altres",4
2025,"08","Nou Barris","52","la Prosperitat","092","No consta",2
2025,"08","Nou Barris","52","la Prosperitat","093","Combustió Interna-Gasolina",306
2025,"08","Nou Barris","52","la Prosperitat","093","Combustió Interna-Gasoil",143
2025,"08","Nou Barris","52","la Prosperitat","093","Elèctrica",2
2025,"08","Nou Barris","52","la Prosperitat","093","Híbrid",35
2025,"08","Nou Barris","52","la Prosperitat","093","Altres",12
2025,"08","Nou Barris","52","la Prosperitat","094","Combustió Interna-Gasolina",349
2025,"08","Nou Barris","52","la Prosperitat","094","Combustió Interna-Gasoil",175
2025,"08","Nou Barris","52","la Prosperitat","094","Elèctrica",3
2025,"08","Nou Barris","52","la Prosperitat","094","Híbrid",36
2025,"08","Nou Barris","52","la Prosperitat","094","Altres",7
2025,"08","Nou Barris","52","la Prosperitat","095","Combustió Interna-Gasolina",305
2025,"08","Nou Barris","52","la Prosperitat","095","Combustió Interna-Gasoil",148
2025,"08","Nou Barris","52","la Prosperitat","095","Elèctrica",4
2025,"08","Nou Barris","52","la Prosperitat","095","Híbrid",38
2025,"08","Nou Barris","52","la Prosperitat","095","Altres",11
2025,"08","Nou Barris","52","la Prosperitat","096","Combustió Interna-Gasolina",481
2025,"08","Nou Barris","52","la Prosperitat","096","Combustió Interna-Gasoil",251
2025,"08","Nou Barris","52","la Prosperitat","096","Elèctrica",5
2025,"08","Nou Barris","52","la Prosperitat","096","Híbrid",50
2025,"08","Nou Barris","52","la Prosperitat","096","Altres",26
2025,"08","Nou Barris","52","la Prosperitat","097","Combustió Interna-Gasolina",363
2025,"08","Nou Barris","52","la Prosperitat","097","Combustió Interna-Gasoil",162
2025,"08","Nou Barris","52","la Prosperitat","097","Elèctrica",5
2025,"08","Nou Barris","52","la Prosperitat","097","Híbrid",46
2025,"08","Nou Barris","52","la Prosperitat","097","Altres",10
2025,"08","Nou Barris","52","la Prosperitat","098","Combustió Interna-Gasolina",331
2025,"08","Nou Barris","52","la Prosperitat","098","Combustió Interna-Gasoil",178
2025,"08","Nou Barris","52","la Prosperitat","098","Elèctrica",2
2025,"08","Nou Barris","52","la Prosperitat","098","Híbrid",31
2025,"08","Nou Barris","52","la Prosperitat","098","Altres",16
2025,"08","Nou Barris","52","la Prosperitat","098","No consta",1
2025,"08","Nou Barris","52","la Prosperitat","099","Combustió Interna-Gasolina",383
2025,"08","Nou Barris","52","la Prosperitat","099","Combustió Interna-Gasoil",176
2025,"08","Nou Barris","52","la Prosperitat","099","Elèctrica",3
2025,"08","Nou Barris","52","la Prosperitat","099","Híbrid",30
2025,"08","Nou Barris","52","la Prosperitat","099","Altres",7
2025,"08","Nou Barris","52","la Prosperitat","099","No consta",1
2025,"08","Nou Barris","52","la Prosperitat","100","Combustió Interna-Gasolina",311
2025,"08","Nou Barris","52","la Prosperitat","100","Combustió Interna-Gasoil",151
2025,"08","Nou Barris","52","la Prosperitat","100","Elèctrica",2
2025,"08","Nou Barris","52","la Prosperitat","100","Híbrid",38
2025,"08","Nou Barris","52","la Prosperitat","100","Altres",13
2025,"08","Nou Barris","52","la Prosperitat","101","Combustió Interna-Gasolina",381
2025,"08","Nou Barris","52","la Prosperitat","101","Combustió Interna-Gasoil",235
2025,"08","Nou Barris","52","la Prosperitat","101","Elèctrica",5
2025,"08","Nou Barris","52","la Prosperitat","101","Híbrid",49
2025,"08","Nou Barris","52","la Prosperitat","101","Altres",13
2025,"08","Nou Barris","52","la Prosperitat","102","Combustió Interna-Gasolina",315
2025,"08","Nou Barris","52","la Prosperitat","102","Combustió Interna-Gasoil",166
2025,"08","Nou Barris","52","la Prosperitat","102","Híbrid",21
2025,"08","Nou Barris","52","la Prosperitat","102","Altres",10
2025,"08","Nou Barris","53","la Trinitat Nova","103","Combustió Interna-Gasolina",373
2025,"08","Nou Barris","53","la Trinitat Nova","103","Combustió Interna-Gasoil",213
2025,"08","Nou Barris","53","la Trinitat Nova","103","Elèctrica",4
2025,"08","Nou Barris","53","la Trinitat Nova","103","Híbrid",21
2025,"08","Nou Barris","53","la Trinitat Nova","103","Altres",7
2025,"08","Nou Barris","53","la Trinitat Nova","104","Combustió Interna-Gasolina",282
2025,"08","Nou Barris","53","la Trinitat Nova","104","Combustió Interna-Gasoil",186
2025,"08","Nou Barris","53","la Trinitat Nova","104","Elèctrica",3
2025,"08","Nou Barris","53","la Trinitat Nova","104","Híbrid",19
2025,"08","Nou Barris","53","la Trinitat Nova","104","Altres",8
2025,"08","Nou Barris","53","la Trinitat Nova","104","No consta",2
2025,"08","Nou Barris","53","la Trinitat Nova","105","Combustió Interna-Gasolina",331
2025,"08","Nou Barris","53","la Trinitat Nova","105","Combustió Interna-Gasoil",191
2025,"08","Nou Barris","53","la Trinitat Nova","105","Elèctrica",6
2025,"08","Nou Barris","53","la Trinitat Nova","105","Híbrid",34
2025,"08","Nou Barris","53","la Trinitat Nova","105","Altres",7
2025,"08","Nou Barris","53","la Trinitat Nova","106","Combustió Interna-Gasolina",341
2025,"08","Nou Barris","53","la Trinitat Nova","106","Combustió Interna-Gasoil",172
2025,"08","Nou Barris","53","la Trinitat Nova","106","Elèctrica",3
2025,"08","Nou Barris","53","la Trinitat Nova","106","Híbrid",32
2025,"08","Nou Barris","53","la Trinitat Nova","106","Altres",13
2025,"08","Nou Barris","53","la Trinitat Nova","107","Combustió Interna-Gasolina",518
2025,"08","Nou Barris","53","la Trinitat Nova","107","Combustió Interna-Gasoil",278
2025,"08","Nou Barris","53","la Trinitat Nova","107","Elèctrica",1
2025,"08","Nou Barris","53","la Trinitat Nova","107","Híbrid",36
2025,"08","Nou Barris","53","la Trinitat Nova","107","Altres",15
2025,"08","Nou Barris","53","la Trinitat Nova","107","No consta",1
2025,"08","Nou Barris","54","Torre Baró","108","Combustió Interna-Gasolina",500
2025,"08","Nou Barris","54","Torre Baró","108","Combustió Interna-Gasoil",383
2025,"08","Nou Barris","54","Torre Baró","108","Elèctrica",14
2025,"08","Nou Barris","54","Torre Baró","108","Híbrid",44
2025,"08","Nou Barris","54","Torre Baró","108","Altres",30
2025,"08","Nou Barris","54","Torre Baró","109","Combustió Interna-Gasolina",391
2025,"08","Nou Barris","54","Torre Baró","109","Combustió Interna-Gasoil",197
2025,"08","Nou Barris","54","Torre Baró","109","Elèctrica",6
2025,"08","Nou Barris","54","Torre Baró","109","Híbrid",22
2025,"08","Nou Barris","54","Torre Baró","109","Altres",2
2025,"08","Nou Barris","54","Torre Baró","109","No consta",1
2025,"08","Nou Barris","55","Ciutat Meridiana","110","Combustió Interna-Gasolina",376
2025,"08","Nou Barris","55","Ciutat Meridiana","110","Combustió Interna-Gasoil",271
2025,"08","Nou Barris","55","Ciutat Meridiana","110","Elèctrica",2
2025,"08","Nou Barris","55","Ciutat Meridiana","110","Híbrid",34
2025,"08","Nou Barris","55","Ciutat Meridiana","110","Altres",10
2025,"08","Nou Barris","55","Ciutat Meridiana","110","No consta",1
2025,"08","Nou Barris","55","Ciutat Meridiana","111","Combustió Interna-Gasolina",338
2025,"08","Nou Barris","55","Ciutat Meridiana","111","Combustió Interna-Gasoil",195
2025,"08","Nou Barris","55","Ciutat Meridiana","111","Elèctrica",4
2025,"08","Nou Barris","55","Ciutat Meridiana","111","Híbrid",20
2025,"08","Nou Barris","55","Ciutat Meridiana","111","Altres",6
2025,"08","Nou Barris","55","Ciutat Meridiana","112","Combustió Interna-Gasolina",314
2025,"08","Nou Barris","55","Ciutat Meridiana","112","Combustió Interna-Gasoil",236
2025,"08","Nou Barris","55","Ciutat Meridiana","112","Elèctrica",1
2025,"08","Nou Barris","55","Ciutat Meridiana","112","Híbrid",25
2025,"08","Nou Barris","55","Ciutat Meridiana","112","Altres",14
2025,"08","Nou Barris","55","Ciutat Meridiana","113","Combustió Interna-Gasolina",371
2025,"08","Nou Barris","55","Ciutat Meridiana","113","Combustió Interna-Gasoil",220
2025,"08","Nou Barris","55","Ciutat Meridiana","113","Elèctrica",2
2025,"08","Nou Barris","55","Ciutat Meridiana","113","Híbrid",32
2025,"08","Nou Barris","55","Ciutat Meridiana","113","Altres",9
2025,"08","Nou Barris","55","Ciutat Meridiana","113","No consta",1
2025,"08","Nou Barris","55","Ciutat Meridiana","114","Combustió Interna-Gasolina",484
2025,"08","Nou Barris","55","Ciutat Meridiana","114","Combustió Interna-Gasoil",273
2025,"08","Nou Barris","55","Ciutat Meridiana","114","Elèctrica",5
2025,"08","Nou Barris","55","Ciutat Meridiana","114","Híbrid",43
2025,"08","Nou Barris","55","Ciutat Meridiana","114","Altres",12
2025,"08","Nou Barris","55","Ciutat Meridiana","114","No consta",1
2025,"08","Nou Barris","55","Ciutat Meridiana","115","Combustió Interna-Gasolina",329
2025,"08","Nou Barris","55","Ciutat Meridiana","115","Combustió Interna-Gasoil",217
2025,"08","Nou Barris","55","Ciutat Meridiana","115","Elèctrica",2
2025,"08","Nou Barris","55","Ciutat Meridiana","115","Híbrid",33
2025,"08","Nou Barris","55","Ciutat Meridiana","115","Altres",7
2025,"08","Nou Barris","56","Vallbona","116","Combustió Interna-Gasolina",423
2025,"08","Nou Barris","56","Vallbona","116","Combustió Interna-Gasoil",318
2025,"08","Nou Barris","56","Vallbona","116","Elèctrica",8
2025,"08","Nou Barris","56","Vallbona","116","Híbrid",32
2025,"08","Nou Barris","56","Vallbona","116","Altres",33
2025,"09","Sant Andreu","57","la Trinitat Vella","001","Combustió Interna-Gasolina",552
2025,"09","Sant Andreu","57","la Trinitat Vella","001","Combustió Interna-Gasoil",427
2025,"09","Sant Andreu","57","la Trinitat Vella","001","Elèctrica",35
2025,"09","Sant Andreu","57","la Trinitat Vella","001","Híbrid",57
2025,"09","Sant Andreu","57","la Trinitat Vella","001","Altres",11
2025,"09","Sant Andreu","57","la Trinitat Vella","001","No consta",1
2025,"09","Sant Andreu","57","la Trinitat Vella","002","Combustió Interna-Gasolina",495
2025,"09","Sant Andreu","57","la Trinitat Vella","002","Combustió Interna-Gasoil",311
2025,"09","Sant Andreu","57","la Trinitat Vella","002","Elèctrica",12
2025,"09","Sant Andreu","57","la Trinitat Vella","002","Híbrid",47
2025,"09","Sant Andreu","57","la Trinitat Vella","002","Altres",9
2025,"09","Sant Andreu","57","la Trinitat Vella","002","No consta",1
2025,"09","Sant Andreu","57","la Trinitat Vella","003","Combustió Interna-Gasolina",541
2025,"09","Sant Andreu","57","la Trinitat Vella","003","Combustió Interna-Gasoil",272
2025,"09","Sant Andreu","57","la Trinitat Vella","003","Elèctrica",7
2025,"09","Sant Andreu","57","la Trinitat Vella","003","Híbrid",50
2025,"09","Sant Andreu","57","la Trinitat Vella","003","Altres",14
2025,"09","Sant Andreu","57","la Trinitat Vella","004","Combustió Interna-Gasolina",401
2025,"09","Sant Andreu","57","la Trinitat Vella","004","Combustió Interna-Gasoil",222
2025,"09","Sant Andreu","57","la Trinitat Vella","004","Elèctrica",6
2025,"09","Sant Andreu","57","la Trinitat Vella","004","Híbrid",27
2025,"09","Sant Andreu","57","la Trinitat Vella","004","Altres",7
2025,"09","Sant Andreu","57","la Trinitat Vella","005","Combustió Interna-Gasolina",439
2025,"09","Sant Andreu","57","la Trinitat Vella","005","Combustió Interna-Gasoil",267
2025,"09","Sant Andreu","57","la Trinitat Vella","005","Elèctrica",6
2025,"09","Sant Andreu","57","la Trinitat Vella","005","Híbrid",63
2025,"09","Sant Andreu","57","la Trinitat Vella","005","Altres",11
2025,"09","Sant Andreu","58","Baró de Viver","006","Combustió Interna-Gasolina",337
2025,"09","Sant Andreu","58","Baró de Viver","006","Combustió Interna-Gasoil",156
2025,"09","Sant Andreu","58","Baró de Viver","006","Elèctrica",1
2025,"09","Sant Andreu","58","Baró de Viver","006","Híbrid",25
2025,"09","Sant Andreu","58","Baró de Viver","006","Altres",14
2025,"09","Sant Andreu","58","Baró de Viver","007","Combustió Interna-Gasolina",368
2025,"09","Sant Andreu","58","Baró de Viver","007","Combustió Interna-Gasoil",217
2025,"09","Sant Andreu","58","Baró de Viver","007","Híbrid",37
2025,"09","Sant Andreu","58","Baró de Viver","007","Altres",10
2025,"09","Sant Andreu","59","el Bon Pastor","008","Combustió Interna-Gasolina",578
2025,"09","Sant Andreu","59","el Bon Pastor","008","Combustió Interna-Gasoil",260
2025,"09","Sant Andreu","59","el Bon Pastor","008","Elèctrica",28
2025,"09","Sant Andreu","59","el Bon Pastor","008","Híbrid",140
2025,"09","Sant Andreu","59","el Bon Pastor","008","Altres",22
2025,"09","Sant Andreu","59","el Bon Pastor","008","No consta",1
2025,"09","Sant Andreu","59","el Bon Pastor","009","Combustió Interna-Gasolina",758
2025,"09","Sant Andreu","59","el Bon Pastor","009","Combustió Interna-Gasoil",689
2025,"09","Sant Andreu","59","el Bon Pastor","009","Elèctrica",137
2025,"09","Sant Andreu","59","el Bon Pastor","009","Híbrid",365
2025,"09","Sant Andreu","59","el Bon Pastor","009","Altres",55
2025,"09","Sant Andreu","59","el Bon Pastor","009","No consta",1
2025,"09","Sant Andreu","59","el Bon Pastor","010","Combustió Interna-Gasolina",474
2025,"09","Sant Andreu","59","el Bon Pastor","010","Combustió Interna-Gasoil",301
2025,"09","Sant Andreu","59","el Bon Pastor","010","Elèctrica",16
2025,"09","Sant Andreu","59","el Bon Pastor","010","Híbrid",58
2025,"09","Sant Andreu","59","el Bon Pastor","010","Altres",19
2025,"09","Sant Andreu","59","el Bon Pastor","010","No consta",1
2025,"09","Sant Andreu","59","el Bon Pastor","011","Combustió Interna-Gasolina",463
2025,"09","Sant Andreu","59","el Bon Pastor","011","Combustió Interna-Gasoil",273
2025,"09","Sant Andreu","59","el Bon Pastor","011","Elèctrica",3
2025,"09","Sant Andreu","59","el Bon Pastor","011","Híbrid",31
2025,"09","Sant Andreu","59","el Bon Pastor","011","Altres",6
2025,"09","Sant Andreu","59","el Bon Pastor","011","No consta",1
2025,"09","Sant Andreu","59","el Bon Pastor","013","Combustió Interna-Gasolina",466
2025,"09","Sant Andreu","59","el Bon Pastor","013","Combustió Interna-Gasoil",244
2025,"09","Sant Andreu","59","el Bon Pastor","013","Híbrid",50
2025,"09","Sant Andreu","59","el Bon Pastor","013","Altres",10
2025,"09","Sant Andreu","59","el Bon Pastor","014","Combustió Interna-Gasolina",420
2025,"09","Sant Andreu","59","el Bon Pastor","014","Combustió Interna-Gasoil",292
2025,"09","Sant Andreu","59","el Bon Pastor","014","Elèctrica",4
2025,"09","Sant Andreu","59","el Bon Pastor","014","Híbrid",44
2025,"09","Sant Andreu","59","el Bon Pastor","014","Altres",10
2025,"09","Sant Andreu","59","el Bon Pastor","014","No consta",1
2025,"09","Sant Andreu","59","el Bon Pastor","015","Combustió Interna-Gasolina",629
2025,"09","Sant Andreu","59","el Bon Pastor","015","Combustió Interna-Gasoil",828
2025,"09","Sant Andreu","59","el Bon Pastor","015","Elèctrica",591
2025,"09","Sant Andreu","59","el Bon Pastor","015","Híbrid",272
2025,"09","Sant Andreu","59","el Bon Pastor","015","Altres",352
2025,"09","Sant Andreu","60","Sant Andreu","016","Combustió Interna-Gasolina",385
2025,"09","Sant Andreu","60","Sant Andreu","016","Combustió Interna-Gasoil",147
2025,"09","Sant Andreu","60","Sant Andreu","016","Elèctrica",3
2025,"09","Sant Andreu","60","Sant Andreu","016","Híbrid",59
2025,"09","Sant Andreu","60","Sant Andreu","016","Altres",13
2025,"09","Sant Andreu","60","Sant Andreu","017","Combustió Interna-Gasolina",454
2025,"09","Sant Andreu","60","Sant Andreu","017","Combustió Interna-Gasoil",171
2025,"09","Sant Andreu","60","Sant Andreu","017","Elèctrica",8
2025,"09","Sant Andreu","60","Sant Andreu","017","Híbrid",56
2025,"09","Sant Andreu","60","Sant Andreu","017","Altres",14
2025,"09","Sant Andreu","60","Sant Andreu","017","No consta",1
2025,"09","Sant Andreu","60","Sant Andreu","018","Combustió Interna-Gasolina",447
2025,"09","Sant Andreu","60","Sant Andreu","018","Combustió Interna-Gasoil",150
2025,"09","Sant Andreu","60","Sant Andreu","018","Elèctrica",7
2025,"09","Sant Andreu","60","Sant Andreu","018","Híbrid",51
2025,"09","Sant Andreu","60","Sant Andreu","018","Altres",13
2025,"09","Sant Andreu","60","Sant Andreu","019","Combustió Interna-Gasolina",835
2025,"09","Sant Andreu","60","Sant Andreu","019","Combustió Interna-Gasoil",347
2025,"09","Sant Andreu","60","Sant Andreu","019","Elèctrica",10
2025,"09","Sant Andreu","60","Sant Andreu","019","Híbrid",128
2025,"09","Sant Andreu","60","Sant Andreu","019","Altres",19
2025,"09","Sant Andreu","60","Sant Andreu","019","No consta",1
2025,"09","Sant Andreu","60","Sant Andreu","020","Combustió Interna-Gasolina",271
2025,"09","Sant Andreu","60","Sant Andreu","020","Combustió Interna-Gasoil",135
2025,"09","Sant Andreu","60","Sant Andreu","020","Elèctrica",1
2025,"09","Sant Andreu","60","Sant Andreu","020","Híbrid",40
2025,"09","Sant Andreu","60","Sant Andreu","020","Altres",10
2025,"09","Sant Andreu","60","Sant Andreu","021","Combustió Interna-Gasolina",438
2025,"09","Sant Andreu","60","Sant Andreu","021","Combustió Interna-Gasoil",216
2025,"09","Sant Andreu","60","Sant Andreu","021","Elèctrica",13
2025,"09","Sant Andreu","60","Sant Andreu","021","Híbrid",66
2025,"09","Sant Andreu","60","Sant Andreu","021","Altres",8
2025,"09","Sant Andreu","60","Sant Andreu","022","Combustió Interna-Gasolina",341
2025,"09","Sant Andreu","60","Sant Andreu","022","Combustió Interna-Gasoil",155
2025,"09","Sant Andreu","60","Sant Andreu","022","Elèctrica",7
2025,"09","Sant Andreu","60","Sant Andreu","022","Híbrid",55
2025,"09","Sant Andreu","60","Sant Andreu","022","Altres",6
2025,"09","Sant Andreu","60","Sant Andreu","023","Combustió Interna-Gasolina",379
2025,"09","Sant Andreu","60","Sant Andreu","023","Combustió Interna-Gasoil",128
2025,"09","Sant Andreu","60","Sant Andreu","023","Elèctrica",6
2025,"09","Sant Andreu","60","Sant Andreu","023","Híbrid",43
2025,"09","Sant Andreu","60","Sant Andreu","023","Altres",6
2025,"09","Sant Andreu","60","Sant Andreu","023","No consta",1
2025,"09","Sant Andreu","60","Sant Andreu","024","Combustió Interna-Gasolina",322
2025,"09","Sant Andreu","60","Sant Andreu","024","Combustió Interna-Gasoil",145
2025,"09","Sant Andreu","60","Sant Andreu","024","Elèctrica",5
2025,"09","Sant Andreu","60","Sant Andreu","024","Híbrid",56
2025,"09","Sant Andreu","60","Sant Andreu","024","Altres",11
2025,"09","Sant Andreu","60","Sant Andreu","025","Combustió Interna-Gasolina",351
2025,"09","Sant Andreu","60","Sant Andreu","025","Combustió Interna-Gasoil",177
2025,"09","Sant Andreu","60","Sant Andreu","025","Elèctrica",4
2025,"09","Sant Andreu","60","Sant Andreu","025","Híbrid",50
2025,"09","Sant Andreu","60","Sant Andreu","025","Altres",14
2025,"09","Sant Andreu","60","Sant Andreu","026","Combustió Interna-Gasolina",413
2025,"09","Sant Andreu","60","Sant Andreu","026","Combustió Interna-Gasoil",182
2025,"09","Sant Andreu","60","Sant Andreu","026","Elèctrica",3
2025,"09","Sant Andreu","60","Sant Andreu","026","Híbrid",64
2025,"09","Sant Andreu","60","Sant Andreu","026","Altres",10
2025,"09","Sant Andreu","60","Sant Andreu","027","Combustió Interna-Gasolina",442
2025,"09","Sant Andreu","60","Sant Andreu","027","Combustió Interna-Gasoil",180
2025,"09","Sant Andreu","60","Sant Andreu","027","Elèctrica",11
2025,"09","Sant Andreu","60","Sant Andreu","027","Híbrid",55
2025,"09","Sant Andreu","60","Sant Andreu","027","Altres",7
2025,"09","Sant Andreu","60","Sant Andreu","028","Combustió Interna-Gasolina",423
2025,"09","Sant Andreu","60","Sant Andreu","028","Combustió Interna-Gasoil",253
2025,"09","Sant Andreu","60","Sant Andreu","028","Elèctrica",10
2025,"09","Sant Andreu","60","Sant Andreu","028","Híbrid",97
2025,"09","Sant Andreu","60","Sant Andreu","028","Altres",13
2025,"09","Sant Andreu","60","Sant Andreu","029","Combustió Interna-Gasolina",295
2025,"09","Sant Andreu","60","Sant Andreu","029","Combustió Interna-Gasoil",123
2025,"09","Sant Andreu","60","Sant Andreu","029","Elèctrica",1
2025,"09","Sant Andreu","60","Sant Andreu","029","Híbrid",47
2025,"09","Sant Andreu","60","Sant Andreu","029","Altres",6
2025,"09","Sant Andreu","60","Sant Andreu","030","Combustió Interna-Gasolina",438
2025,"09","Sant Andreu","60","Sant Andreu","030","Combustió Interna-Gasoil",179
2025,"09","Sant Andreu","60","Sant Andreu","030","Elèctrica",11
2025,"09","Sant Andreu","60","Sant Andreu","030","Híbrid",66
2025,"09","Sant Andreu","60","Sant Andreu","030","Altres",11
2025,"09","Sant Andreu","60","Sant Andreu","031","Combustió Interna-Gasolina",325
2025,"09","Sant Andreu","60","Sant Andreu","031","Combustió Interna-Gasoil",178
2025,"09","Sant Andreu","60","Sant Andreu","031","Elèctrica",20
2025,"09","Sant Andreu","60","Sant Andreu","031","Híbrid",69
2025,"09","Sant Andreu","60","Sant Andreu","031","Altres",6
2025,"09","Sant Andreu","60","Sant Andreu","031","No consta",2
2025,"09","Sant Andreu","60","Sant Andreu","032","Combustió Interna-Gasolina",520
2025,"09","Sant Andreu","60","Sant Andreu","032","Combustió Interna-Gasoil",236
2025,"09","Sant Andreu","60","Sant Andreu","032","Elèctrica",11
2025,"09","Sant Andreu","60","Sant Andreu","032","Híbrid",89
2025,"09","Sant Andreu","60","Sant Andreu","032","Altres",16
2025,"09","Sant Andreu","60","Sant Andreu","033","Combustió Interna-Gasolina",967
2025,"09","Sant Andreu","60","Sant Andreu","033","Combustió Interna-Gasoil",423
2025,"09","Sant Andreu","60","Sant Andreu","033","Elèctrica",18
2025,"09","Sant Andreu","60","Sant Andreu","033","Híbrid",118
2025,"09","Sant Andreu","60","Sant Andreu","033","Altres",27
2025,"09","Sant Andreu","60","Sant Andreu","034","Combustió Interna-Gasolina",367
2025,"09","Sant Andreu","60","Sant Andreu","034","Combustió Interna-Gasoil",168
2025,"09","Sant Andreu","60","Sant Andreu","034","Elèctrica",1
2025,"09","Sant Andreu","60","Sant Andreu","034","Híbrid",46
2025,"09","Sant Andreu","60","Sant Andreu","034","Altres",5
2025,"09","Sant Andreu","60","Sant Andreu","034","No consta",2
2025,"09","Sant Andreu","60","Sant Andreu","035","Combustió Interna-Gasolina",423
2025,"09","Sant Andreu","60","Sant Andreu","035","Combustió Interna-Gasoil",185
2025,"09","Sant Andreu","60","Sant Andreu","035","Elèctrica",6
2025,"09","Sant Andreu","60","Sant Andreu","035","Híbrid",62
2025,"09","Sant Andreu","60","Sant Andreu","035","Altres",9
2025,"09","Sant Andreu","60","Sant Andreu","036","Combustió Interna-Gasolina",395
2025,"09","Sant Andreu","60","Sant Andreu","036","Combustió Interna-Gasoil",164
2025,"09","Sant Andreu","60","Sant Andreu","036","Elèctrica",3
2025,"09","Sant Andreu","60","Sant Andreu","036","Híbrid",69
2025,"09","Sant Andreu","60","Sant Andreu","036","Altres",10
2025,"09","Sant Andreu","60","Sant Andreu","037","Combustió Interna-Gasolina",387
2025,"09","Sant Andreu","60","Sant Andreu","037","Combustió Interna-Gasoil",224
2025,"09","Sant Andreu","60","Sant Andreu","037","Elèctrica",4
2025,"09","Sant Andreu","60","Sant Andreu","037","Híbrid",40
2025,"09","Sant Andreu","60","Sant Andreu","037","Altres",5
2025,"09","Sant Andreu","60","Sant Andreu","038","Combustió Interna-Gasolina",500
2025,"09","Sant Andreu","60","Sant Andreu","038","Combustió Interna-Gasoil",201
2025,"09","Sant Andreu","60","Sant Andreu","038","Elèctrica",10
2025,"09","Sant Andreu","60","Sant Andreu","038","Híbrid",65
2025,"09","Sant Andreu","60","Sant Andreu","038","Altres",10
2025,"09","Sant Andreu","60","Sant Andreu","039","Combustió Interna-Gasolina",440
2025,"09","Sant Andreu","60","Sant Andreu","039","Combustió Interna-Gasoil",192
2025,"09","Sant Andreu","60","Sant Andreu","039","Elèctrica",10
2025,"09","Sant Andreu","60","Sant Andreu","039","Híbrid",74
2025,"09","Sant Andreu","60","Sant Andreu","039","Altres",14
2025,"09","Sant Andreu","60","Sant Andreu","039","No consta",1
2025,"09","Sant Andreu","60","Sant Andreu","040","Combustió Interna-Gasolina",470
2025,"09","Sant Andreu","60","Sant Andreu","040","Combustió Interna-Gasoil",178
2025,"09","Sant Andreu","60","Sant Andreu","040","Elèctrica",8
2025,"09","Sant Andreu","60","Sant Andreu","040","Híbrid",55
2025,"09","Sant Andreu","60","Sant Andreu","040","Altres",6
2025,"09","Sant Andreu","60","Sant Andreu","041","Combustió Interna-Gasolina",430
2025,"09","Sant Andreu","60","Sant Andreu","041","Combustió Interna-Gasoil",173
2025,"09","Sant Andreu","60","Sant Andreu","041","Elèctrica",4
2025,"09","Sant Andreu","60","Sant Andreu","041","Híbrid",42
2025,"09","Sant Andreu","60","Sant Andreu","041","Altres",9
2025,"09","Sant Andreu","60","Sant Andreu","042","Combustió Interna-Gasolina",353
2025,"09","Sant Andreu","60","Sant Andreu","042","Combustió Interna-Gasoil",154
2025,"09","Sant Andreu","60","Sant Andreu","042","Elèctrica",7
2025,"09","Sant Andreu","60","Sant Andreu","042","Híbrid",55
2025,"09","Sant Andreu","60","Sant Andreu","042","Altres",8
2025,"09","Sant Andreu","60","Sant Andreu","043","Combustió Interna-Gasolina",389
2025,"09","Sant Andreu","60","Sant Andreu","043","Combustió Interna-Gasoil",178
2025,"09","Sant Andreu","60","Sant Andreu","043","Elèctrica",9
2025,"09","Sant Andreu","60","Sant Andreu","043","Híbrid",42
2025,"09","Sant Andreu","60","Sant Andreu","043","Altres",8
2025,"09","Sant Andreu","60","Sant Andreu","044","Combustió Interna-Gasolina",459
2025,"09","Sant Andreu","60","Sant Andreu","044","Combustió Interna-Gasoil",199
2025,"09","Sant Andreu","60","Sant Andreu","044","Elèctrica",5
2025,"09","Sant Andreu","60","Sant Andreu","044","Híbrid",156
2025,"09","Sant Andreu","60","Sant Andreu","044","Altres",34
2025,"09","Sant Andreu","60","Sant Andreu","045","Combustió Interna-Gasolina",401
2025,"09","Sant Andreu","60","Sant Andreu","045","Combustió Interna-Gasoil",149
2025,"09","Sant Andreu","60","Sant Andreu","045","Elèctrica",3
2025,"09","Sant Andreu","60","Sant Andreu","045","Híbrid",60
2025,"09","Sant Andreu","60","Sant Andreu","045","Altres",9
2025,"09","Sant Andreu","60","Sant Andreu","046","Combustió Interna-Gasolina",393
2025,"09","Sant Andreu","60","Sant Andreu","046","Combustió Interna-Gasoil",183
2025,"09","Sant Andreu","60","Sant Andreu","046","Elèctrica",5
2025,"09","Sant Andreu","60","Sant Andreu","046","Híbrid",48
2025,"09","Sant Andreu","60","Sant Andreu","046","Altres",11
2025,"09","Sant Andreu","60","Sant Andreu","047","Combustió Interna-Gasolina",450
2025,"09","Sant Andreu","60","Sant Andreu","047","Combustió Interna-Gasoil",160
2025,"09","Sant Andreu","60","Sant Andreu","047","Elèctrica",5
2025,"09","Sant Andreu","60","Sant Andreu","047","Híbrid",45
2025,"09","Sant Andreu","60","Sant Andreu","047","Altres",10
2025,"09","Sant Andreu","60","Sant Andreu","048","Combustió Interna-Gasolina",362
2025,"09","Sant Andreu","60","Sant Andreu","048","Combustió Interna-Gasoil",145
2025,"09","Sant Andreu","60","Sant Andreu","048","Elèctrica",4
2025,"09","Sant Andreu","60","Sant Andreu","048","Híbrid",51
2025,"09","Sant Andreu","60","Sant Andreu","048","Altres",7
2025,"09","Sant Andreu","60","Sant Andreu","048","No consta",2
2025,"09","Sant Andreu","60","Sant Andreu","049","Combustió Interna-Gasolina",332
2025,"09","Sant Andreu","60","Sant Andreu","049","Combustió Interna-Gasoil",134
2025,"09","Sant Andreu","60","Sant Andreu","049","Elèctrica",7
2025,"09","Sant Andreu","60","Sant Andreu","049","Híbrid",54
2025,"09","Sant Andreu","60","Sant Andreu","049","Altres",10
2025,"09","Sant Andreu","60","Sant Andreu","050","Combustió Interna-Gasolina",420
2025,"09","Sant Andreu","60","Sant Andreu","050","Combustió Interna-Gasoil",193
2025,"09","Sant Andreu","60","Sant Andreu","050","Elèctrica",4
2025,"09","Sant Andreu","60","Sant Andreu","050","Híbrid",59
2025,"09","Sant Andreu","60","Sant Andreu","050","Altres",5
2025,"09","Sant Andreu","60","Sant Andreu","050","No consta",1
2025,"09","Sant Andreu","60","Sant Andreu","051","Combustió Interna-Gasolina",382
2025,"09","Sant Andreu","60","Sant Andreu","051","Combustió Interna-Gasoil",166
2025,"09","Sant Andreu","60","Sant Andreu","051","Elèctrica",11
2025,"09","Sant Andreu","60","Sant Andreu","051","Híbrid",49
2025,"09","Sant Andreu","60","Sant Andreu","051","Altres",11
2025,"09","Sant Andreu","60","Sant Andreu","052","Combustió Interna-Gasolina",342
2025,"09","Sant Andreu","60","Sant Andreu","052","Combustió Interna-Gasoil",132
2025,"09","Sant Andreu","60","Sant Andreu","052","Elèctrica",5
2025,"09","Sant Andreu","60","Sant Andreu","052","Híbrid",35
2025,"09","Sant Andreu","60","Sant Andreu","052","Altres",7
2025,"09","Sant Andreu","60","Sant Andreu","053","Combustió Interna-Gasolina",436
2025,"09","Sant Andreu","60","Sant Andreu","053","Combustió Interna-Gasoil",197
2025,"09","Sant Andreu","60","Sant Andreu","053","Elèctrica",9
2025,"09","Sant Andreu","60","Sant Andreu","053","Híbrid",56
2025,"09","Sant Andreu","60","Sant Andreu","053","Altres",6
2025,"09","Sant Andreu","60","Sant Andreu","053","No consta",1
2025,"09","Sant Andreu","60","Sant Andreu","054","Combustió Interna-Gasolina",282
2025,"09","Sant Andreu","60","Sant Andreu","054","Combustió Interna-Gasoil",107
2025,"09","Sant Andreu","60","Sant Andreu","054","Elèctrica",4
2025,"09","Sant Andreu","60","Sant Andreu","054","Híbrid",43
2025,"09","Sant Andreu","60","Sant Andreu","054","Altres",4
2025,"09","Sant Andreu","61","la Sagrera","055","Combustió Interna-Gasolina",461
2025,"09","Sant Andreu","61","la Sagrera","055","Combustió Interna-Gasoil",209
2025,"09","Sant Andreu","61","la Sagrera","055","Elèctrica",12
2025,"09","Sant Andreu","61","la Sagrera","055","Híbrid",58
2025,"09","Sant Andreu","61","la Sagrera","055","Altres",12
2025,"09","Sant Andreu","61","la Sagrera","056","Combustió Interna-Gasolina",323
2025,"09","Sant Andreu","61","la Sagrera","056","Combustió Interna-Gasoil",147
2025,"09","Sant Andreu","61","la Sagrera","056","Elèctrica",2
2025,"09","Sant Andreu","61","la Sagrera","056","Híbrid",41
2025,"09","Sant Andreu","61","la Sagrera","056","Altres",6
2025,"09","Sant Andreu","61","la Sagrera","056","No consta",1
2025,"09","Sant Andreu","61","la Sagrera","057","Combustió Interna-Gasolina",448
2025,"09","Sant Andreu","61","la Sagrera","057","Combustió Interna-Gasoil",169
2025,"09","Sant Andreu","61","la Sagrera","057","Elèctrica",7
2025,"09","Sant Andreu","61","la Sagrera","057","Híbrid",56
2025,"09","Sant Andreu","61","la Sagrera","057","Altres",12
2025,"09","Sant Andreu","61","la Sagrera","058","Combustió Interna-Gasolina",429
2025,"09","Sant Andreu","61","la Sagrera","058","Combustió Interna-Gasoil",175
2025,"09","Sant Andreu","61","la Sagrera","058","Elèctrica",6
2025,"09","Sant Andreu","61","la Sagrera","058","Híbrid",56
2025,"09","Sant Andreu","61","la Sagrera","058","Altres",16
2025,"09","Sant Andreu","61","la Sagrera","059","Combustió Interna-Gasolina",354
2025,"09","Sant Andreu","61","la Sagrera","059","Combustió Interna-Gasoil",171
2025,"09","Sant Andreu","61","la Sagrera","059","Elèctrica",6
2025,"09","Sant Andreu","61","la Sagrera","059","Híbrid",62
2025,"09","Sant Andreu","61","la Sagrera","059","Altres",10
2025,"09","Sant Andreu","61","la Sagrera","060","Combustió Interna-Gasolina",357
2025,"09","Sant Andreu","61","la Sagrera","060","Combustió Interna-Gasoil",156
2025,"09","Sant Andreu","61","la Sagrera","060","Elèctrica",2
2025,"09","Sant Andreu","61","la Sagrera","060","Híbrid",48
2025,"09","Sant Andreu","61","la Sagrera","060","Altres",11
2025,"09","Sant Andreu","61","la Sagrera","061","Combustió Interna-Gasolina",529
2025,"09","Sant Andreu","61","la Sagrera","061","Combustió Interna-Gasoil",229
2025,"09","Sant Andreu","61","la Sagrera","061","Elèctrica",4
2025,"09","Sant Andreu","61","la Sagrera","061","Híbrid",81
2025,"09","Sant Andreu","61","la Sagrera","061","Altres",27
2025,"09","Sant Andreu","61","la Sagrera","062","Combustió Interna-Gasolina",365
2025,"09","Sant Andreu","61","la Sagrera","062","Combustió Interna-Gasoil",142
2025,"09","Sant Andreu","61","la Sagrera","062","Elèctrica",11
2025,"09","Sant Andreu","61","la Sagrera","062","Híbrid",60
2025,"09","Sant Andreu","61","la Sagrera","062","Altres",4
2025,"09","Sant Andreu","61","la Sagrera","063","Combustió Interna-Gasolina",401
2025,"09","Sant Andreu","61","la Sagrera","063","Combustió Interna-Gasoil",165
2025,"09","Sant Andreu","61","la Sagrera","063","Elèctrica",6
2025,"09","Sant Andreu","61","la Sagrera","063","Híbrid",53
2025,"09","Sant Andreu","61","la Sagrera","063","Altres",2
2025,"09","Sant Andreu","61","la Sagrera","064","Combustió Interna-Gasolina",402
2025,"09","Sant Andreu","61","la Sagrera","064","Combustió Interna-Gasoil",198
2025,"09","Sant Andreu","61","la Sagrera","064","Elèctrica",7
2025,"09","Sant Andreu","61","la Sagrera","064","Híbrid",51
2025,"09","Sant Andreu","61","la Sagrera","064","Altres",15
2025,"09","Sant Andreu","61","la Sagrera","065","Combustió Interna-Gasolina",515
2025,"09","Sant Andreu","61","la Sagrera","065","Combustió Interna-Gasoil",247
2025,"09","Sant Andreu","61","la Sagrera","065","Elèctrica",5
2025,"09","Sant Andreu","61","la Sagrera","065","Híbrid",73
2025,"09","Sant Andreu","61","la Sagrera","065","Altres",15
2025,"09","Sant Andreu","61","la Sagrera","066","Combustió Interna-Gasolina",408
2025,"09","Sant Andreu","61","la Sagrera","066","Combustió Interna-Gasoil",196
2025,"09","Sant Andreu","61","la Sagrera","066","Elèctrica",5
2025,"09","Sant Andreu","61","la Sagrera","066","Híbrid",68
2025,"09","Sant Andreu","61","la Sagrera","066","Altres",9
2025,"09","Sant Andreu","61","la Sagrera","067","Combustió Interna-Gasolina",326
2025,"09","Sant Andreu","61","la Sagrera","067","Combustió Interna-Gasoil",161
2025,"09","Sant Andreu","61","la Sagrera","067","Elèctrica",6
2025,"09","Sant Andreu","61","la Sagrera","067","Híbrid",40
2025,"09","Sant Andreu","61","la Sagrera","067","Altres",2
2025,"09","Sant Andreu","61","la Sagrera","067","No consta",1
2025,"09","Sant Andreu","61","la Sagrera","068","Combustió Interna-Gasolina",450
2025,"09","Sant Andreu","61","la Sagrera","068","Combustió Interna-Gasoil",160
2025,"09","Sant Andreu","61","la Sagrera","068","Elèctrica",9
2025,"09","Sant Andreu","61","la Sagrera","068","Híbrid",56
2025,"09","Sant Andreu","61","la Sagrera","068","Altres",9
2025,"09","Sant Andreu","61","la Sagrera","069","Combustió Interna-Gasolina",222
2025,"09","Sant Andreu","61","la Sagrera","069","Combustió Interna-Gasoil",82
2025,"09","Sant Andreu","61","la Sagrera","069","Elèctrica",5
2025,"09","Sant Andreu","61","la Sagrera","069","Híbrid",32
2025,"09","Sant Andreu","61","la Sagrera","069","Altres",4
2025,"09","Sant Andreu","61","la Sagrera","070","Combustió Interna-Gasolina",402
2025,"09","Sant Andreu","61","la Sagrera","070","Combustió Interna-Gasoil",158
2025,"09","Sant Andreu","61","la Sagrera","070","Elèctrica",2
2025,"09","Sant Andreu","61","la Sagrera","070","Híbrid",47
2025,"09","Sant Andreu","61","la Sagrera","070","Altres",3
2025,"09","Sant Andreu","61","la Sagrera","071","Combustió Interna-Gasolina",444
2025,"09","Sant Andreu","61","la Sagrera","071","Combustió Interna-Gasoil",227
2025,"09","Sant Andreu","61","la Sagrera","071","Elèctrica",5
2025,"09","Sant Andreu","61","la Sagrera","071","Híbrid",43
2025,"09","Sant Andreu","61","la Sagrera","071","Altres",13
2025,"09","Sant Andreu","61","la Sagrera","072","Combustió Interna-Gasolina",298
2025,"09","Sant Andreu","61","la Sagrera","072","Combustió Interna-Gasoil",145
2025,"09","Sant Andreu","61","la Sagrera","072","Elèctrica",2
2025,"09","Sant Andreu","61","la Sagrera","072","Híbrid",26
2025,"09","Sant Andreu","61","la Sagrera","072","Altres",10
2025,"09","Sant Andreu","61","la Sagrera","073","Combustió Interna-Gasolina",412
2025,"09","Sant Andreu","61","la Sagrera","073","Combustió Interna-Gasoil",176
2025,"09","Sant Andreu","61","la Sagrera","073","Elèctrica",5
2025,"09","Sant Andreu","61","la Sagrera","073","Híbrid",63
2025,"09","Sant Andreu","61","la Sagrera","073","Altres",7
2025,"09","Sant Andreu","61","la Sagrera","156","Combustió Interna-Gasolina",355
2025,"09","Sant Andreu","61","la Sagrera","156","Combustió Interna-Gasoil",140
2025,"09","Sant Andreu","61","la Sagrera","156","Elèctrica",2
2025,"09","Sant Andreu","61","la Sagrera","156","Híbrid",44
2025,"09","Sant Andreu","61","la Sagrera","156","Altres",7
2025,"09","Sant Andreu","62","el Congrés i els Indians","074","Combustió Interna-Gasolina",443
2025,"09","Sant Andreu","62","el Congrés i els Indians","074","Combustió Interna-Gasoil",160
2025,"09","Sant Andreu","62","el Congrés i els Indians","074","Elèctrica",2
2025,"09","Sant Andreu","62","el Congrés i els Indians","074","Híbrid",41
2025,"09","Sant Andreu","62","el Congrés i els Indians","074","Altres",10
2025,"09","Sant Andreu","62","el Congrés i els Indians","075","Combustió Interna-Gasolina",383
2025,"09","Sant Andreu","62","el Congrés i els Indians","075","Combustió Interna-Gasoil",166
2025,"09","Sant Andreu","62","el Congrés i els Indians","075","Elèctrica",3
2025,"09","Sant Andreu","62","el Congrés i els Indians","075","Híbrid",48
2025,"09","Sant Andreu","62","el Congrés i els Indians","075","Altres",6
2025,"09","Sant Andreu","62","el Congrés i els Indians","076","Combustió Interna-Gasolina",361
2025,"09","Sant Andreu","62","el Congrés i els Indians","076","Combustió Interna-Gasoil",164
2025,"09","Sant Andreu","62","el Congrés i els Indians","076","Elèctrica",6
2025,"09","Sant Andreu","62","el Congrés i els Indians","076","Híbrid",57
2025,"09","Sant Andreu","62","el Congrés i els Indians","076","Altres",11
2025,"09","Sant Andreu","62","el Congrés i els Indians","077","Combustió Interna-Gasolina",438
2025,"09","Sant Andreu","62","el Congrés i els Indians","077","Combustió Interna-Gasoil",144
2025,"09","Sant Andreu","62","el Congrés i els Indians","077","Elèctrica",7
2025,"09","Sant Andreu","62","el Congrés i els Indians","077","Híbrid",40
2025,"09","Sant Andreu","62","el Congrés i els Indians","077","Altres",13
2025,"09","Sant Andreu","62","el Congrés i els Indians","078","Combustió Interna-Gasolina",432
2025,"09","Sant Andreu","62","el Congrés i els Indians","078","Combustió Interna-Gasoil",182
2025,"09","Sant Andreu","62","el Congrés i els Indians","078","Elèctrica",14
2025,"09","Sant Andreu","62","el Congrés i els Indians","078","Híbrid",58
2025,"09","Sant Andreu","62","el Congrés i els Indians","078","Altres",13
2025,"09","Sant Andreu","62","el Congrés i els Indians","079","Combustió Interna-Gasolina",449
2025,"09","Sant Andreu","62","el Congrés i els Indians","079","Combustió Interna-Gasoil",167
2025,"09","Sant Andreu","62","el Congrés i els Indians","079","Elèctrica",4
2025,"09","Sant Andreu","62","el Congrés i els Indians","079","Híbrid",64
2025,"09","Sant Andreu","62","el Congrés i els Indians","079","Altres",14
2025,"09","Sant Andreu","62","el Congrés i els Indians","080","Combustió Interna-Gasolina",357
2025,"09","Sant Andreu","62","el Congrés i els Indians","080","Combustió Interna-Gasoil",128
2025,"09","Sant Andreu","62","el Congrés i els Indians","080","Elèctrica",6
2025,"09","Sant Andreu","62","el Congrés i els Indians","080","Híbrid",54
2025,"09","Sant Andreu","62","el Congrés i els Indians","080","Altres",6
2025,"09","Sant Andreu","62","el Congrés i els Indians","081","Combustió Interna-Gasolina",501
2025,"09","Sant Andreu","62","el Congrés i els Indians","081","Combustió Interna-Gasoil",217
2025,"09","Sant Andreu","62","el Congrés i els Indians","081","Elèctrica",9
2025,"09","Sant Andreu","62","el Congrés i els Indians","081","Híbrid",46
2025,"09","Sant Andreu","62","el Congrés i els Indians","081","Altres",10
2025,"09","Sant Andreu","62","el Congrés i els Indians","082","Combustió Interna-Gasolina",539
2025,"09","Sant Andreu","62","el Congrés i els Indians","082","Combustió Interna-Gasoil",244
2025,"09","Sant Andreu","62","el Congrés i els Indians","082","Elèctrica",18
2025,"09","Sant Andreu","62","el Congrés i els Indians","082","Híbrid",70
2025,"09","Sant Andreu","62","el Congrés i els Indians","082","Altres",7
2025,"09","Sant Andreu","63","Navas","083","Combustió Interna-Gasolina",470
2025,"09","Sant Andreu","63","Navas","083","Combustió Interna-Gasoil",183
2025,"09","Sant Andreu","63","Navas","083","Elèctrica",11
2025,"09","Sant Andreu","63","Navas","083","Híbrid",58
2025,"09","Sant Andreu","63","Navas","083","Altres",8
2025,"09","Sant Andreu","63","Navas","083","No consta",1
2025,"09","Sant Andreu","63","Navas","084","Combustió Interna-Gasolina",567
2025,"09","Sant Andreu","63","Navas","084","Combustió Interna-Gasoil",175
2025,"09","Sant Andreu","63","Navas","084","Elèctrica",9
2025,"09","Sant Andreu","63","Navas","084","Híbrid",65
2025,"09","Sant Andreu","63","Navas","084","Altres",12
2025,"09","Sant Andreu","63","Navas","084","No consta",2
2025,"09","Sant Andreu","63","Navas","085","Combustió Interna-Gasolina",553
2025,"09","Sant Andreu","63","Navas","085","Combustió Interna-Gasoil",220
2025,"09","Sant Andreu","63","Navas","085","Elèctrica",10
2025,"09","Sant Andreu","63","Navas","085","Híbrid",52
2025,"09","Sant Andreu","63","Navas","085","Altres",16
2025,"09","Sant Andreu","63","Navas","086","Combustió Interna-Gasolina",386
2025,"09","Sant Andreu","63","Navas","086","Combustió Interna-Gasoil",158
2025,"09","Sant Andreu","63","Navas","086","Híbrid",60
2025,"09","Sant Andreu","63","Navas","086","Altres",9
2025,"09","Sant Andreu","63","Navas","086","No consta",1
2025,"09","Sant Andreu","63","Navas","087","Combustió Interna-Gasolina",372
2025,"09","Sant Andreu","63","Navas","087","Combustió Interna-Gasoil",149
2025,"09","Sant Andreu","63","Navas","087","Elèctrica",3
2025,"09","Sant Andreu","63","Navas","087","Híbrid",55
2025,"09","Sant Andreu","63","Navas","087","Altres",5
2025,"09","Sant Andreu","63","Navas","088","Combustió Interna-Gasolina",506
2025,"09","Sant Andreu","63","Navas","088","Combustió Interna-Gasoil",184
2025,"09","Sant Andreu","63","Navas","088","Elèctrica",2
2025,"09","Sant Andreu","63","Navas","088","Híbrid",68
2025,"09","Sant Andreu","63","Navas","088","Altres",9
2025,"09","Sant Andreu","63","Navas","089","Combustió Interna-Gasolina",381
2025,"09","Sant Andreu","63","Navas","089","Combustió Interna-Gasoil",146
2025,"09","Sant Andreu","63","Navas","089","Elèctrica",2
2025,"09","Sant Andreu","63","Navas","089","Híbrid",39
2025,"09","Sant Andreu","63","Navas","089","Altres",6
2025,"09","Sant Andreu","63","Navas","089","No consta",3
2025,"09","Sant Andreu","63","Navas","090","Combustió Interna-Gasolina",440
2025,"09","Sant Andreu","63","Navas","090","Combustió Interna-Gasoil",167
2025,"09","Sant Andreu","63","Navas","090","Elèctrica",6
2025,"09","Sant Andreu","63","Navas","090","Híbrid",53
2025,"09","Sant Andreu","63","Navas","090","Altres",7
2025,"09","Sant Andreu","63","Navas","091","Combustió Interna-Gasolina",483
2025,"09","Sant Andreu","63","Navas","091","Combustió Interna-Gasoil",219
2025,"09","Sant Andreu","63","Navas","091","Elèctrica",7
2025,"09","Sant Andreu","63","Navas","091","Híbrid",67
2025,"09","Sant Andreu","63","Navas","091","Altres",14
2025,"09","Sant Andreu","63","Navas","092","Combustió Interna-Gasolina",567
2025,"09","Sant Andreu","63","Navas","092","Combustió Interna-Gasoil",251
2025,"09","Sant Andreu","63","Navas","092","Elèctrica",4
2025,"09","Sant Andreu","63","Navas","092","Híbrid",95
2025,"09","Sant Andreu","63","Navas","092","Altres",13
2025,"09","Sant Andreu","63","Navas","092","No consta",3
2025,"09","Sant Andreu","63","Navas","093","Combustió Interna-Gasolina",392
2025,"09","Sant Andreu","63","Navas","093","Combustió Interna-Gasoil",179
2025,"09","Sant Andreu","63","Navas","093","Elèctrica",4
2025,"09","Sant Andreu","63","Navas","093","Híbrid",43
2025,"09","Sant Andreu","63","Navas","093","Altres",18
2025,"09","Sant Andreu","63","Navas","094","Combustió Interna-Gasolina",598
2025,"09","Sant Andreu","63","Navas","094","Combustió Interna-Gasoil",209
2025,"09","Sant Andreu","63","Navas","094","Elèctrica",5
2025,"09","Sant Andreu","63","Navas","094","Híbrid",75
2025,"09","Sant Andreu","63","Navas","094","Altres",16
2025,"09","Sant Andreu","63","Navas","094","No consta",1
2025,"09","Sant Andreu","63","Navas","095","Combustió Interna-Gasolina",532
2025,"09","Sant Andreu","63","Navas","095","Combustió Interna-Gasoil",231
2025,"09","Sant Andreu","63","Navas","095","Elèctrica",11
2025,"09","Sant Andreu","63","Navas","095","Híbrid",82
2025,"09","Sant Andreu","63","Navas","095","Altres",11
2025,"09","Sant Andreu","63","Navas","095","No consta",2
2025,"10","Sant Martí","64","el Camp de l'Arpa del Clot","001","Combustió Interna-Gasolina",404
2025,"10","Sant Martí","64","el Camp de l'Arpa del Clot","001","Combustió Interna-Gasoil",179
2025,"10","Sant Martí","64","el Camp de l'Arpa del Clot","001","Elèctrica",3
2025,"10","Sant Martí","64","el Camp de l'Arpa del Clot","001","Híbrid",57
2025,"10","Sant Martí","64","el Camp de l'Arpa del Clot","001","Altres",16
2025,"10","Sant Martí","64","el Camp de l'Arpa del Clot","002","Combustió Interna-Gasolina",573
2025,"10","Sant Martí","64","el Camp de l'Arpa del Clot","002","Combustió Interna-Gasoil",216
2025,"10","Sant Martí","64","el Camp de l'Arpa del Clot","002","Elèctrica",10
2025,"10","Sant Martí","64","el Camp de l'Arpa del Clot","002","Híbrid",50
2025,"10","Sant Martí","64","el Camp de l'Arpa del Clot","002","Altres",10
2025,"10","Sant Martí","64","el Camp de l'Arpa del Clot","003","Combustió Interna-Gasolina",383
2025,"10","Sant Martí","64","el Camp de l'Arpa del Clot","003","Combustió Interna-Gasoil",165
2025,"10","Sant Martí","64","el Camp de l'Arpa del Clot","003","Elèctrica",2
2025,"10","Sant Martí","64","el Camp de l'Arpa del Clot","003","Híbrid",44
2025,"10","Sant Martí","64","el Camp de l'Arpa del Clot","003","Altres",11
2025,"10","Sant Martí","64","el Camp de l'Arpa del Clot","003","No consta",1
2025,"10","Sant Martí","64","el Camp de l'Arpa del Clot","004","Combustió Interna-Gasolina",393
2025,"10","Sant Martí","64","el Camp de l'Arpa del Clot","004","Combustió Interna-Gasoil",178
2025,"10","Sant Martí","64","el Camp de l'Arpa del Clot","004","Elèctrica",7
2025,"10","Sant Martí","64","el Camp de l'Arpa del Clot","004","Híbrid",55
2025,"10","Sant Martí","64","el Camp de l'Arpa del Clot","004","Altres",10
2025,"10","Sant Martí","64","el Camp de l'Arpa del Clot","005","Combustió Interna-Gasolina",509
2025,"10","Sant Martí","64","el Camp de l'Arpa del Clot","005","Combustió Interna-Gasoil",215
2025,"10","Sant Martí","64","el Camp de l'Arpa del Clot","005","Elèctrica",6
2025,"10","Sant Martí","64","el Camp de l'Arpa del Clot","005","Híbrid",58
2025,"10","Sant Martí","64","el Camp de l'Arpa del Clot","005","Altres",8
2025,"10","Sant Martí","64","el Camp de l'Arpa del Clot","006","Combustió Interna-Gasolina",503
2025,"10","Sant Martí","64","el Camp de l'Arpa del Clot","006","Combustió Interna-Gasoil",191
2025,"10","Sant Martí","64","el Camp de l'Arpa del Clot","006","Elèctrica",9
2025,"10","Sant Martí","64","el Camp de l'Arpa del Clot","006","Híbrid",62
2025,"10","Sant Martí","64","el Camp de l'Arpa del Clot","006","Altres",10
2025,"10","Sant Martí","64","el Camp de l'Arpa del Clot","007","Combustió Interna-Gasolina",431
2025,"10","Sant Martí","64","el Camp de l'Arpa del Clot","007","Combustió Interna-Gasoil",189
2025,"10","Sant Martí","64","el Camp de l'Arpa del Clot","007","Elèctrica",5
2025,"10","Sant Martí","64","el Camp de l'Arpa del Clot","007","Híbrid",67
2025,"10","Sant Martí","64","el Camp de l'Arpa del Clot","007","Altres",12
2025,"10","Sant Martí","64","el Camp de l'Arpa del Clot","008","Combustió Interna-Gasolina",430
2025,"10","Sant Martí","64","el Camp de l'Arpa del Clot","008","Combustió Interna-Gasoil",154
2025,"10","Sant Martí","64","el Camp de l'Arpa del Clot","008","Elèctrica",4
2025,"10","Sant Martí","64","el Camp de l'Arpa del Clot","008","Híbrid",67
2025,"10","Sant Martí","64","el Camp de l'Arpa del Clot","008","Altres",11
2025,"10","Sant Martí","64","el Camp de l'Arpa del Clot","009","Combustió Interna-Gasolina",416
2025,"10","Sant Martí","64","el Camp de l'Arpa del Clot","009","Combustió Interna-Gasoil",145
2025,"10","Sant Martí","64","el Camp de l'Arpa del Clot","009","Elèctrica",1
2025,"10","Sant Martí","64","el Camp de l'Arpa del Clot","009","Híbrid",34
2025,"10","Sant Martí","64","el Camp de l'Arpa del Clot","009","Altres",5
2025,"10","Sant Martí","64","el Camp de l'Arpa del Clot","009","No consta",3
2025,"10","Sant Martí","64","el Camp de l'Arpa del Clot","010","Combustió Interna-Gasolina",427
2025,"10","Sant Martí","64","el Camp de l'Arpa del Clot","010","Combustió Interna-Gasoil",193
2025,"10","Sant Martí","64","el Camp de l'Arpa del Clot","010","Elèctrica",14
2025,"10","Sant Martí","64","el Camp de l'Arpa del Clot","010","Híbrid",71
2025,"10","Sant Martí","64","el Camp de l'Arpa del Clot","010","Altres",11
2025,"10","Sant Martí","64","el Camp de l'Arpa del Clot","011","Combustió Interna-Gasolina",342
2025,"10","Sant Martí","64","el Camp de l'Arpa del Clot","011","Combustió Interna-Gasoil",124
2025,"10","Sant Martí","64","el Camp de l'Arpa del Clot","011","Elèctrica",9
2025,"10","Sant Martí","64","el Camp de l'Arpa del Clot","011","Híbrid",44
2025,"10","Sant Martí","64","el Camp de l'Arpa del Clot","011","Altres",7
2025,"10","Sant Martí","64","el Camp de l'Arpa del Clot","012","Combustió Interna-Gasolina",516
2025,"10","Sant Martí","64","el Camp de l'Arpa del Clot","012","Combustió Interna-Gasoil",174
2025,"10","Sant Martí","64","el Camp de l'Arpa del Clot","012","Elèctrica",3
2025,"10","Sant Martí","64","el Camp de l'Arpa del Clot","012","Híbrid",71
2025,"10","Sant Martí","64","el Camp de l'Arpa del Clot","012","Altres",6
2025,"10","Sant Martí","64","el Camp de l'Arpa del Clot","013","Combustió Interna-Gasolina",374
2025,"10","Sant Martí","64","el Camp de l'Arpa del Clot","013","Combustió Interna-Gasoil",119
2025,"10","Sant Martí","64","el Camp de l'Arpa del Clot","013","Elèctrica",15
2025,"10","Sant Martí","64","el Camp de l'Arpa del Clot","013","Híbrid",46
2025,"10","Sant Martí","64","el Camp de l'Arpa del Clot","013","Altres",10
2025,"10","Sant Martí","64","el Camp de l'Arpa del Clot","013","No consta",1
2025,"10","Sant Martí","64","el Camp de l'Arpa del Clot","014","Combustió Interna-Gasolina",381
2025,"10","Sant Martí","64","el Camp de l'Arpa del Clot","014","Combustió Interna-Gasoil",157
2025,"10","Sant Martí","64","el Camp de l'Arpa del Clot","014","Elèctrica",12
2025,"10","Sant Martí","64","el Camp de l'Arpa del Clot","014","Híbrid",37
2025,"10","Sant Martí","64","el Camp de l'Arpa del Clot","014","Altres",14
2025,"10","Sant Martí","64","el Camp de l'Arpa del Clot","014","No consta",1
2025,"10","Sant Martí","64","el Camp de l'Arpa del Clot","015","Combustió Interna-Gasolina",547
2025,"10","Sant Martí","64","el Camp de l'Arpa del Clot","015","Combustió Interna-Gasoil",191
2025,"10","Sant Martí","64","el Camp de l'Arpa del Clot","015","Elèctrica",6
2025,"10","Sant Martí","64","el Camp de l'Arpa del Clot","015","Híbrid",74
2025,"10","Sant Martí","64","el Camp de l'Arpa del Clot","015","Altres",11
2025,"10","Sant Martí","64","el Camp de l'Arpa del Clot","015","No consta",1
2025,"10","Sant Martí","64","el Camp de l'Arpa del Clot","016","Combustió Interna-Gasolina",366
2025,"10","Sant Martí","64","el Camp de l'Arpa del Clot","016","Combustió Interna-Gasoil",159
2025,"10","Sant Martí","64","el Camp de l'Arpa del Clot","016","Elèctrica",5
2025,"10","Sant Martí","64","el Camp de l'Arpa del Clot","016","Híbrid",51
2025,"10","Sant Martí","64","el Camp de l'Arpa del Clot","016","Altres",37
2025,"10","Sant Martí","64","el Camp de l'Arpa del Clot","017","Combustió Interna-Gasolina",435
2025,"10","Sant Martí","64","el Camp de l'Arpa del Clot","017","Combustió Interna-Gasoil",183
2025,"10","Sant Martí","64","el Camp de l'Arpa del Clot","017","Elèctrica",8
2025,"10","Sant Martí","64","el Camp de l'Arpa del Clot","017","Híbrid",62
2025,"10","Sant Martí","64","el Camp de l'Arpa del Clot","017","Altres",5
2025,"10","Sant Martí","64","el Camp de l'Arpa del Clot","018","Combustió Interna-Gasolina",346
2025,"10","Sant Martí","64","el Camp de l'Arpa del Clot","018","Combustió Interna-Gasoil",133
2025,"10","Sant Martí","64","el Camp de l'Arpa del Clot","018","Elèctrica",4
2025,"10","Sant Martí","64","el Camp de l'Arpa del Clot","018","Híbrid",52
2025,"10","Sant Martí","64","el Camp de l'Arpa del Clot","018","Altres",7
2025,"10","Sant Martí","64","el Camp de l'Arpa del Clot","018","No consta",1
2025,"10","Sant Martí","64","el Camp de l'Arpa del Clot","019","Combustió Interna-Gasolina",419
2025,"10","Sant Martí","64","el Camp de l'Arpa del Clot","019","Combustió Interna-Gasoil",148
2025,"10","Sant Martí","64","el Camp de l'Arpa del Clot","019","Elèctrica",5
2025,"10","Sant Martí","64","el Camp de l'Arpa del Clot","019","Híbrid",55
2025,"10","Sant Martí","64","el Camp de l'Arpa del Clot","019","Altres",10
2025,"10","Sant Martí","64","el Camp de l'Arpa del Clot","020","Combustió Interna-Gasolina",371
2025,"10","Sant Martí","64","el Camp de l'Arpa del Clot","020","Combustió Interna-Gasoil",131
2025,"10","Sant Martí","64","el Camp de l'Arpa del Clot","020","Híbrid",35
2025,"10","Sant Martí","64","el Camp de l'Arpa del Clot","020","Altres",4
2025,"10","Sant Martí","64","el Camp de l'Arpa del Clot","021","Combustió Interna-Gasolina",345
2025,"10","Sant Martí","64","el Camp de l'Arpa del Clot","021","Combustió Interna-Gasoil",150
2025,"10","Sant Martí","64","el Camp de l'Arpa del Clot","021","Elèctrica",3
2025,"10","Sant Martí","64","el Camp de l'Arpa del Clot","021","Híbrid",38
2025,"10","Sant Martí","64","el Camp de l'Arpa del Clot","021","Altres",4
2025,"10","Sant Martí","64","el Camp de l'Arpa del Clot","022","Combustió Interna-Gasolina",370
2025,"10","Sant Martí","64","el Camp de l'Arpa del Clot","022","Combustió Interna-Gasoil",162
2025,"10","Sant Martí","64","el Camp de l'Arpa del Clot","022","Elèctrica",9
2025,"10","Sant Martí","64","el Camp de l'Arpa del Clot","022","Híbrid",48
2025,"10","Sant Martí","64","el Camp de l'Arpa del Clot","022","Altres",10
2025,"10","Sant Martí","64","el Camp de l'Arpa del Clot","023","Combustió Interna-Gasolina",389
2025,"10","Sant Martí","64","el Camp de l'Arpa del Clot","023","Combustió Interna-Gasoil",161
2025,"10","Sant Martí","64","el Camp de l'Arpa del Clot","023","Elèctrica",6
2025,"10","Sant Martí","64","el Camp de l'Arpa del Clot","023","Híbrid",53
2025,"10","Sant Martí","64","el Camp de l'Arpa del Clot","023","Altres",12
2025,"10","Sant Martí","64","el Camp de l'Arpa del Clot","024","Combustió Interna-Gasolina",376
2025,"10","Sant Martí","64","el Camp de l'Arpa del Clot","024","Combustió Interna-Gasoil",162
2025,"10","Sant Martí","64","el Camp de l'Arpa del Clot","024","Elèctrica",7
2025,"10","Sant Martí","64","el Camp de l'Arpa del Clot","024","Híbrid",57
2025,"10","Sant Martí","64","el Camp de l'Arpa del Clot","024","Altres",4
2025,"10","Sant Martí","64","el Camp de l'Arpa del Clot","024","No consta",1
2025,"10","Sant Martí","64","el Camp de l'Arpa del Clot","025","Combustió Interna-Gasolina",347
2025,"10","Sant Martí","64","el Camp de l'Arpa del Clot","025","Combustió Interna-Gasoil",125
2025,"10","Sant Martí","64","el Camp de l'Arpa del Clot","025","Elèctrica",5
2025,"10","Sant Martí","64","el Camp de l'Arpa del Clot","025","Híbrid",47
2025,"10","Sant Martí","64","el Camp de l'Arpa del Clot","025","Altres",8
2025,"10","Sant Martí","64","el Camp de l'Arpa del Clot","025","No consta",1
2025,"10","Sant Martí","65","el Clot","026","Combustió Interna-Gasolina",480
2025,"10","Sant Martí","65","el Clot","026","Combustió Interna-Gasoil",192
2025,"10","Sant Martí","65","el Clot","026","Elèctrica",10
2025,"10","Sant Martí","65","el Clot","026","Híbrid",65
2025,"10","Sant Martí","65","el Clot","026","Altres",12
2025,"10","Sant Martí","65","el Clot","027","Combustió Interna-Gasolina",429
2025,"10","Sant Martí","65","el Clot","027","Combustió Interna-Gasoil",208
2025,"10","Sant Martí","65","el Clot","027","Elèctrica",2
2025,"10","Sant Martí","65","el Clot","027","Híbrid",53
2025,"10","Sant Martí","65","el Clot","027","Altres",15
2025,"10","Sant Martí","65","el Clot","028","Combustió Interna-Gasolina",524
2025,"10","Sant Martí","65","el Clot","028","Combustió Interna-Gasoil",224
2025,"10","Sant Martí","65","el Clot","028","Elèctrica",8
2025,"10","Sant Martí","65","el Clot","028","Híbrid",78
2025,"10","Sant Martí","65","el Clot","028","Altres",7
2025,"10","Sant Martí","65","el Clot","029","Combustió Interna-Gasolina",397
2025,"10","Sant Martí","65","el Clot","029","Combustió Interna-Gasoil",151
2025,"10","Sant Martí","65","el Clot","029","Híbrid",42
2025,"10","Sant Martí","65","el Clot","029","Altres",10
2025,"10","Sant Martí","65","el Clot","029","No consta",1
2025,"10","Sant Martí","65","el Clot","030","Combustió Interna-Gasolina",503
2025,"10","Sant Martí","65","el Clot","030","Combustió Interna-Gasoil",201
2025,"10","Sant Martí","65","el Clot","030","Elèctrica",7
2025,"10","Sant Martí","65","el Clot","030","Híbrid",73
2025,"10","Sant Martí","65","el Clot","030","Altres",22
2025,"10","Sant Martí","65","el Clot","031","Combustió Interna-Gasolina",405
2025,"10","Sant Martí","65","el Clot","031","Combustió Interna-Gasoil",163
2025,"10","Sant Martí","65","el Clot","031","Elèctrica",4
2025,"10","Sant Martí","65","el Clot","031","Híbrid",61
2025,"10","Sant Martí","65","el Clot","031","Altres",3
2025,"10","Sant Martí","65","el Clot","031","No consta",2
2025,"10","Sant Martí","65","el Clot","032","Combustió Interna-Gasolina",456
2025,"10","Sant Martí","65","el Clot","032","Combustió Interna-Gasoil",188
2025,"10","Sant Martí","65","el Clot","032","Elèctrica",5
2025,"10","Sant Martí","65","el Clot","032","Híbrid",47
2025,"10","Sant Martí","65","el Clot","032","Altres",20
2025,"10","Sant Martí","65","el Clot","033","Combustió Interna-Gasolina",302
2025,"10","Sant Martí","65","el Clot","033","Combustió Interna-Gasoil",89
2025,"10","Sant Martí","65","el Clot","033","Elèctrica",2
2025,"10","Sant Martí","65","el Clot","033","Híbrid",45
2025,"10","Sant Martí","65","el Clot","033","Altres",8
2025,"10","Sant Martí","65","el Clot","034","Combustió Interna-Gasolina",459
2025,"10","Sant Martí","65","el Clot","034","Combustió Interna-Gasoil",201
2025,"10","Sant Martí","65","el Clot","034","Elèctrica",5
2025,"10","Sant Martí","65","el Clot","034","Híbrid",49
2025,"10","Sant Martí","65","el Clot","034","Altres",7
2025,"10","Sant Martí","65","el Clot","035","Combustió Interna-Gasolina",574
2025,"10","Sant Martí","65","el Clot","035","Combustió Interna-Gasoil",246
2025,"10","Sant Martí","65","el Clot","035","Elèctrica",8
2025,"10","Sant Martí","65","el Clot","035","Híbrid",102
2025,"10","Sant Martí","65","el Clot","035","Altres",13
2025,"10","Sant Martí","65","el Clot","035","No consta",1
2025,"10","Sant Martí","65","el Clot","036","Combustió Interna-Gasolina",431
2025,"10","Sant Martí","65","el Clot","036","Combustió Interna-Gasoil",180
2025,"10","Sant Martí","65","el Clot","036","Elèctrica",6
2025,"10","Sant Martí","65","el Clot","036","Híbrid",73
2025,"10","Sant Martí","65","el Clot","036","Altres",9
2025,"10","Sant Martí","65","el Clot","037","Combustió Interna-Gasolina",223
2025,"10","Sant Martí","65","el Clot","037","Combustió Interna-Gasoil",125
2025,"10","Sant Martí","65","el Clot","037","Elèctrica",2
2025,"10","Sant Martí","65","el Clot","037","Híbrid",15
2025,"10","Sant Martí","65","el Clot","037","Altres",7
2025,"10","Sant Martí","65","el Clot","037","No consta",1
2025,"10","Sant Martí","65","el Clot","038","Combustió Interna-Gasolina",444
2025,"10","Sant Martí","65","el Clot","038","Combustió Interna-Gasoil",188
2025,"10","Sant Martí","65","el Clot","038","Elèctrica",5
2025,"10","Sant Martí","65","el Clot","038","Híbrid",64
2025,"10","Sant Martí","65","el Clot","038","Altres",16
2025,"10","Sant Martí","65","el Clot","039","Combustió Interna-Gasolina",473
2025,"10","Sant Martí","65","el Clot","039","Combustió Interna-Gasoil",217
2025,"10","Sant Martí","65","el Clot","039","Elèctrica",4
2025,"10","Sant Martí","65","el Clot","039","Híbrid",86
2025,"10","Sant Martí","65","el Clot","039","Altres",10
2025,"10","Sant Martí","65","el Clot","040","Combustió Interna-Gasolina",482
2025,"10","Sant Martí","65","el Clot","040","Combustió Interna-Gasoil",181
2025,"10","Sant Martí","65","el Clot","040","Elèctrica",3
2025,"10","Sant Martí","65","el Clot","040","Híbrid",60
2025,"10","Sant Martí","65","el Clot","040","Altres",11
2025,"10","Sant Martí","65","el Clot","040","No consta",2
2025,"10","Sant Martí","65","el Clot","041","Combustió Interna-Gasolina",444
2025,"10","Sant Martí","65","el Clot","041","Combustió Interna-Gasoil",173
2025,"10","Sant Martí","65","el Clot","041","Elèctrica",7
2025,"10","Sant Martí","65","el Clot","041","Híbrid",55
2025,"10","Sant Martí","65","el Clot","041","Altres",10
2025,"10","Sant Martí","65","el Clot","234","Combustió Interna-Gasolina",490
2025,"10","Sant Martí","65","el Clot","234","Combustió Interna-Gasoil",196
2025,"10","Sant Martí","65","el Clot","234","Elèctrica",10
2025,"10","Sant Martí","65","el Clot","234","Híbrid",66
2025,"10","Sant Martí","65","el Clot","234","Altres",14
2025,"10","Sant Martí","66","el Parc i la Llacuna del Poblenou","042","Combustió Interna-Gasolina",814
2025,"10","Sant Martí","66","el Parc i la Llacuna del Poblenou","042","Combustió Interna-Gasoil",566
2025,"10","Sant Martí","66","el Parc i la Llacuna del Poblenou","042","Elèctrica",973
2025,"10","Sant Martí","66","el Parc i la Llacuna del Poblenou","042","Híbrid",151
2025,"10","Sant Martí","66","el Parc i la Llacuna del Poblenou","042","Altres",39
2025,"10","Sant Martí","66","el Parc i la Llacuna del Poblenou","042","No consta",1
2025,"10","Sant Martí","66","el Parc i la Llacuna del Poblenou","043","Combustió Interna-Gasolina",960
2025,"10","Sant Martí","66","el Parc i la Llacuna del Poblenou","043","Combustió Interna-Gasoil",630
2025,"10","Sant Martí","66","el Parc i la Llacuna del Poblenou","043","Elèctrica",63
2025,"10","Sant Martí","66","el Parc i la Llacuna del Poblenou","043","Híbrid",168
2025,"10","Sant Martí","66","el Parc i la Llacuna del Poblenou","043","Altres",23
2025,"10","Sant Martí","66","el Parc i la Llacuna del Poblenou","044","Combustió Interna-Gasolina",469
2025,"10","Sant Martí","66","el Parc i la Llacuna del Poblenou","044","Combustió Interna-Gasoil",196
2025,"10","Sant Martí","66","el Parc i la Llacuna del Poblenou","044","Elèctrica",7
2025,"10","Sant Martí","66","el Parc i la Llacuna del Poblenou","044","Híbrid",67
2025,"10","Sant Martí","66","el Parc i la Llacuna del Poblenou","044","Altres",11
2025,"10","Sant Martí","66","el Parc i la Llacuna del Poblenou","045","Combustió Interna-Gasolina",378
2025,"10","Sant Martí","66","el Parc i la Llacuna del Poblenou","045","Combustió Interna-Gasoil",146
2025,"10","Sant Martí","66","el Parc i la Llacuna del Poblenou","045","Elèctrica",1482
2025,"10","Sant Martí","66","el Parc i la Llacuna del Poblenou","045","Híbrid",45
2025,"10","Sant Martí","66","el Parc i la Llacuna del Poblenou","045","Altres",8
2025,"10","Sant Martí","66","el Parc i la Llacuna del Poblenou","045","No consta",2
2025,"10","Sant Martí","66","el Parc i la Llacuna del Poblenou","046","Combustió Interna-Gasolina",366
2025,"10","Sant Martí","66","el Parc i la Llacuna del Poblenou","046","Combustió Interna-Gasoil",153
2025,"10","Sant Martí","66","el Parc i la Llacuna del Poblenou","046","Elèctrica",9
2025,"10","Sant Martí","66","el Parc i la Llacuna del Poblenou","046","Híbrid",41
2025,"10","Sant Martí","66","el Parc i la Llacuna del Poblenou","046","Altres",18
2025,"10","Sant Martí","66","el Parc i la Llacuna del Poblenou","047","Combustió Interna-Gasolina",459
2025,"10","Sant Martí","66","el Parc i la Llacuna del Poblenou","047","Combustió Interna-Gasoil",198
2025,"10","Sant Martí","66","el Parc i la Llacuna del Poblenou","047","Elèctrica",9
2025,"10","Sant Martí","66","el Parc i la Llacuna del Poblenou","047","Híbrid",68
2025,"10","Sant Martí","66","el Parc i la Llacuna del Poblenou","047","Altres",29
2025,"10","Sant Martí","66","el Parc i la Llacuna del Poblenou","047","No consta",1
2025,"10","Sant Martí","66","el Parc i la Llacuna del Poblenou","048","Combustió Interna-Gasolina",548
2025,"10","Sant Martí","66","el Parc i la Llacuna del Poblenou","048","Combustió Interna-Gasoil",204
2025,"10","Sant Martí","66","el Parc i la Llacuna del Poblenou","048","Elèctrica",9
2025,"10","Sant Martí","66","el Parc i la Llacuna del Poblenou","048","Híbrid",65
2025,"10","Sant Martí","66","el Parc i la Llacuna del Poblenou","048","Altres",19
2025,"10","Sant Martí","66","el Parc i la Llacuna del Poblenou","048","No consta",1
2025,"10","Sant Martí","66","el Parc i la Llacuna del Poblenou","049","Combustió Interna-Gasolina",356
2025,"10","Sant Martí","66","el Parc i la Llacuna del Poblenou","049","Combustió Interna-Gasoil",141
2025,"10","Sant Martí","66","el Parc i la Llacuna del Poblenou","049","Elèctrica",4
2025,"10","Sant Martí","66","el Parc i la Llacuna del Poblenou","049","Híbrid",57
2025,"10","Sant Martí","66","el Parc i la Llacuna del Poblenou","049","Altres",18
2025,"10","Sant Martí","66","el Parc i la Llacuna del Poblenou","050","Combustió Interna-Gasolina",482
2025,"10","Sant Martí","66","el Parc i la Llacuna del Poblenou","050","Combustió Interna-Gasoil",189
2025,"10","Sant Martí","66","el Parc i la Llacuna del Poblenou","050","Elèctrica",4
2025,"10","Sant Martí","66","el Parc i la Llacuna del Poblenou","050","Híbrid",68
2025,"10","Sant Martí","66","el Parc i la Llacuna del Poblenou","050","Altres",13
2025,"10","Sant Martí","66","el Parc i la Llacuna del Poblenou","050","No consta",1
2025,"10","Sant Martí","67","la Vila Olímpica del Poblenou","051","Combustió Interna-Gasolina",471
2025,"10","Sant Martí","67","la Vila Olímpica del Poblenou","051","Combustió Interna-Gasoil",209
2025,"10","Sant Martí","67","la Vila Olímpica del Poblenou","051","Elèctrica",16
2025,"10","Sant Martí","67","la Vila Olímpica del Poblenou","051","Híbrid",66
2025,"10","Sant Martí","67","la Vila Olímpica del Poblenou","051","Altres",9
2025,"10","Sant Martí","67","la Vila Olímpica del Poblenou","051","No consta",1
2025,"10","Sant Martí","67","la Vila Olímpica del Poblenou","052","Combustió Interna-Gasolina",860
2025,"10","Sant Martí","67","la Vila Olímpica del Poblenou","052","Combustió Interna-Gasoil",354
2025,"10","Sant Martí","67","la Vila Olímpica del Poblenou","052","Elèctrica",31
2025,"10","Sant Martí","67","la Vila Olímpica del Poblenou","052","Híbrid",157
2025,"10","Sant Martí","67","la Vila Olímpica del Poblenou","052","Altres",8
2025,"10","Sant Martí","67","la Vila Olímpica del Poblenou","052","No consta",1
2025,"10","Sant Martí","67","la Vila Olímpica del Poblenou","053","Combustió Interna-Gasolina",650
2025,"10","Sant Martí","67","la Vila Olímpica del Poblenou","053","Combustió Interna-Gasoil",272
2025,"10","Sant Martí","67","la Vila Olímpica del Poblenou","053","Elèctrica",25
2025,"10","Sant Martí","67","la Vila Olímpica del Poblenou","053","Híbrid",127
2025,"10","Sant Martí","67","la Vila Olímpica del Poblenou","053","Altres",16
2025,"10","Sant Martí","67","la Vila Olímpica del Poblenou","053","No consta",1
2025,"10","Sant Martí","67","la Vila Olímpica del Poblenou","054","Combustió Interna-Gasolina",333
2025,"10","Sant Martí","67","la Vila Olímpica del Poblenou","054","Combustió Interna-Gasoil",167
2025,"10","Sant Martí","67","la Vila Olímpica del Poblenou","054","Elèctrica",16
2025,"10","Sant Martí","67","la Vila Olímpica del Poblenou","054","Híbrid",55
2025,"10","Sant Martí","67","la Vila Olímpica del Poblenou","054","Altres",10
2025,"10","Sant Martí","67","la Vila Olímpica del Poblenou","055","Combustió Interna-Gasolina",1037
2025,"10","Sant Martí","67","la Vila Olímpica del Poblenou","055","Combustió Interna-Gasoil",395
2025,"10","Sant Martí","67","la Vila Olímpica del Poblenou","055","Elèctrica",65
2025,"10","Sant Martí","67","la Vila Olímpica del Poblenou","055","Híbrid",202
2025,"10","Sant Martí","67","la Vila Olímpica del Poblenou","055","Altres",21
2025,"10","Sant Martí","67","la Vila Olímpica del Poblenou","055","No consta",9
2025,"10","Sant Martí","68","el Poblenou","056","Combustió Interna-Gasolina",530
2025,"10","Sant Martí","68","el Poblenou","056","Combustió Interna-Gasoil",351
2025,"10","Sant Martí","68","el Poblenou","056","Elèctrica",262
2025,"10","Sant Martí","68","el Poblenou","056","Híbrid",117
2025,"10","Sant Martí","68","el Poblenou","056","Altres",12
2025,"10","Sant Martí","68","el Poblenou","056","No consta",2
2025,"10","Sant Martí","68","el Poblenou","057","Combustió Interna-Gasolina",425
2025,"10","Sant Martí","68","el Poblenou","057","Combustió Interna-Gasoil",267
2025,"10","Sant Martí","68","el Poblenou","057","Elèctrica",29
2025,"10","Sant Martí","68","el Poblenou","057","Híbrid",57
2025,"10","Sant Martí","68","el Poblenou","057","Altres",11
2025,"10","Sant Martí","68","el Poblenou","057","No consta",1
2025,"10","Sant Martí","68","el Poblenou","058","Combustió Interna-Gasolina",312
2025,"10","Sant Martí","68","el Poblenou","058","Combustió Interna-Gasoil",171
2025,"10","Sant Martí","68","el Poblenou","058","Elèctrica",19
2025,"10","Sant Martí","68","el Poblenou","058","Híbrid",391
2025,"10","Sant Martí","68","el Poblenou","058","Altres",24
2025,"10","Sant Martí","68","el Poblenou","059","Combustió Interna-Gasolina",491
2025,"10","Sant Martí","68","el Poblenou","059","Combustió Interna-Gasoil",240
2025,"10","Sant Martí","68","el Poblenou","059","Elèctrica",24
2025,"10","Sant Martí","68","el Poblenou","059","Híbrid",75
2025,"10","Sant Martí","68","el Poblenou","059","Altres",14
2025,"10","Sant Martí","68","el Poblenou","060","Combustió Interna-Gasolina",496
2025,"10","Sant Martí","68","el Poblenou","060","Combustió Interna-Gasoil",151
2025,"10","Sant Martí","68","el Poblenou","060","Elèctrica",19
2025,"10","Sant Martí","68","el Poblenou","060","Híbrid",50
2025,"10","Sant Martí","68","el Poblenou","060","Altres",9
2025,"10","Sant Martí","68","el Poblenou","061","Combustió Interna-Gasolina",600
2025,"10","Sant Martí","68","el Poblenou","061","Combustió Interna-Gasoil",210
2025,"10","Sant Martí","68","el Poblenou","061","Elèctrica",16
2025,"10","Sant Martí","68","el Poblenou","061","Híbrid",76
2025,"10","Sant Martí","68","el Poblenou","061","Altres",27
2025,"10","Sant Martí","68","el Poblenou","061","No consta",2
2025,"10","Sant Martí","68","el Poblenou","062","Combustió Interna-Gasolina",458
2025,"10","Sant Martí","68","el Poblenou","062","Combustió Interna-Gasoil",159
2025,"10","Sant Martí","68","el Poblenou","062","Elèctrica",11
2025,"10","Sant Martí","68","el Poblenou","062","Híbrid",69
2025,"10","Sant Martí","68","el Poblenou","062","Altres",8
2025,"10","Sant Martí","68","el Poblenou","063","Combustió Interna-Gasolina",346
2025,"10","Sant Martí","68","el Poblenou","063","Combustió Interna-Gasoil",157
2025,"10","Sant Martí","68","el Poblenou","063","Elèctrica",5
2025,"10","Sant Martí","68","el Poblenou","063","Híbrid",49
2025,"10","Sant Martí","68","el Poblenou","063","Altres",9
2025,"10","Sant Martí","68","el Poblenou","064","Combustió Interna-Gasolina",442
2025,"10","Sant Martí","68","el Poblenou","064","Combustió Interna-Gasoil",209
2025,"10","Sant Martí","68","el Poblenou","064","Elèctrica",10
2025,"10","Sant Martí","68","el Poblenou","064","Híbrid",61
2025,"10","Sant Martí","68","el Poblenou","064","Altres",16
2025,"10","Sant Martí","68","el Poblenou","065","Combustió Interna-Gasolina",457
2025,"10","Sant Martí","68","el Poblenou","065","Combustió Interna-Gasoil",169
2025,"10","Sant Martí","68","el Poblenou","065","Elèctrica",8
2025,"10","Sant Martí","68","el Poblenou","065","Híbrid",60
2025,"10","Sant Martí","68","el Poblenou","065","Altres",11
2025,"10","Sant Martí","68","el Poblenou","066","Combustió Interna-Gasolina",577
2025,"10","Sant Martí","68","el Poblenou","066","Combustió Interna-Gasoil",247
2025,"10","Sant Martí","68","el Poblenou","066","Elèctrica",20
2025,"10","Sant Martí","68","el Poblenou","066","Híbrid",75
2025,"10","Sant Martí","68","el Poblenou","066","Altres",21
2025,"10","Sant Martí","68","el Poblenou","067","Combustió Interna-Gasolina",494
2025,"10","Sant Martí","68","el Poblenou","067","Combustió Interna-Gasoil",184
2025,"10","Sant Martí","68","el Poblenou","067","Elèctrica",13
2025,"10","Sant Martí","68","el Poblenou","067","Híbrid",106
2025,"10","Sant Martí","68","el Poblenou","067","Altres",12
2025,"10","Sant Martí","68","el Poblenou","068","Combustió Interna-Gasolina",444
2025,"10","Sant Martí","68","el Poblenou","068","Combustió Interna-Gasoil",184
2025,"10","Sant Martí","68","el Poblenou","068","Elèctrica",18
2025,"10","Sant Martí","68","el Poblenou","068","Híbrid",75
2025,"10","Sant Martí","68","el Poblenou","068","Altres",15
2025,"10","Sant Martí","68","el Poblenou","069","Combustió Interna-Gasolina",609
2025,"10","Sant Martí","68","el Poblenou","069","Combustió Interna-Gasoil",258
2025,"10","Sant Martí","68","el Poblenou","069","Elèctrica",42
2025,"10","Sant Martí","68","el Poblenou","069","Híbrid",139
2025,"10","Sant Martí","68","el Poblenou","069","Altres",19
2025,"10","Sant Martí","68","el Poblenou","070","Combustió Interna-Gasolina",443
2025,"10","Sant Martí","68","el Poblenou","070","Combustió Interna-Gasoil",181
2025,"10","Sant Martí","68","el Poblenou","070","Elèctrica",12
2025,"10","Sant Martí","68","el Poblenou","070","Híbrid",73
2025,"10","Sant Martí","68","el Poblenou","070","Altres",7
2025,"10","Sant Martí","68","el Poblenou","070","No consta",1
2025,"10","Sant Martí","68","el Poblenou","071","Combustió Interna-Gasolina",566
2025,"10","Sant Martí","68","el Poblenou","071","Combustió Interna-Gasoil",226
2025,"10","Sant Martí","68","el Poblenou","071","Elèctrica",6
2025,"10","Sant Martí","68","el Poblenou","071","Híbrid",84
2025,"10","Sant Martí","68","el Poblenou","071","Altres",15
2025,"10","Sant Martí","68","el Poblenou","072","Combustió Interna-Gasolina",568
2025,"10","Sant Martí","68","el Poblenou","072","Combustió Interna-Gasoil",247
2025,"10","Sant Martí","68","el Poblenou","072","Elèctrica",9
2025,"10","Sant Martí","68","el Poblenou","072","Híbrid",80
2025,"10","Sant Martí","68","el Poblenou","072","Altres",14
2025,"10","Sant Martí","68","el Poblenou","072","No consta",1
2025,"10","Sant Martí","68","el Poblenou","073","Combustió Interna-Gasolina",401
2025,"10","Sant Martí","68","el Poblenou","073","Combustió Interna-Gasoil",178
2025,"10","Sant Martí","68","el Poblenou","073","Elèctrica",7
2025,"10","Sant Martí","68","el Poblenou","073","Híbrid",51
2025,"10","Sant Martí","68","el Poblenou","073","Altres",9
2025,"10","Sant Martí","68","el Poblenou","074","Combustió Interna-Gasolina",478
2025,"10","Sant Martí","68","el Poblenou","074","Combustió Interna-Gasoil",206
2025,"10","Sant Martí","68","el Poblenou","074","Elèctrica",5
2025,"10","Sant Martí","68","el Poblenou","074","Híbrid",42
2025,"10","Sant Martí","68","el Poblenou","074","Altres",8
2025,"10","Sant Martí","68","el Poblenou","075","Combustió Interna-Gasolina",427
2025,"10","Sant Martí","68","el Poblenou","075","Combustió Interna-Gasoil",224
2025,"10","Sant Martí","68","el Poblenou","075","Elèctrica",9
2025,"10","Sant Martí","68","el Poblenou","075","Híbrid",42
2025,"10","Sant Martí","68","el Poblenou","075","Altres",15
2025,"10","Sant Martí","69","Diagonal Mar i el Front Marítim del Poblenou","076","Combustió Interna-Gasolina",594
2025,"10","Sant Martí","69","Diagonal Mar i el Front Marítim del Poblenou","076","Combustió Interna-Gasoil",325
2025,"10","Sant Martí","69","Diagonal Mar i el Front Marítim del Poblenou","076","Elèctrica",15
2025,"10","Sant Martí","69","Diagonal Mar i el Front Marítim del Poblenou","076","Híbrid",156
2025,"10","Sant Martí","69","Diagonal Mar i el Front Marítim del Poblenou","076","Altres",24
2025,"10","Sant Martí","69","Diagonal Mar i el Front Marítim del Poblenou","077","Combustió Interna-Gasolina",504
2025,"10","Sant Martí","69","Diagonal Mar i el Front Marítim del Poblenou","077","Combustió Interna-Gasoil",286
2025,"10","Sant Martí","69","Diagonal Mar i el Front Marítim del Poblenou","077","Elèctrica",17
2025,"10","Sant Martí","69","Diagonal Mar i el Front Marítim del Poblenou","077","Híbrid",97
2025,"10","Sant Martí","69","Diagonal Mar i el Front Marítim del Poblenou","077","Altres",19
2025,"10","Sant Martí","69","Diagonal Mar i el Front Marítim del Poblenou","078","Combustió Interna-Gasolina",682
2025,"10","Sant Martí","69","Diagonal Mar i el Front Marítim del Poblenou","078","Combustió Interna-Gasoil",317
2025,"10","Sant Martí","69","Diagonal Mar i el Front Marítim del Poblenou","078","Elèctrica",27
2025,"10","Sant Martí","69","Diagonal Mar i el Front Marítim del Poblenou","078","Híbrid",188
2025,"10","Sant Martí","69","Diagonal Mar i el Front Marítim del Poblenou","078","Altres",18
2025,"10","Sant Martí","69","Diagonal Mar i el Front Marítim del Poblenou","079","Combustió Interna-Gasolina",495
2025,"10","Sant Martí","69","Diagonal Mar i el Front Marítim del Poblenou","079","Combustió Interna-Gasoil",209
2025,"10","Sant Martí","69","Diagonal Mar i el Front Marítim del Poblenou","079","Elèctrica",11
2025,"10","Sant Martí","69","Diagonal Mar i el Front Marítim del Poblenou","079","Híbrid",93
2025,"10","Sant Martí","69","Diagonal Mar i el Front Marítim del Poblenou","079","Altres",15
2025,"10","Sant Martí","69","Diagonal Mar i el Front Marítim del Poblenou","080","Combustió Interna-Gasolina",709
2025,"10","Sant Martí","69","Diagonal Mar i el Front Marítim del Poblenou","080","Combustió Interna-Gasoil",352
2025,"10","Sant Martí","69","Diagonal Mar i el Front Marítim del Poblenou","080","Elèctrica",55
2025,"10","Sant Martí","69","Diagonal Mar i el Front Marítim del Poblenou","080","Híbrid",150
2025,"10","Sant Martí","69","Diagonal Mar i el Front Marítim del Poblenou","080","Altres",5
2025,"10","Sant Martí","69","Diagonal Mar i el Front Marítim del Poblenou","235","Combustió Interna-Gasolina",336
2025,"10","Sant Martí","69","Diagonal Mar i el Front Marítim del Poblenou","235","Combustió Interna-Gasoil",155
2025,"10","Sant Martí","69","Diagonal Mar i el Front Marítim del Poblenou","235","Elèctrica",8
2025,"10","Sant Martí","69","Diagonal Mar i el Front Marítim del Poblenou","235","Híbrid",40
2025,"10","Sant Martí","69","Diagonal Mar i el Front Marítim del Poblenou","235","Altres",10
2025,"10","Sant Martí","69","Diagonal Mar i el Front Marítim del Poblenou","236","Combustió Interna-Gasolina",397
2025,"10","Sant Martí","69","Diagonal Mar i el Front Marítim del Poblenou","236","Combustió Interna-Gasoil",181
2025,"10","Sant Martí","69","Diagonal Mar i el Front Marítim del Poblenou","236","Elèctrica",6
2025,"10","Sant Martí","69","Diagonal Mar i el Front Marítim del Poblenou","236","Híbrid",43
2025,"10","Sant Martí","69","Diagonal Mar i el Front Marítim del Poblenou","236","Altres",15
2025,"10","Sant Martí","69","Diagonal Mar i el Front Marítim del Poblenou","236","No consta",2
2025,"10","Sant Martí","70","el Besòs i el Maresme","081","Combustió Interna-Gasolina",445
2025,"10","Sant Martí","70","el Besòs i el Maresme","081","Combustió Interna-Gasoil",257
2025,"10","Sant Martí","70","el Besòs i el Maresme","081","Elèctrica",10
2025,"10","Sant Martí","70","el Besòs i el Maresme","081","Híbrid",54
2025,"10","Sant Martí","70","el Besòs i el Maresme","081","Altres",13
2025,"10","Sant Martí","70","el Besòs i el Maresme","081","No consta",1
2025,"10","Sant Martí","70","el Besòs i el Maresme","082","Combustió Interna-Gasolina",326
2025,"10","Sant Martí","70","el Besòs i el Maresme","082","Combustió Interna-Gasoil",257
2025,"10","Sant Martí","70","el Besòs i el Maresme","082","Elèctrica",3
2025,"10","Sant Martí","70","el Besòs i el Maresme","082","Híbrid",42
2025,"10","Sant Martí","70","el Besòs i el Maresme","082","Altres",7
2025,"10","Sant Martí","70","el Besòs i el Maresme","083","Combustió Interna-Gasolina",332
2025,"10","Sant Martí","70","el Besòs i el Maresme","083","Combustió Interna-Gasoil",251
2025,"10","Sant Martí","70","el Besòs i el Maresme","083","Elèctrica",4
2025,"10","Sant Martí","70","el Besòs i el Maresme","083","Híbrid",54
2025,"10","Sant Martí","70","el Besòs i el Maresme","083","Altres",10
2025,"10","Sant Martí","70","el Besòs i el Maresme","084","Combustió Interna-Gasolina",348
2025,"10","Sant Martí","70","el Besòs i el Maresme","084","Combustió Interna-Gasoil",204
2025,"10","Sant Martí","70","el Besòs i el Maresme","084","Elèctrica",5
2025,"10","Sant Martí","70","el Besòs i el Maresme","084","Híbrid",47
2025,"10","Sant Martí","70","el Besòs i el Maresme","084","Altres",5
2025,"10","Sant Martí","70","el Besòs i el Maresme","085","Combustió Interna-Gasolina",348
2025,"10","Sant Martí","70","el Besòs i el Maresme","085","Combustió Interna-Gasoil",227
2025,"10","Sant Martí","70","el Besòs i el Maresme","085","Elèctrica",4
2025,"10","Sant Martí","70","el Besòs i el Maresme","085","Híbrid",70
2025,"10","Sant Martí","70","el Besòs i el Maresme","085","Altres",10
2025,"10","Sant Martí","70","el Besòs i el Maresme","086","Combustió Interna-Gasolina",407
2025,"10","Sant Martí","70","el Besòs i el Maresme","086","Combustió Interna-Gasoil",228
2025,"10","Sant Martí","70","el Besòs i el Maresme","086","Elèctrica",9
2025,"10","Sant Martí","70","el Besòs i el Maresme","086","Híbrid",61
2025,"10","Sant Martí","70","el Besòs i el Maresme","086","Altres",13
2025,"10","Sant Martí","70","el Besòs i el Maresme","087","Combustió Interna-Gasolina",352
2025,"10","Sant Martí","70","el Besòs i el Maresme","087","Combustió Interna-Gasoil",248
2025,"10","Sant Martí","70","el Besòs i el Maresme","087","Elèctrica",7
2025,"10","Sant Martí","70","el Besòs i el Maresme","087","Híbrid",52
2025,"10","Sant Martí","70","el Besòs i el Maresme","087","Altres",16
2025,"10","Sant Martí","70","el Besòs i el Maresme","087","No consta",2
2025,"10","Sant Martí","70","el Besòs i el Maresme","088","Combustió Interna-Gasolina",412
2025,"10","Sant Martí","70","el Besòs i el Maresme","088","Combustió Interna-Gasoil",205
2025,"10","Sant Martí","70","el Besòs i el Maresme","088","Elèctrica",3
2025,"10","Sant Martí","70","el Besòs i el Maresme","088","Híbrid",52
2025,"10","Sant Martí","70","el Besòs i el Maresme","088","Altres",13
2025,"10","Sant Martí","70","el Besòs i el Maresme","089","Combustió Interna-Gasolina",479
2025,"10","Sant Martí","70","el Besòs i el Maresme","089","Combustió Interna-Gasoil",459
2025,"10","Sant Martí","70","el Besòs i el Maresme","089","Elèctrica",7
2025,"10","Sant Martí","70","el Besòs i el Maresme","089","Híbrid",79
2025,"10","Sant Martí","70","el Besòs i el Maresme","089","Altres",45
2025,"10","Sant Martí","70","el Besòs i el Maresme","089","No consta",3
2025,"10","Sant Martí","70","el Besòs i el Maresme","090","Combustió Interna-Gasolina",366
2025,"10","Sant Martí","70","el Besòs i el Maresme","090","Combustió Interna-Gasoil",175
2025,"10","Sant Martí","70","el Besòs i el Maresme","090","Elèctrica",3
2025,"10","Sant Martí","70","el Besòs i el Maresme","090","Híbrid",49
2025,"10","Sant Martí","70","el Besòs i el Maresme","090","Altres",11
2025,"10","Sant Martí","70","el Besòs i el Maresme","091","Combustió Interna-Gasolina",508
2025,"10","Sant Martí","70","el Besòs i el Maresme","091","Combustió Interna-Gasoil",279
2025,"10","Sant Martí","70","el Besòs i el Maresme","091","Elèctrica",7
2025,"10","Sant Martí","70","el Besòs i el Maresme","091","Híbrid",65
2025,"10","Sant Martí","70","el Besòs i el Maresme","091","Altres",10
2025,"10","Sant Martí","70","el Besòs i el Maresme","091","No consta",1
2025,"10","Sant Martí","70","el Besòs i el Maresme","092","Combustió Interna-Gasolina",403
2025,"10","Sant Martí","70","el Besòs i el Maresme","092","Combustió Interna-Gasoil",221
2025,"10","Sant Martí","70","el Besòs i el Maresme","092","Elèctrica",5
2025,"10","Sant Martí","70","el Besòs i el Maresme","092","Híbrid",62
2025,"10","Sant Martí","70","el Besòs i el Maresme","092","Altres",12
2025,"10","Sant Martí","70","el Besòs i el Maresme","093","Combustió Interna-Gasolina",365
2025,"10","Sant Martí","70","el Besòs i el Maresme","093","Combustió Interna-Gasoil",171
2025,"10","Sant Martí","70","el Besòs i el Maresme","093","Elèctrica",10
2025,"10","Sant Martí","70","el Besòs i el Maresme","093","Híbrid",71
2025,"10","Sant Martí","70","el Besòs i el Maresme","093","Altres",10
2025,"10","Sant Martí","70","el Besòs i el Maresme","093","No consta",1
2025,"10","Sant Martí","71","Provençals del Poblenou","094","Combustió Interna-Gasolina",841
2025,"10","Sant Martí","71","Provençals del Poblenou","094","Combustió Interna-Gasoil",680
2025,"10","Sant Martí","71","Provençals del Poblenou","094","Elèctrica",45
2025,"10","Sant Martí","71","Provençals del Poblenou","094","Híbrid",121
2025,"10","Sant Martí","71","Provençals del Poblenou","094","Altres",25
2025,"10","Sant Martí","71","Provençals del Poblenou","095","Combustió Interna-Gasolina",330
2025,"10","Sant Martí","71","Provençals del Poblenou","095","Combustió Interna-Gasoil",183
2025,"10","Sant Martí","71","Provençals del Poblenou","095","Elèctrica",12
2025,"10","Sant Martí","71","Provençals del Poblenou","095","Híbrid",75
2025,"10","Sant Martí","71","Provençals del Poblenou","095","Altres",16
2025,"10","Sant Martí","71","Provençals del Poblenou","096","Combustió Interna-Gasolina",462
2025,"10","Sant Martí","71","Provençals del Poblenou","096","Combustió Interna-Gasoil",177
2025,"10","Sant Martí","71","Provençals del Poblenou","096","Elèctrica",31
2025,"10","Sant Martí","71","Provençals del Poblenou","096","Híbrid",54
2025,"10","Sant Martí","71","Provençals del Poblenou","096","Altres",8
2025,"10","Sant Martí","71","Provençals del Poblenou","097","Combustió Interna-Gasolina",427
2025,"10","Sant Martí","71","Provençals del Poblenou","097","Combustió Interna-Gasoil",195
2025,"10","Sant Martí","71","Provençals del Poblenou","097","Elèctrica",3
2025,"10","Sant Martí","71","Provençals del Poblenou","097","Híbrid",74
2025,"10","Sant Martí","71","Provençals del Poblenou","097","Altres",16
2025,"10","Sant Martí","71","Provençals del Poblenou","098","Combustió Interna-Gasolina",679
2025,"10","Sant Martí","71","Provençals del Poblenou","098","Combustió Interna-Gasoil",220
2025,"10","Sant Martí","71","Provençals del Poblenou","098","Elèctrica",12
2025,"10","Sant Martí","71","Provençals del Poblenou","098","Híbrid",98
2025,"10","Sant Martí","71","Provençals del Poblenou","098","Altres",14
2025,"10","Sant Martí","71","Provençals del Poblenou","098","No consta",1
2025,"10","Sant Martí","71","Provençals del Poblenou","099","Combustió Interna-Gasolina",259
2025,"10","Sant Martí","71","Provençals del Poblenou","099","Combustió Interna-Gasoil",139
2025,"10","Sant Martí","71","Provençals del Poblenou","099","Elèctrica",2
2025,"10","Sant Martí","71","Provençals del Poblenou","099","Híbrid",35
2025,"10","Sant Martí","71","Provençals del Poblenou","099","Altres",11
2025,"10","Sant Martí","71","Provençals del Poblenou","100","Combustió Interna-Gasolina",506
2025,"10","Sant Martí","71","Provençals del Poblenou","100","Combustió Interna-Gasoil",216
2025,"10","Sant Martí","71","Provençals del Poblenou","100","Elèctrica",10
2025,"10","Sant Martí","71","Provençals del Poblenou","100","Híbrid",66
2025,"10","Sant Martí","71","Provençals del Poblenou","100","Altres",12
2025,"10","Sant Martí","71","Provençals del Poblenou","101","Combustió Interna-Gasolina",669
2025,"10","Sant Martí","71","Provençals del Poblenou","101","Combustió Interna-Gasoil",721
2025,"10","Sant Martí","71","Provençals del Poblenou","101","Elèctrica",32
2025,"10","Sant Martí","71","Provençals del Poblenou","101","Híbrid",272
2025,"10","Sant Martí","71","Provençals del Poblenou","101","Altres",49
2025,"10","Sant Martí","71","Provençals del Poblenou","102","Combustió Interna-Gasolina",738
2025,"10","Sant Martí","71","Provençals del Poblenou","102","Combustió Interna-Gasoil",346
2025,"10","Sant Martí","71","Provençals del Poblenou","102","Elèctrica",10
2025,"10","Sant Martí","71","Provençals del Poblenou","102","Híbrid",79
2025,"10","Sant Martí","71","Provençals del Poblenou","102","Altres",25
2025,"10","Sant Martí","71","Provençals del Poblenou","102","No consta",1
2025,"10","Sant Martí","71","Provençals del Poblenou","103","Combustió Interna-Gasolina",660
2025,"10","Sant Martí","71","Provençals del Poblenou","103","Combustió Interna-Gasoil",273
2025,"10","Sant Martí","71","Provençals del Poblenou","103","Elèctrica",7
2025,"10","Sant Martí","71","Provençals del Poblenou","103","Híbrid",85
2025,"10","Sant Martí","71","Provençals del Poblenou","103","Altres",18
2025,"10","Sant Martí","71","Provençals del Poblenou","103","No consta",1
2025,"10","Sant Martí","71","Provençals del Poblenou","104","Combustió Interna-Gasolina",525
2025,"10","Sant Martí","71","Provençals del Poblenou","104","Combustió Interna-Gasoil",204
2025,"10","Sant Martí","71","Provençals del Poblenou","104","Elèctrica",5
2025,"10","Sant Martí","71","Provençals del Poblenou","104","Híbrid",93
2025,"10","Sant Martí","71","Provençals del Poblenou","104","Altres",15
2025,"10","Sant Martí","71","Provençals del Poblenou","237","Combustió Interna-Gasolina",298
2025,"10","Sant Martí","71","Provençals del Poblenou","237","Combustió Interna-Gasoil",162
2025,"10","Sant Martí","71","Provençals del Poblenou","237","Elèctrica",9
2025,"10","Sant Martí","71","Provençals del Poblenou","237","Híbrid",21
2025,"10","Sant Martí","71","Provençals del Poblenou","237","Altres",5
2025,"10","Sant Martí","72","Sant Martí de Provençals","105","Combustió Interna-Gasolina",670
2025,"10","Sant Martí","72","Sant Martí de Provençals","105","Combustió Interna-Gasoil",279
2025,"10","Sant Martí","72","Sant Martí de Provençals","105","Elèctrica",10
2025,"10","Sant Martí","72","Sant Martí de Provençals","105","Híbrid",84
2025,"10","Sant Martí","72","Sant Martí de Provençals","105","Altres",20
2025,"10","Sant Martí","72","Sant Martí de Provençals","105","No consta",1
2025,"10","Sant Martí","72","Sant Martí de Provençals","106","Combustió Interna-Gasolina",328
2025,"10","Sant Martí","72","Sant Martí de Provençals","106","Combustió Interna-Gasoil",114
2025,"10","Sant Martí","72","Sant Martí de Provençals","106","Elèctrica",5
2025,"10","Sant Martí","72","Sant Martí de Provençals","106","Híbrid",38
2025,"10","Sant Martí","72","Sant Martí de Provençals","106","Altres",3
2025,"10","Sant Martí","72","Sant Martí de Provençals","106","No consta",2
2025,"10","Sant Martí","72","Sant Martí de Provençals","107","Combustió Interna-Gasolina",455
2025,"10","Sant Martí","72","Sant Martí de Provençals","107","Combustió Interna-Gasoil",193
2025,"10","Sant Martí","72","Sant Martí de Provençals","107","Elèctrica",9
2025,"10","Sant Martí","72","Sant Martí de Provençals","107","Híbrid",84
2025,"10","Sant Martí","72","Sant Martí de Provençals","107","Altres",12
2025,"10","Sant Martí","72","Sant Martí de Provençals","107","No consta",1
2025,"10","Sant Martí","72","Sant Martí de Provençals","108","Combustió Interna-Gasolina",337
2025,"10","Sant Martí","72","Sant Martí de Provençals","108","Combustió Interna-Gasoil",195
2025,"10","Sant Martí","72","Sant Martí de Provençals","108","Elèctrica",7
2025,"10","Sant Martí","72","Sant Martí de Provençals","108","Híbrid",40
2025,"10","Sant Martí","72","Sant Martí de Provençals","108","Altres",8
2025,"10","Sant Martí","72","Sant Martí de Provençals","109","Combustió Interna-Gasolina",409
2025,"10","Sant Martí","72","Sant Martí de Provençals","109","Combustió Interna-Gasoil",169
2025,"10","Sant Martí","72","Sant Martí de Provençals","109","Elèctrica",6
2025,"10","Sant Martí","72","Sant Martí de Provençals","109","Híbrid",45
2025,"10","Sant Martí","72","Sant Martí de Provençals","109","Altres",17
2025,"10","Sant Martí","72","Sant Martí de Provençals","110","Combustió Interna-Gasolina",428
2025,"10","Sant Martí","72","Sant Martí de Provençals","110","Combustió Interna-Gasoil",189
2025,"10","Sant Martí","72","Sant Martí de Provençals","110","Elèctrica",8
2025,"10","Sant Martí","72","Sant Martí de Provençals","110","Híbrid",56
2025,"10","Sant Martí","72","Sant Martí de Provençals","110","Altres",10
2025,"10","Sant Martí","72","Sant Martí de Provençals","111","Combustió Interna-Gasolina",377
2025,"10","Sant Martí","72","Sant Martí de Provençals","111","Combustió Interna-Gasoil",165
2025,"10","Sant Martí","72","Sant Martí de Provençals","111","Elèctrica",6
2025,"10","Sant Martí","72","Sant Martí de Provençals","111","Híbrid",41
2025,"10","Sant Martí","72","Sant Martí de Provençals","111","Altres",13
2025,"10","Sant Martí","72","Sant Martí de Provençals","112","Combustió Interna-Gasolina",455
2025,"10","Sant Martí","72","Sant Martí de Provençals","112","Combustió Interna-Gasoil",229
2025,"10","Sant Martí","72","Sant Martí de Provençals","112","Elèctrica",6
2025,"10","Sant Martí","72","Sant Martí de Provençals","112","Híbrid",67
2025,"10","Sant Martí","72","Sant Martí de Provençals","112","Altres",25
2025,"10","Sant Martí","72","Sant Martí de Provençals","112","No consta",1
2025,"10","Sant Martí","72","Sant Martí de Provençals","113","Combustió Interna-Gasolina",308
2025,"10","Sant Martí","72","Sant Martí de Provençals","113","Combustió Interna-Gasoil",184
2025,"10","Sant Martí","72","Sant Martí de Provençals","113","Elèctrica",3
2025,"10","Sant Martí","72","Sant Martí de Provençals","113","Híbrid",45
2025,"10","Sant Martí","72","Sant Martí de Provençals","113","Altres",9
2025,"10","Sant Martí","72","Sant Martí de Provençals","114","Combustió Interna-Gasolina",389
2025,"10","Sant Martí","72","Sant Martí de Provençals","114","Combustió Interna-Gasoil",196
2025,"10","Sant Martí","72","Sant Martí de Provençals","114","Elèctrica",4
2025,"10","Sant Martí","72","Sant Martí de Provençals","114","Híbrid",48
2025,"10","Sant Martí","72","Sant Martí de Provençals","114","Altres",13
2025,"10","Sant Martí","72","Sant Martí de Provençals","115","Combustió Interna-Gasolina",334
2025,"10","Sant Martí","72","Sant Martí de Provençals","115","Combustió Interna-Gasoil",149
2025,"10","Sant Martí","72","Sant Martí de Provençals","115","Elèctrica",2
2025,"10","Sant Martí","72","Sant Martí de Provençals","115","Híbrid",42
2025,"10","Sant Martí","72","Sant Martí de Provençals","115","Altres",5
2025,"10","Sant Martí","72","Sant Martí de Provençals","116","Combustió Interna-Gasolina",448
2025,"10","Sant Martí","72","Sant Martí de Provençals","116","Combustió Interna-Gasoil",193
2025,"10","Sant Martí","72","Sant Martí de Provençals","116","Elèctrica",4
2025,"10","Sant Martí","72","Sant Martí de Provençals","116","Híbrid",56
2025,"10","Sant Martí","72","Sant Martí de Provençals","116","Altres",9
2025,"10","Sant Martí","72","Sant Martí de Provençals","116","No consta",1
2025,"10","Sant Martí","72","Sant Martí de Provençals","117","Combustió Interna-Gasolina",333
2025,"10","Sant Martí","72","Sant Martí de Provençals","117","Combustió Interna-Gasoil",178
2025,"10","Sant Martí","72","Sant Martí de Provençals","117","Híbrid",35
2025,"10","Sant Martí","72","Sant Martí de Provençals","117","Altres",43
2025,"10","Sant Martí","72","Sant Martí de Provençals","118","Combustió Interna-Gasolina",417
2025,"10","Sant Martí","72","Sant Martí de Provençals","118","Combustió Interna-Gasoil",154
2025,"10","Sant Martí","72","Sant Martí de Provençals","118","Elèctrica",3
2025,"10","Sant Martí","72","Sant Martí de Provençals","118","Híbrid",75
2025,"10","Sant Martí","72","Sant Martí de Provençals","118","Altres",10
2025,"10","Sant Martí","72","Sant Martí de Provençals","119","Combustió Interna-Gasolina",292
2025,"10","Sant Martí","72","Sant Martí de Provençals","119","Combustió Interna-Gasoil",108
2025,"10","Sant Martí","72","Sant Martí de Provençals","119","Elèctrica",1
2025,"10","Sant Martí","72","Sant Martí de Provençals","119","Híbrid",31
2025,"10","Sant Martí","72","Sant Martí de Provençals","119","Altres",10
2025,"10","Sant Martí","72","Sant Martí de Provençals","120","Combustió Interna-Gasolina",405
2025,"10","Sant Martí","72","Sant Martí de Provençals","120","Combustió Interna-Gasoil",154
2025,"10","Sant Martí","72","Sant Martí de Provençals","120","Elèctrica",5
2025,"10","Sant Martí","72","Sant Martí de Provençals","120","Híbrid",50
2025,"10","Sant Martí","72","Sant Martí de Provençals","120","Altres",6
2025,"10","Sant Martí","72","Sant Martí de Provençals","120","No consta",1
2025,"10","Sant Martí","72","Sant Martí de Provençals","121","Combustió Interna-Gasolina",401
2025,"10","Sant Martí","72","Sant Martí de Provençals","121","Combustió Interna-Gasoil",189
2025,"10","Sant Martí","72","Sant Martí de Provençals","121","Elèctrica",3
2025,"10","Sant Martí","72","Sant Martí de Provençals","121","Híbrid",41
2025,"10","Sant Martí","72","Sant Martí de Provençals","121","Altres",16
2025,"10","Sant Martí","72","Sant Martí de Provençals","122","Combustió Interna-Gasolina",508
2025,"10","Sant Martí","72","Sant Martí de Provençals","122","Combustió Interna-Gasoil",207
2025,"10","Sant Martí","72","Sant Martí de Provençals","122","Elèctrica",4
2025,"10","Sant Martí","72","Sant Martí de Provençals","122","Híbrid",46
2025,"10","Sant Martí","72","Sant Martí de Provençals","122","Altres",10
2025,"10","Sant Martí","72","Sant Martí de Provençals","122","No consta",1
2025,"10","Sant Martí","73","la Verneda i la Pau","123","Combustió Interna-Gasolina",389
2025,"10","Sant Martí","73","la Verneda i la Pau","123","Combustió Interna-Gasoil",205
2025,"10","Sant Martí","73","la Verneda i la Pau","123","Elèctrica",7
2025,"10","Sant Martí","73","la Verneda i la Pau","123","Híbrid",48
2025,"10","Sant Martí","73","la Verneda i la Pau","123","Altres",12
2025,"10","Sant Martí","73","la Verneda i la Pau","123","No consta",1
2025,"10","Sant Martí","73","la Verneda i la Pau","124","Combustió Interna-Gasolina",324
2025,"10","Sant Martí","73","la Verneda i la Pau","124","Combustió Interna-Gasoil",146
2025,"10","Sant Martí","73","la Verneda i la Pau","124","Elèctrica",10
2025,"10","Sant Martí","73","la Verneda i la Pau","124","Híbrid",47
2025,"10","Sant Martí","73","la Verneda i la Pau","124","Altres",3
2025,"10","Sant Martí","73","la Verneda i la Pau","125","Combustió Interna-Gasolina",294
2025,"10","Sant Martí","73","la Verneda i la Pau","125","Combustió Interna-Gasoil",140
2025,"10","Sant Martí","73","la Verneda i la Pau","125","Elèctrica",1
2025,"10","Sant Martí","73","la Verneda i la Pau","125","Híbrid",45
2025,"10","Sant Martí","73","la Verneda i la Pau","125","Altres",7
2025,"10","Sant Martí","73","la Verneda i la Pau","125","No consta",1
2025,"10","Sant Martí","73","la Verneda i la Pau","126","Combustió Interna-Gasolina",306
2025,"10","Sant Martí","73","la Verneda i la Pau","126","Combustió Interna-Gasoil",149
2025,"10","Sant Martí","73","la Verneda i la Pau","126","Elèctrica",3
2025,"10","Sant Martí","73","la Verneda i la Pau","126","Híbrid",41
2025,"10","Sant Martí","73","la Verneda i la Pau","126","Altres",5
2025,"10","Sant Martí","73","la Verneda i la Pau","127","Combustió Interna-Gasolina",288
2025,"10","Sant Martí","73","la Verneda i la Pau","127","Combustió Interna-Gasoil",132
2025,"10","Sant Martí","73","la Verneda i la Pau","127","Elèctrica",1
2025,"10","Sant Martí","73","la Verneda i la Pau","127","Híbrid",46
2025,"10","Sant Martí","73","la Verneda i la Pau","127","Altres",5
2025,"10","Sant Martí","73","la Verneda i la Pau","128","Combustió Interna-Gasolina",480
2025,"10","Sant Martí","73","la Verneda i la Pau","128","Combustió Interna-Gasoil",228
2025,"10","Sant Martí","73","la Verneda i la Pau","128","Híbrid",54
2025,"10","Sant Martí","73","la Verneda i la Pau","128","Altres",7
2025,"10","Sant Martí","73","la Verneda i la Pau","129","Combustió Interna-Gasolina",357
2025,"10","Sant Martí","73","la Verneda i la Pau","129","Combustió Interna-Gasoil",202
2025,"10","Sant Martí","73","la Verneda i la Pau","129","Elèctrica",4
2025,"10","Sant Martí","73","la Verneda i la Pau","129","Híbrid",51
2025,"10","Sant Martí","73","la Verneda i la Pau","129","Altres",14
2025,"10","Sant Martí","73","la Verneda i la Pau","130","Combustió Interna-Gasolina",326
2025,"10","Sant Martí","73","la Verneda i la Pau","130","Combustió Interna-Gasoil",153
2025,"10","Sant Martí","73","la Verneda i la Pau","130","Elèctrica",7
2025,"10","Sant Martí","73","la Verneda i la Pau","130","Híbrid",36
2025,"10","Sant Martí","73","la Verneda i la Pau","130","Altres",14
2025,"10","Sant Martí","73","la Verneda i la Pau","131","Combustió Interna-Gasolina",377
2025,"10","Sant Martí","73","la Verneda i la Pau","131","Combustió Interna-Gasoil",149
2025,"10","Sant Martí","73","la Verneda i la Pau","131","Elèctrica",6
2025,"10","Sant Martí","73","la Verneda i la Pau","131","Híbrid",45
2025,"10","Sant Martí","73","la Verneda i la Pau","131","Altres",8
2025,"10","Sant Martí","73","la Verneda i la Pau","132","Combustió Interna-Gasolina",342
2025,"10","Sant Martí","73","la Verneda i la Pau","132","Combustió Interna-Gasoil",167
2025,"10","Sant Martí","73","la Verneda i la Pau","132","Elèctrica",1
2025,"10","Sant Martí","73","la Verneda i la Pau","132","Híbrid",37
2025,"10","Sant Martí","73","la Verneda i la Pau","132","Altres",6
2025,"10","Sant Martí","73","la Verneda i la Pau","133","Combustió Interna-Gasolina",444
2025,"10","Sant Martí","73","la Verneda i la Pau","133","Combustió Interna-Gasoil",259
2025,"10","Sant Martí","73","la Verneda i la Pau","133","Elèctrica",1
2025,"10","Sant Martí","73","la Verneda i la Pau","133","Híbrid",48
2025,"10","Sant Martí","73","la Verneda i la Pau","133","Altres",17
2025,"10","Sant Martí","73","la Verneda i la Pau","134","Combustió Interna-Gasolina",391
2025,"10","Sant Martí","73","la Verneda i la Pau","134","Combustió Interna-Gasoil",164
2025,"10","Sant Martí","73","la Verneda i la Pau","134","Elèctrica",2
2025,"10","Sant Martí","73","la Verneda i la Pau","134","Híbrid",40
2025,"10","Sant Martí","73","la Verneda i la Pau","134","Altres",11
2025,"10","Sant Martí","73","la Verneda i la Pau","135","Combustió Interna-Gasolina",383
2025,"10","Sant Martí","73","la Verneda i la Pau","135","Combustió Interna-Gasoil",209
2025,"10","Sant Martí","73","la Verneda i la Pau","135","Elèctrica",6
2025,"10","Sant Martí","73","la Verneda i la Pau","135","Híbrid",43
2025,"10","Sant Martí","73","la Verneda i la Pau","135","Altres",14
2025,"10","Sant Martí","73","la Verneda i la Pau","136","Combustió Interna-Gasolina",330
2025,"10","Sant Martí","73","la Verneda i la Pau","136","Combustió Interna-Gasoil",173
2025,"10","Sant Martí","73","la Verneda i la Pau","136","Elèctrica",4
2025,"10","Sant Martí","73","la Verneda i la Pau","136","Híbrid",50
2025,"10","Sant Martí","73","la Verneda i la Pau","136","Altres",10
2025,"10","Sant Martí","73","la Verneda i la Pau","137","Combustió Interna-Gasolina",495
2025,"10","Sant Martí","73","la Verneda i la Pau","137","Combustió Interna-Gasoil",475
2025,"10","Sant Martí","73","la Verneda i la Pau","137","Elèctrica",14
2025,"10","Sant Martí","73","la Verneda i la Pau","137","Híbrid",58
2025,"10","Sant Martí","73","la Verneda i la Pau","137","Altres",40
2025,"10","Sant Martí","73","la Verneda i la Pau","138","Combustió Interna-Gasolina",480
2025,"10","Sant Martí","73","la Verneda i la Pau","138","Combustió Interna-Gasoil",248
2025,"10","Sant Martí","73","la Verneda i la Pau","138","Elèctrica",21
2025,"10","Sant Martí","73","la Verneda i la Pau","138","Híbrid",215
2025,"10","Sant Martí","73","la Verneda i la Pau","138","Altres",17
2025,"10","Sant Martí","73","la Verneda i la Pau","139","Combustió Interna-Gasolina",373
2025,"10","Sant Martí","73","la Verneda i la Pau","139","Combustió Interna-Gasoil",192
2025,"10","Sant Martí","73","la Verneda i la Pau","139","Elèctrica",3
2025,"10","Sant Martí","73","la Verneda i la Pau","139","Híbrid",47
2025,"10","Sant Martí","73","la Verneda i la Pau","139","Altres",12
2025,"10","Sant Martí","73","la Verneda i la Pau","140","Combustió Interna-Gasolina",368
2025,"10","Sant Martí","73","la Verneda i la Pau","140","Combustió Interna-Gasoil",172
2025,"10","Sant Martí","73","la Verneda i la Pau","140","Elèctrica",5
2025,"10","Sant Martí","73","la Verneda i la Pau","140","Híbrid",45
2025,"10","Sant Martí","73","la Verneda i la Pau","140","Altres",4
2025,"10","Sant Martí","73","la Verneda i la Pau","141","Combustió Interna-Gasolina",300
2025,"10","Sant Martí","73","la Verneda i la Pau","141","Combustió Interna-Gasoil",106
2025,"10","Sant Martí","73","la Verneda i la Pau","141","Elèctrica",3
2025,"10","Sant Martí","73","la Verneda i la Pau","141","Híbrid",36
2025,"10","Sant Martí","73","la Verneda i la Pau","141","Altres",8
2025,"10","Sant Martí","73","la Verneda i la Pau","142","Combustió Interna-Gasolina",346
2025,"10","Sant Martí","73","la Verneda i la Pau","142","Combustió Interna-Gasoil",226
2025,"10","Sant Martí","73","la Verneda i la Pau","142","Elèctrica",1
2025,"10","Sant Martí","73","la Verneda i la Pau","142","Híbrid",42
2025,"10","Sant Martí","73","la Verneda i la Pau","142","Altres",7
2025,"10","Sant Martí","73","la Verneda i la Pau","142","No consta",5
2025,"10","Sant Martí","73","la Verneda i la Pau","143","Combustió Interna-Gasolina",488
2025,"10","Sant Martí","73","la Verneda i la Pau","143","Combustió Interna-Gasoil",229
2025,"10","Sant Martí","73","la Verneda i la Pau","143","Elèctrica",3
2025,"10","Sant Martí","73","la Verneda i la Pau","143","Híbrid",48
2025,"10","Sant Martí","73","la Verneda i la Pau","143","Altres",12
2025,"NC","No consta","NC","No consta","NC","Combustió Interna-Gasolina",5
2025,"NC","No consta","NC","No consta","NC","Combustió Interna-Gasoil",2
2025,"NC","No consta","NC","No consta","NC","Altres",1
